account_id,amount,location,transaction_type,time_of_day,distance_from_home,is_fraud
655,3500.14,Delhi,Online,13,3.09,0
105,3953.07,Hyderabad,Online,19,86.15,0
96,1307.54,Hyderabad,POS,6,1.71,0
734,6747.64,Hyderabad,ATM,13,48.37,0
285,601.58,Chennai,Online,19,37.13,0
160,619.75,Delhi,Online,8,13.29,0
368,2735.89,Hyderabad,ATM,7,85.66,0
550,3184.75,Bangalore,Online,23,18.11,0
644,1048.49,Delhi,POS,12,25.71,0
47,734.07,Delhi,Online,13,60.62,0
390,6406.95,Delhi,Online,17,1.29,0
687,2212.58,Chennai,POS,11,61.24,0
251,376.85,Bangalore,ATM,23,15.55,0
333,1462.98,Chennai,Online,7,28.78,0
411,208.08,Mumbai,POS,16,4.58,0
512,204.88,Bangalore,Online,14,102.61,0
763,1969.51,Delhi,POS,19,42.89,0
409,4477.63,Mumbai,POS,21,51.04,0
49,2636.59,Mumbai,POS,11,87.98,0
433,1994.56,Bangalore,ATM,20,19.84,0
995,4225.4,Chennai,POS,9,18.57,0
550,1663.06,Delhi,Online,15,5.06,0
465,2445.57,Delhi,POS,11,25.99,0
109,628.08,Delhi,POS,22,62.86,0
157,3040.85,Mumbai,POS,22,78.15,0
614,2982.25,Chennai,Online,17,9.25,0
852,40.77,Mumbai,Online,13,40.58,0
970,5103.0,Bangalore,Online,23,56.56,0
132,527.65,Hyderabad,Online,14,5.46,0
622,3003.79,Mumbai,POS,12,58.78,0
409,48236.0,Delhi,POS,14,460.0,1
254,572.48,Delhi,Online,23,0.72,0
226,1329.0,Chennai,Online,8,49.81,0
881,4447.58,Hyderabad,Online,14,77.81,0
220,1793.97,Hyderabad,POS,21,60.18,0
485,3094.91,Mumbai,Online,9,22.26,0
363,3094.19,Bangalore,POS,7,86.9,0
662,1902.52,Bangalore,POS,16,88.23,0
112,5869.24,Mumbai,POS,20,51.1,0
188,2271.14,Mumbai,Online,20,4.95,0
877,2285.28,Chennai,POS,23,89.38,0
993,1350.98,Mumbai,Online,19,27.86,0
219,6443.68,Chennai,Online,18,15.91,1
400,435.48,Bangalore,ATM,19,15.09,0
749,57688.0,Delhi,Online,22,249.0,1
223,53766.0,Delhi,ATM,1,382.0,1
599,4756.21,Hyderabad,Online,7,26.44,0
83,420.72,Chennai,POS,8,35.66,0
241,2301.23,Hyderabad,Online,7,58.43,0
430,116.16,Hyderabad,POS,16,6.38,0
210,833.68,Delhi,Online,14,63.18,0
688,2898.36,Bangalore,ATM,8,23.05,1
637,27400.0,Hyderabad,ATM,6,387.0,1
358,2025.34,Mumbai,ATM,15,1.73,0
854,2256.11,Delhi,POS,22,11.03,1
837,981.86,Chennai,Online,14,30.11,0
110,1526.14,Mumbai,ATM,15,30.2,0
735,7668.56,Delhi,POS,21,18.73,0
930,2782.65,Chennai,POS,19,6.28,0
46,3766.31,Mumbai,POS,14,8.67,0
453,2190.69,Bangalore,POS,6,133.16,0
968,1432.92,Mumbai,POS,7,25.08,0
597,1905.86,Bangalore,Online,7,48.43,0
921,36724.0,Mumbai,POS,21,303.0,1
799,5438.47,Bangalore,POS,10,47.6,0
243,4383.1,Mumbai,ATM,6,35.47,0
947,6218.38,Bangalore,POS,13,60.09,0
807,3770.57,Bangalore,Online,21,119.52,0
837,25000.0,Chennai,POS,2,14.0,1
337,981.61,Chennai,ATM,17,18.31,0
410,2308.95,Hyderabad,ATM,6,15.17,0
994,2661.99,Hyderabad,ATM,7,13.43,0
445,1196.91,Delhi,ATM,22,33.68,0
922,768.27,Delhi,Online,19,87.5,1
948,359.76,Mumbai,ATM,19,6.1,0
681,46286.0,Delhi,Online,21,434.0,1
308,4450.55,Bangalore,ATM,18,51.54,0
568,2692.38,Bangalore,POS,18,75.36,0
925,2832.45,Hyderabad,ATM,18,19.23,0
1,2789.65,Mumbai,ATM,16,49.09,0
453,1720.85,Hyderabad,ATM,11,56.02,0
291,3575.82,Hyderabad,ATM,8,24.85,0
770,2761.48,Delhi,Online,12,27.32,0
48,50.07,Bangalore,POS,8,21.61,0
908,2889.22,Mumbai,POS,18,25.72,0
250,7607.32,Chennai,Online,19,33.69,0
824,51222.0,Delhi,Online,1,285.0,1
125,1583.91,Bangalore,POS,22,42.83,0
610,934.05,Bangalore,POS,22,49.35,0
929,5485.79,Mumbai,POS,21,31.03,0
770,4900.13,Delhi,POS,21,30.64,0
282,4476.18,Delhi,Online,14,104.84,0
915,1273.84,Mumbai,Online,13,27.69,0
157,678.54,Chennai,ATM,19,30.79,0
478,1778.69,Mumbai,ATM,18,27.06,0
599,43864.0,Chennai,ATM,15,347.0,1
400,2840.07,Bangalore,POS,23,51.36,0
920,2049.01,Mumbai,ATM,19,82.68,0
399,1216.03,Bangalore,POS,11,146.01,0
942,3887.0,Hyderabad,POS,6,32.86,0
607,1222.68,Chennai,Online,19,34.12,0
473,1339.61,Delhi,ATM,16,45.7,0
335,3429.71,Bangalore,ATM,19,6.36,0
84,550.38,Hyderabad,Online,17,65.74,0
71,670.46,Chennai,Online,13,52.82,0
21,2652.28,Mumbai,Online,21,52.29,0
578,37920.0,Delhi,Online,3,49.0,1
987,2529.54,Chennai,Online,15,29.27,0
27,58195.0,Delhi,POS,12,203.0,1
607,661.57,Mumbai,Online,15,17.69,0
615,2184.63,Hyderabad,Online,17,47.15,0
678,3083.36,Hyderabad,POS,16,38.04,0
431,5259.15,Chennai,ATM,17,62.69,0
849,2143.01,Mumbai,ATM,11,36.89,0
989,3555.11,Hyderabad,POS,21,35.69,0
846,3555.14,Delhi,ATM,13,202.64,0
89,3722.67,Bangalore,Online,20,66.78,0
685,4872.01,Chennai,ATM,16,42.57,0
218,1064.19,Delhi,ATM,14,47.95,0
719,328.48,Hyderabad,Online,22,1.84,0
88,553.91,Bangalore,ATM,23,14.09,0
708,8953.98,Bangalore,ATM,6,83.36,0
227,4068.78,Mumbai,ATM,17,70.64,0
544,594.2,Hyderabad,ATM,17,64.45,0
278,2202.84,Mumbai,Online,12,43.89,0
761,155.91,Mumbai,Online,12,43.98,0
284,201.1,Hyderabad,POS,15,20.82,0
853,2146.72,Mumbai,ATM,11,22.58,0
726,8441.83,Delhi,Online,7,41.7,0
715,52085.0,Delhi,Online,3,446.0,1
481,4085.43,Delhi,Online,7,19.32,0
883,24.64,Chennai,ATM,21,52.62,0
645,387.56,Mumbai,Online,15,4.26,0
255,3524.96,Bangalore,POS,13,53.29,0
390,1610.89,Bangalore,ATM,19,6.73,0
636,585.16,Chennai,Online,12,22.67,0
84,7306.36,Mumbai,POS,8,30.25,0
419,1792.65,Hyderabad,ATM,15,55.89,0
296,8376.47,Bangalore,Online,13,61.62,0
807,2568.11,Hyderabad,POS,12,14.21,0
558,5810.73,Mumbai,ATM,10,25.38,0
170,3341.46,Hyderabad,POS,15,48.73,0
480,790.79,Bangalore,ATM,22,7.02,0
449,7733.8,Chennai,ATM,16,41.22,0
27,1252.3,Hyderabad,POS,6,52.39,0
689,6907.23,Hyderabad,Online,11,61.51,0
668,689.87,Delhi,Online,19,16.54,0
504,26401.0,Delhi,POS,4,21.0,1
165,6333.82,Bangalore,ATM,18,61.79,0
564,5499.49,Chennai,ATM,14,10.51,0
994,954.53,Hyderabad,Online,23,33.11,0
56,2607.18,Delhi,POS,21,20.01,0
779,2219.41,Delhi,POS,10,9.27,0
449,2350.55,Bangalore,Online,6,43.11,0
624,6768.05,Mumbai,ATM,23,51.89,0
418,8409.1,Chennai,ATM,9,87.6,0
158,1554.64,Delhi,POS,14,39.42,0
495,39967.0,Bangalore,Online,4,391.0,1
521,2852.98,Mumbai,Online,14,21.13,0
875,1385.63,Hyderabad,ATM,6,14.65,0
306,241.91,Hyderabad,POS,21,52.48,0
458,3081.05,Delhi,ATM,23,24.65,0
387,4708.8,Delhi,Online,13,25.36,0
240,4448.59,Bangalore,Online,16,41.48,0
723,27651.0,Chennai,Online,2,31.0,1
605,496.99,Chennai,ATM,9,18.01,0
468,4251.88,Mumbai,ATM,10,40.52,0
801,35422.0,Chennai,ATM,4,41.0,1
880,1947.3,Delhi,POS,21,15.87,0
37,5842.99,Mumbai,POS,15,19.58,0
765,3651.29,Chennai,POS,9,0.11,0
711,1356.96,Chennai,Online,16,64.94,0
301,4486.25,Bangalore,Online,13,50.68,0
580,5926.44,Mumbai,Online,11,11.05,0
892,4055.86,Mumbai,ATM,10,5.51,0
654,2982.5,Delhi,POS,6,3.49,0
477,53910.0,Delhi,ATM,5,37.0,1
602,2300.99,Bangalore,POS,14,39.76,0
310,464.66,Bangalore,ATM,9,114.62,0
586,1028.05,Delhi,POS,15,50.71,0
850,5484.33,Delhi,Online,7,49.58,0
764,3882.36,Delhi,Online,17,41.42,0
195,1973.26,Mumbai,POS,9,34.86,0
662,2237.41,Bangalore,Online,17,23.86,0
93,39493.0,Mumbai,Online,4,11.0,1
898,52442.0,Delhi,Online,8,425.0,1
845,39463.0,Bangalore,Online,3,7.0,1
990,4935.36,Bangalore,POS,17,2.65,0
405,486.49,Hyderabad,Online,20,6.07,0
767,3248.79,Hyderabad,ATM,17,18.19,0
240,476.66,Hyderabad,POS,16,22.18,0
227,2744.9,Bangalore,POS,15,15.35,0
120,596.89,Chennai,ATM,21,21.6,0
241,2354.25,Mumbai,ATM,20,60.37,0
973,165.33,Hyderabad,ATM,10,0.67,0
671,2942.72,Bangalore,POS,19,83.77,0
287,4582.98,Delhi,Online,20,2.0,0
242,1952.95,Chennai,POS,17,40.13,0
661,1954.46,Bangalore,ATM,12,4.43,0
972,2978.16,Bangalore,Online,12,31.36,0
612,35928.0,Hyderabad,Online,4,312.0,1
784,3568.04,Hyderabad,Online,13,86.64,0
152,1683.72,Hyderabad,Online,14,30.09,0
149,44213.0,Delhi,POS,5,56.0,1
135,4080.43,Mumbai,POS,16,10.06,0
272,2682.28,Bangalore,POS,9,10.63,0
488,2303.03,Delhi,POS,9,28.65,0
227,48830.0,Hyderabad,ATM,21,450.0,1
988,2083.53,Bangalore,ATM,19,34.9,0
503,6363.43,Bangalore,Online,8,57.96,0
152,8469.55,Delhi,POS,23,28.37,0
391,45663.0,Delhi,POS,14,258.0,1
813,4626.96,Hyderabad,POS,12,19.17,0
910,8579.41,Delhi,ATM,18,30.41,0
98,529.17,Delhi,POS,14,19.97,0
157,4381.69,Bangalore,Online,8,16.29,0
96,287.4,Delhi,Online,23,17.52,0
980,3035.27,Delhi,POS,9,103.81,0
895,4861.27,Bangalore,POS,7,18.85,0
615,705.24,Chennai,POS,22,34.6,0
673,1970.7,Chennai,ATM,23,101.57,0
781,5548.32,Mumbai,ATM,23,13.46,0
839,3149.4,Hyderabad,Online,14,77.69,0
280,1666.38,Delhi,ATM,17,71.89,1
891,2793.28,Bangalore,Online,10,19.97,0
996,2025.73,Hyderabad,Online,18,12.35,0
350,659.8,Delhi,POS,16,41.14,0
582,1212.86,Chennai,Online,11,2.88,0
51,2370.89,Delhi,ATM,19,35.72,0
453,4144.84,Mumbai,POS,9,46.23,0
114,2612.34,Hyderabad,ATM,22,73.88,0
47,3006.94,Hyderabad,Online,6,27.42,0
969,6663.46,Mumbai,ATM,15,15.78,0
8,5547.89,Bangalore,Online,10,13.38,0
721,8192.24,Hyderabad,POS,17,97.77,0
883,1263.11,Bangalore,Online,20,58.58,0
883,3946.13,Bangalore,POS,18,78.43,0
428,904.77,Bangalore,Online,16,44.3,0
971,5185.27,Delhi,Online,19,77.94,0
250,1559.78,Bangalore,POS,8,91.96,0
318,1201.78,Mumbai,ATM,11,45.88,0
649,6517.07,Hyderabad,Online,17,13.7,0
982,6895.85,Mumbai,Online,9,59.01,0
203,3120.15,Mumbai,POS,8,7.22,0
792,3162.2,Bangalore,POS,20,8.37,0
904,4212.33,Hyderabad,ATM,16,5.54,0
70,1923.41,Delhi,ATM,7,43.48,0
76,3109.79,Bangalore,Online,7,36.99,0
294,468.4,Chennai,POS,22,42.96,0
595,1821.96,Chennai,ATM,12,57.76,0
488,967.18,Chennai,ATM,9,35.2,0
858,419.23,Chennai,POS,11,29.64,0
725,1688.91,Bangalore,POS,22,41.76,0
373,349.05,Delhi,ATM,19,49.89,0
696,7904.18,Delhi,Online,16,11.76,0
695,109.18,Delhi,POS,10,20.7,0
597,1673.02,Delhi,ATM,18,1.05,0
726,33314.0,Delhi,Online,4,41.0,1
849,53248.0,Delhi,POS,2,330.0,1
371,3852.5,Delhi,Online,12,47.88,0
785,418.5,Mumbai,Online,10,18.79,0
865,1184.84,Hyderabad,POS,22,105.1,0
345,2555.57,Hyderabad,Online,18,78.34,0
186,6944.9,Hyderabad,Online,20,2.45,0
374,3739.67,Mumbai,ATM,15,25.56,0
803,11246.64,Hyderabad,Online,15,65.98,0
804,1626.25,Mumbai,ATM,20,37.78,0
289,2829.34,Hyderabad,POS,19,20.17,0
837,279.05,Hyderabad,Online,14,61.11,0
493,70.28,Hyderabad,Online,22,44.08,0
292,7071.42,Mumbai,ATM,20,54.08,0
151,1986.08,Chennai,Online,20,84.0,0
953,2242.1,Chennai,ATM,22,33.06,0
396,22357.0,Chennai,POS,1,20.0,1
811,6579.37,Chennai,ATM,21,36.95,0
143,1121.74,Bangalore,ATM,6,0.48,0
20,636.85,Mumbai,POS,22,59.14,0
795,4788.53,Delhi,Online,7,105.47,0
655,2205.7,Bangalore,Online,9,38.15,0
512,58.07,Chennai,POS,22,14.36,0
736,232.82,Bangalore,Online,17,33.2,0
427,2155.56,Chennai,POS,17,31.55,0
539,2821.37,Hyderabad,POS,6,7.49,0
482,1293.16,Bangalore,ATM,14,35.38,0
366,279.69,Delhi,Online,9,47.77,0
753,3512.75,Mumbai,Online,17,38.88,0
834,2308.0,Bangalore,POS,21,47.57,0
831,3018.22,Bangalore,Online,15,37.17,0
811,22.13,Chennai,ATM,15,38.53,0
835,299.78,Delhi,Online,12,80.24,0
883,2892.63,Delhi,ATM,9,12.4,0
448,2789.17,Bangalore,ATM,16,35.22,0
509,3925.78,Delhi,POS,14,73.08,0
745,1811.76,Bangalore,POS,11,50.55,0
329,54.49,Delhi,POS,15,12.37,0
618,591.24,Mumbai,POS,20,9.23,0
44,5028.88,Delhi,POS,19,18.84,0
811,46993.0,Delhi,POS,12,413.0,1
696,4517.08,Chennai,Online,20,46.49,0
69,3599.41,Delhi,ATM,18,82.08,0
34,5424.93,Bangalore,ATM,17,29.84,0
79,3741.22,Hyderabad,ATM,18,0.15,0
286,3123.44,Chennai,Online,11,20.2,0
397,33577.0,Bangalore,Online,8,448.0,1
293,2269.77,Bangalore,Online,9,2.22,0
76,5513.35,Bangalore,Online,16,22.72,0
727,3022.81,Hyderabad,ATM,15,10.59,0
729,547.18,Mumbai,ATM,22,11.63,0
206,3193.36,Mumbai,ATM,6,11.05,0
587,2879.32,Hyderabad,Online,8,113.77,0
408,51684.0,Delhi,ATM,16,210.0,1
76,4623.37,Delhi,POS,8,6.3,0
697,5613.64,Mumbai,POS,11,10.4,0
133,4124.37,Chennai,Online,22,40.4,0
169,3622.38,Mumbai,ATM,22,7.58,0
867,2065.26,Mumbai,POS,23,93.82,0
641,2990.78,Hyderabad,Online,22,0.96,0
607,30609.0,Hyderabad,ATM,19,418.0,1
578,4498.22,Chennai,Online,7,100.56,0
790,2716.84,Mumbai,POS,19,48.54,0
32,2445.76,Hyderabad,ATM,15,67.19,0
825,3025.49,Bangalore,ATM,20,10.76,0
62,3908.35,Bangalore,ATM,20,123.53,0
622,2555.6,Delhi,POS,17,22.41,0
134,631.92,Hyderabad,POS,9,32.49,0
478,4501.01,Bangalore,Online,10,32.8,0
298,49701.0,Delhi,Online,7,492.0,1
957,2224.7,Delhi,Online,11,13.88,0
528,3446.94,Delhi,ATM,6,26.68,0
403,5122.62,Mumbai,Online,17,15.5,0
289,1200.38,Bangalore,ATM,23,38.94,1
111,677.12,Delhi,POS,17,28.87,0
375,4280.97,Chennai,POS,23,36.11,0
567,4618.82,Bangalore,POS,20,77.78,0
287,3250.3,Hyderabad,POS,9,103.84,0
100,331.37,Delhi,POS,17,52.23,0
204,3346.16,Bangalore,POS,7,84.8,0
141,3973.1,Bangalore,POS,20,7.22,0
915,2849.91,Delhi,POS,16,46.27,0
632,9347.26,Delhi,POS,16,16.46,0
522,2338.18,Hyderabad,ATM,21,46.29,0
378,3453.03,Chennai,ATM,15,21.19,0
743,381.42,Chennai,POS,21,33.57,0
672,7656.07,Hyderabad,POS,13,77.27,0
598,6789.56,Hyderabad,POS,18,15.56,0
698,978.81,Hyderabad,POS,9,3.71,0
452,2177.17,Mumbai,ATM,12,64.71,0
794,3087.39,Bangalore,POS,7,86.48,0
532,1535.98,Delhi,POS,21,11.34,0
322,32469.0,Delhi,POS,3,34.0,1
739,1046.31,Delhi,POS,21,72.74,0
253,4479.51,Delhi,Online,15,13.67,0
722,1879.88,Bangalore,ATM,21,54.75,0
957,44960.0,Delhi,POS,9,62.0,1
389,1002.65,Bangalore,ATM,10,93.45,0
295,36349.0,Delhi,POS,14,486.0,1
207,1231.23,Delhi,POS,14,65.16,0
631,1272.77,Mumbai,Online,7,3.64,0
544,6100.66,Mumbai,Online,9,7.29,0
735,1317.2,Mumbai,Online,23,44.81,0
162,7556.87,Bangalore,ATM,12,66.33,0
295,1203.33,Chennai,Online,13,45.33,0
741,9730.08,Chennai,Online,19,12.96,0
181,38008.0,Mumbai,POS,15,451.0,1
949,2051.79,Chennai,Online,15,8.79,0
110,24324.0,Hyderabad,POS,4,41.0,1
962,2604.25,Hyderabad,ATM,14,2.78,0
116,289.01,Bangalore,POS,14,17.34,0
15,1911.74,Delhi,POS,12,17.17,0
877,148.54,Bangalore,ATM,22,15.32,0
411,1245.07,Mumbai,Online,21,85.2,0
255,5962.91,Bangalore,Online,20,64.58,0
977,5748.26,Hyderabad,POS,6,93.67,0
369,981.94,Chennai,POS,9,8.57,0
164,2232.54,Hyderabad,POS,15,28.89,0
655,27043.0,Mumbai,Online,5,14.0,1
466,1341.73,Hyderabad,ATM,19,97.61,0
935,4817.04,Hyderabad,POS,12,73.58,0
697,4175.02,Chennai,POS,20,46.45,0
371,436.44,Hyderabad,Online,7,34.47,0
925,1676.38,Hyderabad,POS,10,45.65,0
875,1289.02,Chennai,POS,12,8.74,0
501,4142.88,Hyderabad,ATM,7,32.21,0
526,927.1,Hyderabad,Online,23,67.97,0
827,1253.19,Chennai,ATM,14,40.8,0
764,3789.3,Chennai,Online,19,5.48,0
66,2988.4,Chennai,Online,21,52.56,0
419,4782.08,Mumbai,POS,19,0.75,0
913,441.83,Bangalore,ATM,8,62.45,0
678,123.03,Mumbai,POS,17,60.42,0
551,2679.89,Mumbai,POS,13,40.3,0
775,1851.29,Delhi,ATM,23,97.74,0
389,4255.79,Mumbai,ATM,17,94.82,0
194,39697.0,Delhi,POS,1,414.0,1
785,32886.0,Chennai,POS,2,302.0,1
613,2643.05,Chennai,Online,7,5.16,0
240,375.24,Chennai,Online,22,29.96,0
240,1897.1,Hyderabad,ATM,16,65.17,0
898,2352.68,Hyderabad,Online,19,17.52,0
63,919.16,Hyderabad,POS,11,7.15,0
438,2933.41,Chennai,ATM,18,75.51,0
327,2054.56,Bangalore,Online,15,47.16,0
773,2522.6,Mumbai,Online,15,0.8,0
148,2065.3,Chennai,POS,19,27.38,0
571,390.72,Bangalore,Online,14,28.92,0
663,2597.54,Bangalore,ATM,8,38.92,0
850,3234.76,Delhi,ATM,7,75.13,0
193,5097.47,Hyderabad,POS,23,33.63,0
214,2778.09,Delhi,ATM,6,59.13,0
195,49473.0,Mumbai,POS,15,443.0,1
210,7006.42,Mumbai,POS,16,60.72,0
390,3532.62,Delhi,ATM,14,53.98,0
904,135.54,Chennai,POS,21,11.3,0
328,25253.0,Hyderabad,Online,4,2.0,1
17,3562.98,Hyderabad,POS,19,26.29,0
201,2570.3,Bangalore,POS,13,27.77,0
671,23432.0,Bangalore,ATM,4,46.0,1
815,175.45,Mumbai,POS,23,60.33,0
939,779.7,Chennai,POS,7,57.58,0
77,37589.0,Delhi,Online,0,211.0,1
237,937.62,Mumbai,Online,12,62.68,0
383,858.2,Hyderabad,ATM,21,141.62,0
545,3489.95,Chennai,Online,22,19.24,0
549,41456.0,Bangalore,Online,22,458.0,1
99,585.07,Mumbai,Online,22,45.02,0
363,283.09,Bangalore,Online,17,16.1,0
471,9690.25,Mumbai,ATM,8,5.2,0
879,5457.82,Chennai,Online,18,25.16,0
566,1905.03,Chennai,POS,11,98.54,0
866,129.1,Delhi,POS,9,100.62,0
942,4133.26,Mumbai,POS,21,18.12,0
947,3907.22,Delhi,POS,7,58.63,0
871,3875.43,Mumbai,POS,10,68.51,0
730,191.41,Chennai,ATM,11,2.38,0
581,1786.7,Bangalore,POS,23,41.03,0
774,2543.1,Chennai,POS,17,56.77,0
448,3150.59,Chennai,ATM,18,40.53,0
335,3689.37,Delhi,ATM,21,64.04,0
567,21086.0,Bangalore,Online,5,42.0,1
303,4511.77,Chennai,Online,14,32.96,0
729,1799.5,Mumbai,POS,18,73.05,0
110,3298.85,Delhi,ATM,17,20.38,0
105,2824.74,Mumbai,ATM,20,53.84,0
525,1253.17,Chennai,Online,17,62.66,0
612,1891.33,Delhi,ATM,6,44.08,0
398,2094.96,Hyderabad,Online,22,11.49,0
390,4824.85,Delhi,ATM,14,15.8,0
65,2298.36,Delhi,ATM,15,13.11,0
79,706.51,Mumbai,POS,21,5.46,0
201,2676.4,Mumbai,ATM,6,13.94,0
341,5777.27,Bangalore,ATM,20,34.73,0
836,1449.39,Hyderabad,Online,15,11.99,0
971,6350.93,Bangalore,ATM,11,19.83,0
992,5105.53,Bangalore,POS,13,64.28,0
288,2811.15,Bangalore,ATM,9,54.48,0
205,2256.85,Hyderabad,Online,23,63.27,0
745,458.13,Mumbai,ATM,15,80.47,0
71,8906.69,Bangalore,POS,21,8.14,0
311,673.49,Mumbai,POS,19,82.67,0
76,6748.72,Hyderabad,ATM,18,16.14,0
946,49706.0,Delhi,ATM,17,18.0,1
832,749.44,Chennai,Online,13,4.09,0
364,2043.35,Hyderabad,Online,18,35.93,0
340,18471.0,Delhi,Online,1,6.0,1
532,1022.42,Hyderabad,Online,20,28.39,0
475,1905.95,Hyderabad,POS,22,21.71,0
26,6661.5,Delhi,ATM,8,39.92,0
964,4962.97,Delhi,ATM,16,0.7,0
212,1861.61,Delhi,ATM,9,43.74,0
714,1378.17,Chennai,ATM,7,29.12,0
118,2509.36,Delhi,POS,9,34.62,0
169,43992.0,Delhi,POS,16,89.0,1
574,2877.51,Bangalore,Online,18,132.77,0
191,96.78,Bangalore,ATM,6,16.55,0
905,140.58,Hyderabad,ATM,18,17.77,1
220,97.84,Chennai,POS,9,69.45,0
550,6271.51,Delhi,Online,20,18.54,0
687,507.07,Hyderabad,POS,16,33.57,0
626,353.33,Chennai,ATM,17,41.65,0
633,2618.77,Delhi,POS,8,65.79,0
321,6652.52,Delhi,Online,11,99.79,0
145,171.63,Bangalore,POS,10,9.39,0
434,2867.6,Hyderabad,POS,11,26.72,0
502,3985.63,Mumbai,ATM,20,110.51,0
887,1479.16,Chennai,ATM,10,29.91,0
394,57399.0,Delhi,POS,15,209.0,1
728,2147.96,Bangalore,Online,8,26.55,0
815,1910.62,Delhi,Online,14,99.73,0
296,457.17,Bangalore,POS,21,21.19,0
116,1960.73,Delhi,POS,17,69.42,0
775,9590.8,Bangalore,POS,12,16.54,0
105,541.68,Mumbai,ATM,7,62.21,0
357,4055.67,Chennai,ATM,9,102.34,0
243,3761.78,Hyderabad,POS,17,7.96,0
625,3781.96,Mumbai,POS,10,65.44,0
834,4471.45,Chennai,POS,17,35.36,0
612,5210.02,Delhi,POS,15,68.46,0
274,58259.0,Delhi,ATM,3,69.0,1
284,6156.48,Mumbai,POS,10,42.44,0
729,1508.65,Mumbai,POS,18,17.34,0
592,5629.53,Bangalore,ATM,20,30.85,0
814,3116.02,Chennai,ATM,22,9.67,0
712,29899.0,Hyderabad,Online,4,20.0,1
868,2096.23,Bangalore,POS,17,73.92,0
815,2583.3,Mumbai,ATM,12,12.32,0
331,2089.57,Delhi,POS,10,47.31,0
497,3946.45,Chennai,Online,9,118.16,0
857,1086.67,Chennai,Online,20,20.96,0
982,2758.15,Mumbai,POS,15,88.87,0
956,1724.11,Chennai,POS,17,23.95,0
381,3833.69,Mumbai,Online,18,19.33,0
744,670.7,Mumbai,ATM,8,19.7,0
2,5230.9,Chennai,Online,13,41.33,0
456,2408.91,Delhi,Online,19,25.01,0
490,5595.14,Bangalore,Online,9,66.16,0
377,333.23,Mumbai,ATM,10,28.86,0
694,6706.57,Hyderabad,POS,6,6.71,0
169,344.4,Mumbai,POS,10,104.06,0
631,2354.04,Mumbai,Online,9,99.94,0
127,3330.04,Bangalore,ATM,19,15.1,0
144,1073.7,Chennai,Online,23,45.42,0
739,2741.4,Chennai,POS,15,18.2,0
622,1850.91,Bangalore,ATM,7,53.62,0
813,27644.0,Bangalore,POS,1,15.0,1
541,3960.6,Chennai,ATM,16,5.04,0
882,7549.91,Bangalore,ATM,23,43.5,0
782,2586.58,Chennai,Online,8,24.6,0
221,1873.24,Chennai,ATM,22,22.17,0
730,1286.29,Bangalore,ATM,18,27.6,0
550,1764.62,Mumbai,ATM,8,82.19,0
524,42576.0,Hyderabad,POS,12,333.0,1
666,1763.55,Chennai,ATM,19,65.86,0
867,3038.18,Mumbai,Online,19,32.84,0
627,3719.3,Delhi,POS,11,32.39,0
725,3938.17,Chennai,Online,21,76.46,0
536,2599.56,Delhi,Online,17,45.45,0
800,1740.79,Chennai,Online,16,82.01,0
279,39.18,Delhi,POS,8,100.05,0
524,1889.53,Bangalore,POS,11,61.54,0
262,2394.31,Hyderabad,POS,9,24.05,0
522,4531.93,Chennai,Online,7,22.63,0
393,26158.0,Bangalore,Online,22,391.0,1
427,23888.0,Delhi,Online,1,36.0,1
924,671.45,Mumbai,POS,7,84.48,0
71,653.08,Delhi,ATM,16,111.19,0
468,2761.71,Mumbai,ATM,15,48.02,0
249,4367.4,Hyderabad,ATM,12,31.27,0
560,910.93,Mumbai,Online,6,7.61,0
25,1999.19,Delhi,POS,6,47.92,0
2,6520.19,Bangalore,POS,15,53.87,0
543,31122.0,Delhi,Online,1,9.0,1
238,1347.11,Hyderabad,ATM,17,11.34,0
766,2635.15,Chennai,POS,10,92.09,0
404,1268.47,Hyderabad,Online,19,24.1,0
134,1014.86,Delhi,ATM,18,4.06,0
754,7403.06,Bangalore,ATM,13,42.04,0
208,296.46,Hyderabad,Online,10,38.63,0
461,6208.07,Bangalore,Online,23,56.23,0
789,2188.89,Delhi,ATM,14,22.35,0
93,4104.67,Delhi,POS,7,29.67,0
878,4695.58,Chennai,POS,13,41.76,0
406,5158.66,Delhi,ATM,11,16.76,0
415,5962.18,Hyderabad,POS,23,19.88,0
474,8235.78,Mumbai,Online,6,24.46,0
800,31492.0,Delhi,POS,12,460.0,1
661,7217.89,Hyderabad,ATM,8,19.9,0
67,55.75,Bangalore,Online,8,14.19,0
850,1048.96,Chennai,Online,20,31.21,0
947,3578.51,Bangalore,ATM,6,18.69,0
437,1936.94,Mumbai,Online,14,117.11,0
905,7192.63,Hyderabad,POS,13,31.82,0
511,2124.01,Hyderabad,ATM,7,16.0,0
393,3850.55,Mumbai,POS,22,41.14,0
822,1237.87,Chennai,ATM,17,73.43,0
801,3207.67,Hyderabad,POS,16,42.36,0
185,560.44,Hyderabad,Online,6,88.7,0
798,1687.3,Bangalore,POS,17,63.22,0
239,33121.0,Delhi,POS,7,418.0,1
940,2683.36,Mumbai,POS,18,62.35,0
860,30770.0,Delhi,POS,18,310.0,1
936,7061.78,Delhi,POS,10,12.94,0
193,5246.04,Bangalore,POS,15,8.07,0
39,1492.12,Mumbai,POS,13,54.18,0
490,3966.97,Hyderabad,Online,10,68.82,0
182,16951.0,Hyderabad,POS,1,9.0,1
793,6439.62,Hyderabad,ATM,8,79.0,0
965,133.31,Hyderabad,Online,16,29.79,0
140,50315.0,Delhi,ATM,20,491.0,1
179,3492.09,Hyderabad,POS,17,23.03,0
604,359.08,Bangalore,ATM,15,23.58,0
747,1933.34,Hyderabad,ATM,7,68.64,0
326,43238.0,Delhi,Online,20,289.0,1
145,3640.8,Chennai,Online,17,8.53,0
172,4325.1,Chennai,POS,16,132.43,0
272,5456.3,Chennai,ATM,14,76.99,0
738,922.68,Bangalore,ATM,19,45.98,0
906,1894.04,Bangalore,ATM,23,68.04,0
849,606.9,Hyderabad,POS,13,27.33,0
76,1869.24,Chennai,ATM,6,33.85,0
975,2240.47,Delhi,Online,18,54.15,0
77,4998.8,Chennai,ATM,21,14.69,0
442,44900.0,Mumbai,Online,13,477.0,1
211,37845.0,Hyderabad,ATM,5,46.0,1
305,2679.75,Chennai,ATM,23,11.41,0
158,6512.28,Chennai,ATM,8,52.51,0
678,964.04,Bangalore,Online,9,7.46,0
175,1045.09,Chennai,ATM,9,113.84,0
408,3155.81,Delhi,Online,23,31.5,0
380,5100.85,Delhi,Online,20,21.94,0
451,1232.87,Mumbai,ATM,7,0.18,0
714,1795.2,Chennai,POS,17,8.14,0
424,43455.0,Delhi,ATM,17,31.0,1
429,51559.0,Delhi,Online,18,451.0,1
81,4192.89,Chennai,POS,22,12.6,0
694,28941.0,Mumbai,Online,14,493.0,1
828,4207.92,Chennai,ATM,8,5.96,0
446,2245.91,Mumbai,POS,14,89.91,0
745,27851.0,Bangalore,POS,17,349.0,1
283,4758.98,Chennai,POS,22,27.32,0
116,5004.03,Mumbai,POS,9,134.81,0
577,8275.12,Delhi,POS,17,3.02,0
271,5334.55,Bangalore,POS,21,42.0,0
283,3848.32,Hyderabad,POS,18,42.67,0
911,138.69,Mumbai,Online,21,105.7,0
919,1437.95,Delhi,ATM,15,20.87,0
504,4620.2,Chennai,Online,10,34.78,0
762,2461.26,Delhi,ATM,19,28.25,0
92,9220.25,Mumbai,ATM,21,7.12,0
889,2613.3,Chennai,POS,11,62.53,0
727,5326.58,Mumbai,POS,6,69.35,0
897,3926.19,Chennai,Online,7,47.15,0
941,6910.29,Mumbai,ATM,17,47.32,0
518,2917.91,Chennai,POS,6,27.71,0
501,1817.58,Mumbai,ATM,23,26.44,0
168,2974.07,Delhi,POS,8,31.1,0
396,6851.13,Hyderabad,Online,13,32.68,0
694,1277.53,Bangalore,POS,6,58.2,0
991,5578.41,Chennai,ATM,10,51.38,0
616,3802.2,Mumbai,ATM,15,45.06,0
727,1117.31,Bangalore,ATM,17,78.79,0
224,1559.83,Hyderabad,POS,18,16.28,0
8,1490.78,Delhi,POS,15,10.78,0
111,1298.83,Delhi,ATM,16,62.0,0
268,6793.52,Delhi,Online,10,32.35,0
247,984.18,Hyderabad,ATM,16,97.67,0
739,93.11,Bangalore,ATM,14,56.15,0
415,6936.05,Chennai,POS,12,60.49,0
731,74.45,Hyderabad,POS,21,122.62,0
688,4955.3,Delhi,Online,23,6.24,0
100,5508.22,Delhi,POS,23,124.55,0
188,36444.0,Delhi,Online,1,14.0,1
315,2178.72,Delhi,ATM,14,72.27,0
475,5077.71,Bangalore,Online,8,131.99,0
200,6162.82,Bangalore,POS,15,38.2,0
892,3794.26,Mumbai,Online,16,52.67,0
584,4286.79,Bangalore,Online,16,24.06,0
185,2322.6,Bangalore,ATM,11,6.87,0
60,271.89,Delhi,Online,11,4.03,0
163,3088.87,Chennai,Online,19,5.08,0
414,975.77,Bangalore,ATM,6,45.18,0
205,2549.68,Chennai,ATM,22,79.6,0
693,4764.95,Mumbai,Online,17,68.53,0
106,978.88,Hyderabad,ATM,11,57.04,0
47,957.46,Delhi,ATM,22,1.23,0
346,3660.16,Mumbai,ATM,21,38.42,0
193,2326.13,Bangalore,Online,13,56.7,0
135,205.9,Chennai,POS,22,25.99,0
376,2788.98,Chennai,ATM,14,32.02,0
639,1951.09,Chennai,POS,9,37.62,0
21,2681.74,Chennai,ATM,20,78.21,0
561,2385.67,Mumbai,Online,6,11.47,0
678,2376.89,Hyderabad,ATM,10,37.16,0
921,2156.58,Hyderabad,Online,15,12.03,0
109,115.98,Hyderabad,Online,14,23.15,0
997,2217.82,Bangalore,ATM,11,97.48,0
509,51750.0,Delhi,Online,10,120.0,1
92,57922.0,Delhi,Online,15,76.0,1
77,1741.59,Chennai,ATM,13,24.65,0
304,165.22,Chennai,Online,11,54.75,0
873,1125.15,Delhi,ATM,9,72.39,0
777,30.47,Chennai,Online,11,23.95,0
916,516.04,Hyderabad,ATM,8,117.26,0
351,1572.8,Bangalore,ATM,20,25.49,0
395,3911.33,Bangalore,ATM,11,30.69,0
713,1454.14,Mumbai,Online,19,3.51,0
495,2141.43,Bangalore,Online,18,2.65,0
627,4901.64,Mumbai,ATM,21,120.53,0
422,337.52,Chennai,ATM,16,58.49,0
890,1745.15,Hyderabad,POS,13,138.99,0
686,421.02,Hyderabad,POS,9,91.96,0
745,7043.1,Delhi,POS,18,17.68,0
847,3716.95,Hyderabad,Online,6,91.42,0
161,872.62,Bangalore,ATM,11,0.18,0
504,264.96,Delhi,ATM,7,40.74,0
564,62.17,Bangalore,Online,8,51.2,0
821,2112.25,Chennai,ATM,20,28.5,0
510,2711.36,Chennai,Online,18,67.79,0
571,3002.64,Chennai,POS,15,51.68,0
576,3991.21,Bangalore,ATM,17,28.7,0
837,5693.01,Bangalore,ATM,23,50.48,0
615,7027.72,Delhi,POS,20,30.95,0
778,125.04,Chennai,ATM,17,7.21,0
988,3684.98,Hyderabad,POS,17,13.8,0
47,3626.27,Bangalore,Online,19,36.03,0
626,2518.08,Chennai,ATM,12,60.69,0
801,1676.32,Delhi,Online,19,35.2,0
649,216.59,Hyderabad,Online,20,71.8,0
604,41345.0,Chennai,POS,16,251.0,1
859,5283.93,Hyderabad,Online,11,40.46,0
132,1286.94,Hyderabad,POS,16,5.82,0
394,5649.29,Hyderabad,POS,13,17.09,0
987,8967.99,Delhi,ATM,10,29.67,0
617,2586.15,Hyderabad,ATM,23,5.46,0
729,2410.62,Hyderabad,POS,12,2.38,0
640,4134.33,Delhi,POS,10,57.84,0
666,41511.0,Delhi,POS,22,388.0,1
361,367.97,Hyderabad,POS,19,56.56,0
916,3518.62,Delhi,ATM,6,35.4,0
26,1320.1,Chennai,POS,7,97.64,0
769,3175.74,Delhi,POS,14,134.65,0
64,1991.79,Delhi,Online,23,51.92,0
834,2255.49,Hyderabad,POS,23,5.06,0
761,4767.23,Bangalore,Online,22,4.51,0
818,2812.18,Chennai,ATM,18,26.08,0
808,33092.0,Delhi,Online,1,0.0,1
800,14.27,Bangalore,Online,17,59.6,0
560,1485.12,Mumbai,POS,12,27.79,0
182,31126.0,Hyderabad,Online,5,496.0,1
439,3619.53,Delhi,Online,11,34.92,0
262,2094.54,Bangalore,POS,10,9.54,0
951,5267.69,Chennai,POS,15,33.73,0
587,1934.92,Chennai,POS,16,50.89,0
980,6180.62,Chennai,POS,11,37.89,0
550,2041.06,Delhi,Online,12,55.59,0
340,1205.34,Mumbai,POS,22,5.26,0
575,181.46,Chennai,Online,17,0.65,0
927,2179.95,Hyderabad,Online,7,36.48,0
329,1798.5,Chennai,ATM,14,34.33,0
290,2203.42,Hyderabad,ATM,22,88.77,0
457,828.01,Delhi,POS,12,2.8,0
85,42628.0,Chennai,Online,0,386.0,1
793,1639.08,Bangalore,Online,12,40.0,0
720,6602.25,Bangalore,POS,8,70.94,0
158,1369.67,Delhi,Online,8,84.54,0
183,2456.0,Hyderabad,Online,13,6.85,0
418,169.79,Bangalore,ATM,16,5.12,0
690,845.47,Chennai,POS,8,18.52,0
600,2491.72,Chennai,ATM,22,10.15,0
806,3320.81,Hyderabad,Online,15,69.53,0
449,4858.66,Chennai,ATM,11,64.24,0
140,5671.76,Hyderabad,ATM,10,56.72,0
909,57231.0,Delhi,Online,11,490.0,1
569,2110.64,Chennai,Online,18,1.24,0
970,1520.34,Mumbai,POS,17,80.1,0
928,3634.39,Hyderabad,Online,11,47.96,0
632,280.47,Mumbai,Online,11,119.55,0
581,371.27,Hyderabad,ATM,23,29.59,0
688,2446.73,Chennai,Online,21,19.17,0
366,1964.07,Mumbai,Online,15,38.96,0
922,2368.74,Bangalore,ATM,16,38.65,0
314,5599.71,Mumbai,POS,17,2.07,0
982,1928.09,Chennai,ATM,13,36.66,0
730,680.15,Bangalore,ATM,17,34.24,0
751,1491.16,Bangalore,ATM,20,95.59,0
313,2125.7,Chennai,Online,8,70.68,0
880,6423.51,Hyderabad,Online,14,0.47,0
642,17.22,Chennai,Online,22,62.0,0
833,193.15,Bangalore,POS,12,101.3,0
565,4043.78,Hyderabad,ATM,10,14.4,0
229,8481.92,Hyderabad,POS,15,20.29,0
514,4236.29,Bangalore,ATM,22,24.96,0
245,5915.22,Hyderabad,POS,11,88.08,0
144,2106.01,Mumbai,POS,10,27.67,0
496,32170.0,Mumbai,Online,15,444.0,1
240,3389.92,Mumbai,POS,17,23.89,0
940,8050.16,Chennai,Online,16,16.83,0
992,914.04,Delhi,POS,14,19.23,0
584,2051.38,Bangalore,ATM,8,38.58,0
386,41920.0,Delhi,ATM,11,353.0,1
909,5611.24,Hyderabad,Online,20,22.84,0
79,1150.73,Delhi,Online,10,36.83,0
371,5567.11,Chennai,POS,13,45.95,0
339,4998.14,Bangalore,POS,21,27.84,0
605,2275.43,Bangalore,Online,13,85.07,0
588,1041.96,Mumbai,POS,22,2.54,0
587,5994.58,Mumbai,ATM,11,37.81,0
416,3377.66,Hyderabad,POS,6,118.25,0
746,79.45,Delhi,Online,12,56.39,0
483,2181.04,Mumbai,Online,19,23.43,0
814,6595.41,Mumbai,POS,22,35.39,0
742,3624.89,Bangalore,POS,8,63.63,0
395,915.14,Chennai,Online,22,31.96,0
517,1144.43,Mumbai,POS,9,88.32,0
924,8178.62,Chennai,POS,22,45.16,0
96,1346.24,Mumbai,POS,23,3.84,0
919,57274.0,Delhi,ATM,13,267.0,1
45,2932.22,Bangalore,Online,21,50.79,0
391,4591.42,Hyderabad,Online,19,19.15,0
489,1508.63,Chennai,ATM,23,24.13,0
194,1263.93,Chennai,POS,22,90.37,0
8,3482.92,Mumbai,POS,16,46.74,0
110,3998.64,Hyderabad,ATM,14,68.67,0
434,2553.06,Hyderabad,ATM,18,54.84,0
424,3209.06,Hyderabad,ATM,11,22.57,0
569,424.15,Delhi,POS,17,39.32,0
408,5724.85,Chennai,POS,13,11.06,0
717,32027.0,Delhi,POS,12,380.0,1
701,2936.5,Mumbai,ATM,6,95.11,0
844,2732.26,Hyderabad,ATM,8,140.08,0
228,3706.53,Hyderabad,Online,18,78.04,0
411,4270.02,Hyderabad,ATM,7,29.06,0
840,5879.26,Bangalore,ATM,6,43.66,0
673,45371.0,Delhi,POS,6,17.0,1
716,1594.63,Mumbai,POS,7,51.21,0
671,1382.93,Mumbai,Online,14,32.53,0
362,268.43,Bangalore,POS,12,39.43,0
755,7019.71,Chennai,POS,15,29.73,0
573,26386.0,Hyderabad,Online,3,14.0,1
414,1597.65,Delhi,Online,19,32.23,0
573,5599.89,Delhi,ATM,9,20.49,0
980,1607.95,Hyderabad,POS,14,10.73,0
990,364.69,Bangalore,Online,16,42.41,0
470,1647.16,Hyderabad,Online,21,30.98,0
70,672.48,Mumbai,POS,13,11.87,0
423,53552.0,Delhi,ATM,0,358.0,1
96,4177.14,Delhi,Online,23,8.64,0
488,7190.89,Mumbai,POS,14,9.98,0
765,2684.05,Mumbai,ATM,12,56.63,0
248,2265.1,Mumbai,Online,12,78.04,0
857,2586.97,Mumbai,Online,9,73.13,0
693,35113.0,Hyderabad,Online,1,48.0,1
381,354.43,Bangalore,POS,14,137.91,0
783,28037.0,Hyderabad,Online,2,48.0,1
819,317.26,Hyderabad,Online,22,19.23,0
882,6636.33,Mumbai,ATM,9,110.3,0
472,8194.51,Chennai,Online,12,70.42,0
104,5082.19,Hyderabad,ATM,11,39.63,0
243,4345.08,Hyderabad,ATM,17,17.56,0
435,464.6,Delhi,ATM,18,9.83,0
185,1499.45,Hyderabad,POS,13,12.66,0
739,4099.16,Mumbai,POS,19,57.77,0
201,2275.22,Mumbai,ATM,6,83.88,0
512,1435.07,Hyderabad,POS,16,0.32,0
308,160.47,Hyderabad,Online,18,83.33,0
168,1761.96,Delhi,ATM,9,3.91,0
343,6550.35,Delhi,POS,23,41.54,0
264,1082.56,Bangalore,Online,17,102.7,0
987,5673.1,Hyderabad,POS,23,39.1,0
800,1330.55,Delhi,POS,22,37.97,0
755,893.38,Chennai,ATM,15,64.44,0
980,7663.76,Mumbai,POS,16,87.16,0
628,543.45,Chennai,Online,11,45.98,0
322,2432.66,Delhi,POS,14,78.42,0
405,2979.5,Bangalore,ATM,22,2.62,0
424,611.89,Chennai,Online,13,69.74,0
964,3550.8,Chennai,Online,11,16.64,0
98,1519.75,Bangalore,POS,7,133.61,0
407,1927.46,Chennai,Online,14,98.61,0
87,6993.78,Bangalore,ATM,13,12.85,0
291,203.36,Mumbai,Online,22,33.44,0
30,1005.16,Delhi,ATM,21,25.09,0
892,4308.24,Delhi,POS,20,71.35,0
972,1709.54,Mumbai,POS,20,0.18,0
652,643.95,Bangalore,POS,23,31.34,0
356,1330.56,Mumbai,Online,20,28.37,0
423,4750.75,Delhi,Online,6,30.16,0
777,6488.07,Delhi,ATM,21,3.56,0
705,24817.0,Bangalore,ATM,1,49.0,1
816,1945.9,Delhi,Online,19,27.36,0
448,5282.72,Mumbai,POS,18,54.2,0
226,4220.53,Bangalore,POS,13,4.07,0
820,58434.0,Delhi,POS,8,145.0,1
829,2210.97,Mumbai,Online,11,35.8,0
114,2697.64,Hyderabad,ATM,14,16.45,0
504,4392.79,Chennai,Online,7,52.71,0
23,2890.67,Chennai,ATM,14,57.83,0
449,3409.29,Mumbai,Online,10,8.22,0
223,2855.4,Delhi,ATM,17,68.24,0
811,213.77,Chennai,Online,7,30.51,0
402,2611.71,Bangalore,Online,12,67.43,0
257,1057.47,Chennai,Online,13,13.08,0
999,3296.45,Chennai,Online,20,44.66,0
97,2539.32,Mumbai,ATM,18,8.35,0
320,45616.0,Hyderabad,POS,1,436.0,1
493,492.77,Mumbai,ATM,7,14.31,0
224,45739.0,Chennai,Online,10,361.0,1
599,1226.42,Mumbai,Online,7,136.07,0
708,3319.68,Hyderabad,Online,17,55.2,0
255,5098.8,Chennai,POS,16,40.49,0
778,3867.46,Chennai,ATM,10,112.87,0
811,2072.38,Bangalore,Online,16,26.4,0
808,1461.31,Delhi,ATM,12,78.74,0
387,72.11,Mumbai,ATM,7,29.96,0
449,561.77,Hyderabad,POS,21,37.67,0
192,2378.01,Delhi,POS,20,91.23,0
852,2979.24,Hyderabad,Online,8,2.62,0
461,1134.57,Delhi,POS,17,68.16,0
795,4659.33,Bangalore,POS,11,6.11,0
635,1468.56,Hyderabad,Online,16,169.66,0
675,21221.0,Bangalore,POS,5,43.0,1
290,2906.26,Delhi,Online,9,27.59,0
69,730.93,Mumbai,Online,7,67.42,0
498,2349.81,Chennai,POS,18,61.91,0
539,4767.69,Hyderabad,ATM,7,23.41,0
621,7629.89,Chennai,Online,21,64.0,0
853,668.03,Chennai,ATM,23,74.05,0
912,2213.57,Delhi,POS,7,52.64,0
273,3464.2,Chennai,ATM,8,32.32,0
984,79.35,Chennai,POS,13,61.5,0
195,1005.67,Mumbai,POS,11,10.18,0
572,875.37,Chennai,POS,17,31.18,0
720,8197.57,Chennai,Online,11,43.38,0
517,2082.66,Mumbai,POS,20,80.61,0
925,1771.08,Delhi,ATM,19,32.62,0
441,1197.18,Delhi,POS,13,31.42,0
220,1448.57,Hyderabad,POS,14,59.29,0
464,5572.16,Bangalore,Online,7,139.48,0
611,3748.9,Mumbai,ATM,6,26.29,0
228,2593.15,Delhi,Online,14,7.66,0
524,3025.45,Hyderabad,Online,9,4.77,0
365,2515.38,Delhi,ATM,13,75.88,0
831,1029.63,Hyderabad,ATM,12,66.99,0
741,5961.35,Bangalore,Online,21,4.1,0
707,4375.56,Chennai,POS,15,20.39,0
828,5900.98,Chennai,Online,16,8.86,0
837,1007.91,Chennai,Online,6,15.24,0
648,4531.86,Delhi,POS,7,37.34,0
579,1293.2,Hyderabad,POS,13,8.34,0
690,834.73,Bangalore,ATM,22,36.12,0
443,6856.13,Bangalore,Online,10,6.12,0
488,5661.48,Chennai,POS,18,86.07,0
409,5004.93,Mumbai,Online,21,11.58,0
500,3221.19,Hyderabad,Online,23,8.79,0
754,721.11,Mumbai,Online,14,26.22,0
332,1547.12,Hyderabad,Online,9,69.38,0
434,616.15,Mumbai,ATM,17,20.06,0
25,2859.86,Mumbai,ATM,20,2.95,0
452,3770.08,Mumbai,Online,17,13.75,0
746,4623.89,Chennai,POS,7,57.3,0
636,15450.0,Chennai,ATM,3,44.0,1
24,2389.14,Hyderabad,Online,12,106.95,0
769,1010.99,Bangalore,POS,10,23.89,0
685,3551.72,Hyderabad,POS,22,18.98,0
175,3061.89,Mumbai,POS,14,34.46,0
671,37735.0,Delhi,Online,8,419.0,1
889,3914.16,Bangalore,Online,18,65.48,0
727,3239.46,Delhi,ATM,23,2.06,0
204,4027.72,Bangalore,POS,6,104.99,0
945,1612.1,Delhi,ATM,18,38.73,0
19,5331.24,Delhi,ATM,15,3.98,0
514,4528.01,Chennai,POS,14,52.37,0
912,43184.0,Mumbai,Online,8,492.0,1
403,404.02,Chennai,POS,18,5.47,0
695,3005.94,Mumbai,ATM,13,19.52,0
437,46790.0,Delhi,Online,14,277.0,1
142,4138.36,Mumbai,Online,15,11.77,0
921,3549.32,Mumbai,ATM,10,2.98,0
579,17222.0,Chennai,Online,5,34.0,1
901,4226.43,Chennai,ATM,19,40.77,0
311,816.32,Delhi,Online,12,64.3,0
190,402.11,Hyderabad,POS,14,50.4,0
628,3111.86,Mumbai,Online,6,101.91,0
705,1339.6,Mumbai,POS,21,7.47,0
383,1951.74,Bangalore,ATM,21,5.16,0
198,4409.83,Bangalore,Online,14,70.82,0
228,1171.05,Mumbai,Online,8,43.39,0
978,52054.0,Delhi,ATM,22,166.0,1
438,4860.92,Chennai,POS,18,95.53,0
404,1696.65,Hyderabad,POS,23,1.56,0
897,2220.16,Chennai,POS,9,68.09,0
847,792.06,Mumbai,POS,23,21.92,0
753,4935.59,Bangalore,POS,7,35.05,0
451,2578.74,Delhi,ATM,20,60.05,0
302,6119.7,Chennai,POS,22,43.89,0
475,47.77,Bangalore,Online,22,81.53,0
798,3543.61,Hyderabad,Online,18,78.68,0
462,1597.65,Bangalore,POS,12,57.64,0
93,6846.83,Mumbai,POS,9,75.75,0
724,6929.89,Delhi,Online,22,47.11,0
745,2236.3,Hyderabad,POS,11,70.1,0
390,1271.81,Mumbai,ATM,10,32.16,0
149,8522.83,Chennai,ATM,15,1.21,0
788,35527.0,Mumbai,Online,2,7.0,0
784,2379.61,Bangalore,ATM,21,37.57,0
6,2140.81,Bangalore,Online,12,94.75,0
488,142.05,Bangalore,Online,6,19.73,0
561,237.41,Hyderabad,Online,7,56.0,0
57,174.69,Chennai,Online,7,8.15,0
859,722.09,Delhi,Online,7,24.62,0
183,2228.95,Delhi,POS,23,5.84,0
467,2524.16,Delhi,Online,8,48.0,0
331,2257.32,Bangalore,Online,19,62.88,0
67,1082.37,Mumbai,Online,14,27.61,0
424,2967.52,Mumbai,POS,7,77.02,0
748,38872.0,Delhi,POS,15,370.0,1
808,28993.0,Delhi,POS,5,20.0,1
639,3635.52,Mumbai,POS,21,15.75,0
648,1529.6,Mumbai,POS,13,43.57,0
199,2649.59,Chennai,ATM,9,27.6,0
213,1052.84,Bangalore,ATM,7,29.8,0
574,5238.02,Mumbai,Online,12,11.07,0
261,7713.57,Delhi,ATM,22,6.97,0
786,135.22,Delhi,ATM,18,65.69,0
631,31357.0,Bangalore,ATM,10,334.0,1
662,3419.42,Mumbai,POS,20,69.21,0
550,2811.38,Bangalore,ATM,7,35.44,0
307,2753.57,Delhi,POS,23,54.75,0
592,560.82,Delhi,Online,10,17.34,0
32,6846.66,Bangalore,POS,23,54.84,0
585,1204.41,Mumbai,POS,9,34.56,0
770,4465.45,Delhi,POS,7,25.96,0
89,1376.61,Mumbai,ATM,20,39.36,0
310,1616.23,Delhi,Online,9,13.84,0
39,1335.43,Chennai,ATM,22,22.5,0
495,31232.0,Hyderabad,ATM,15,337.0,1
147,2515.96,Chennai,POS,10,32.1,0
38,1281.2,Hyderabad,Online,6,80.55,0
46,1714.24,Hyderabad,Online,16,10.94,0
48,4134.64,Delhi,Online,15,21.66,0
215,4869.41,Mumbai,ATM,14,24.36,0
792,172.69,Chennai,ATM,10,28.08,0
118,1441.18,Hyderabad,POS,22,15.43,0
556,1910.31,Delhi,ATM,10,0.41,0
824,1624.39,Mumbai,Online,8,84.09,0
914,363.83,Bangalore,Online,10,14.64,0
925,2489.57,Chennai,ATM,7,41.38,0
402,5807.12,Hyderabad,POS,20,33.31,0
320,4918.37,Mumbai,POS,23,31.36,0
945,71.32,Bangalore,POS,10,98.77,0
822,18187.0,Bangalore,ATM,4,19.0,1
230,1590.91,Hyderabad,ATM,17,55.96,0
717,25641.0,Chennai,Online,4,31.0,1
360,5011.75,Mumbai,ATM,17,23.53,0
131,6187.4,Bangalore,POS,9,2.5,0
666,2876.08,Delhi,POS,20,23.02,0
424,1607.07,Mumbai,POS,11,50.54,0
394,4390.47,Mumbai,POS,19,77.43,0
446,5923.02,Delhi,POS,13,73.12,0
686,5107.64,Hyderabad,ATM,9,66.34,0
475,1282.9,Chennai,ATM,11,10.54,0
416,1327.11,Chennai,POS,18,0.75,0
661,1085.9,Chennai,Online,10,48.98,0
925,5940.93,Chennai,Online,10,79.78,0
299,323.5,Hyderabad,ATM,12,0.46,0
899,3060.31,Hyderabad,POS,15,30.29,0
960,4904.55,Delhi,Online,6,90.78,0
523,1713.05,Mumbai,ATM,7,19.62,0
563,48047.0,Chennai,ATM,11,393.0,1
241,1930.78,Hyderabad,ATM,16,24.01,0
416,438.81,Hyderabad,Online,11,31.2,0
193,588.48,Delhi,ATM,10,9.28,0
894,3648.85,Mumbai,Online,8,10.32,0
148,700.84,Bangalore,POS,19,4.52,0
140,1744.91,Bangalore,ATM,19,8.5,0
466,1233.61,Hyderabad,ATM,18,89.93,0
191,3692.76,Chennai,POS,21,4.77,0
243,4100.86,Delhi,ATM,23,6.69,0
35,51835.0,Delhi,Online,22,188.0,1
985,5529.37,Mumbai,POS,22,28.48,0
769,1688.09,Bangalore,POS,8,32.39,0
625,2722.63,Bangalore,POS,8,46.34,0
553,1591.78,Delhi,POS,7,17.15,0
548,7207.54,Bangalore,ATM,22,121.57,0
588,3924.15,Bangalore,ATM,15,35.04,0
37,3413.17,Hyderabad,POS,15,17.13,0
578,373.35,Bangalore,POS,11,21.04,0
673,56457.0,Delhi,ATM,0,146.0,1
518,1505.57,Delhi,ATM,10,13.6,0
282,3947.9,Chennai,POS,9,47.4,0
932,1228.23,Mumbai,POS,20,21.96,0
180,8232.25,Mumbai,ATM,11,35.97,0
883,5600.86,Chennai,Online,10,4.3,0
771,22797.0,Mumbai,Online,4,46.0,1
863,5312.88,Delhi,Online,7,107.92,0
409,1698.65,Bangalore,POS,23,34.83,0
700,614.07,Bangalore,ATM,10,4.7,0
446,9943.03,Bangalore,ATM,16,65.15,0
700,42409.0,Bangalore,POS,11,413.0,1
879,2771.22,Delhi,ATM,9,33.38,0
599,5267.36,Mumbai,POS,12,14.9,0
694,2934.15,Mumbai,ATM,23,9.58,0
9,2817.38,Chennai,ATM,9,7.16,0
702,3874.72,Mumbai,POS,15,8.48,0
35,3141.3,Chennai,Online,12,8.54,0
654,5388.15,Chennai,Online,10,7.43,0
783,3329.1,Hyderabad,Online,9,73.1,0
260,727.2,Chennai,POS,20,22.69,0
284,223.02,Delhi,ATM,11,78.72,0
284,4417.02,Bangalore,ATM,16,166.89,0
265,20830.0,Bangalore,Online,4,4.0,1
183,5178.17,Chennai,Online,23,21.16,0
224,1845.32,Chennai,ATM,14,24.28,0
75,3573.37,Delhi,ATM,6,42.26,0
153,3676.81,Chennai,Online,18,14.48,0
717,1417.98,Bangalore,POS,6,2.44,0
963,1425.28,Bangalore,ATM,18,66.69,0
800,3790.67,Chennai,POS,13,137.02,1
978,3977.7,Bangalore,Online,23,19.74,0
368,1953.87,Delhi,ATM,7,9.43,0
982,5382.34,Delhi,POS,16,57.38,0
471,328.63,Delhi,POS,12,30.35,0
41,42258.0,Delhi,ATM,9,356.0,1
646,924.97,Bangalore,Online,20,58.98,0
144,129.85,Chennai,POS,13,53.12,0
65,4869.38,Delhi,ATM,23,35.65,0
832,4185.29,Chennai,Online,16,35.81,0
807,85.56,Bangalore,Online,12,31.6,0
684,4411.23,Hyderabad,Online,13,47.71,0
38,5576.74,Bangalore,POS,6,45.42,0
941,3064.34,Mumbai,POS,10,63.51,0
648,1930.44,Delhi,Online,20,34.09,0
856,1520.8,Chennai,Online,21,27.25,0
631,35.53,Mumbai,ATM,16,2.77,0
756,387.26,Delhi,Online,23,5.4,0
857,26493.0,Delhi,Online,5,401.0,1
145,3690.84,Mumbai,POS,17,20.66,0
450,2013.62,Hyderabad,Online,10,30.85,0
868,3987.74,Bangalore,Online,6,56.88,0
83,2832.68,Mumbai,Online,15,28.14,0
827,317.43,Bangalore,POS,10,37.0,0
656,4498.42,Bangalore,ATM,13,0.31,0
626,1216.46,Hyderabad,Online,21,90.19,0
91,3916.25,Delhi,ATM,19,51.96,1
242,2189.8,Hyderabad,Online,17,23.87,0
553,6091.98,Bangalore,POS,12,55.44,0
199,7068.54,Mumbai,POS,21,19.19,0
164,7411.53,Chennai,Online,17,71.95,0
446,2638.98,Hyderabad,ATM,7,14.58,0
54,30178.0,Bangalore,POS,0,451.0,1
917,4431.37,Bangalore,POS,16,38.68,0
766,3439.07,Delhi,Online,9,35.27,0
101,5190.63,Bangalore,Online,18,147.98,0
76,3187.25,Bangalore,Online,19,15.45,0
951,1933.28,Mumbai,ATM,17,78.45,0
738,94.14,Delhi,ATM,12,10.46,0
33,437.73,Chennai,ATM,10,17.62,0
477,477.26,Mumbai,ATM,13,66.05,0
619,2010.62,Hyderabad,Online,23,9.53,0
89,1026.32,Hyderabad,ATM,12,17.76,0
858,4485.29,Chennai,POS,19,33.36,0
253,35.65,Bangalore,POS,13,5.19,0
606,36166.0,Delhi,Online,13,22.0,1
752,2047.61,Chennai,ATM,22,30.96,0
830,581.34,Chennai,ATM,21,53.72,0
572,2797.68,Bangalore,Online,10,19.68,0
245,4562.69,Chennai,Online,21,3.13,0
166,3181.39,Hyderabad,POS,6,4.84,0
475,2806.09,Bangalore,Online,17,19.14,0
721,5326.45,Chennai,ATM,16,3.29,0
304,6278.24,Delhi,POS,23,56.31,0
213,4906.19,Chennai,POS,16,71.81,0
57,2275.97,Delhi,Online,9,19.87,0
477,157.04,Delhi,ATM,11,5.8,0
722,3857.31,Mumbai,Online,16,70.19,0
117,1591.66,Hyderabad,POS,12,12.51,0
780,2011.58,Delhi,ATM,22,40.06,0
284,2341.56,Delhi,ATM,20,104.81,0
540,358.39,Bangalore,POS,23,51.04,0
546,485.58,Bangalore,POS,17,2.61,0
969,650.25,Chennai,Online,20,82.62,0
401,2990.23,Delhi,Online,9,25.02,0
115,3876.62,Bangalore,Online,12,46.94,0
643,5127.34,Bangalore,POS,23,6.21,0
486,4021.44,Bangalore,POS,6,43.59,0
65,2671.28,Mumbai,POS,16,50.89,0
352,3139.23,Delhi,ATM,22,35.1,0
456,618.99,Hyderabad,Online,15,66.27,0
267,1578.24,Delhi,ATM,7,92.13,0
292,711.86,Mumbai,POS,11,41.92,0
293,1024.14,Mumbai,POS,10,40.16,0
120,377.66,Delhi,POS,10,1.86,0
379,2132.76,Hyderabad,POS,7,40.11,0
353,4232.47,Bangalore,POS,11,15.66,0
125,31364.0,Delhi,Online,2,29.0,0
757,1324.2,Hyderabad,ATM,15,39.72,0
297,57852.0,Delhi,POS,4,409.0,1
945,5697.0,Chennai,POS,21,0.45,0
143,9247.85,Chennai,ATM,6,49.23,0
862,1952.22,Delhi,Online,16,3.14,0
657,2077.4,Hyderabad,Online,14,37.36,0
86,1552.44,Bangalore,POS,8,65.72,0
404,4156.14,Delhi,POS,22,45.91,0
931,3325.43,Bangalore,Online,19,10.98,0
382,4028.58,Delhi,ATM,15,39.59,0
896,947.88,Mumbai,POS,20,18.68,0
426,2315.57,Delhi,Online,19,87.45,0
425,1727.32,Hyderabad,POS,8,63.38,0
311,2504.28,Hyderabad,ATM,8,12.54,0
605,2530.02,Chennai,Online,19,22.2,0
280,1340.39,Hyderabad,ATM,10,84.49,0
853,2812.71,Hyderabad,ATM,7,31.42,0
310,1700.24,Delhi,ATM,23,72.16,0
230,1482.44,Chennai,Online,14,93.07,0
656,2072.66,Bangalore,Online,15,21.54,0
504,44019.0,Delhi,ATM,0,61.0,1
994,1790.49,Delhi,POS,21,20.82,0
890,884.41,Bangalore,POS,9,5.89,0
751,5854.93,Delhi,Online,7,37.88,0
473,1344.37,Mumbai,ATM,11,22.33,0
370,3504.67,Delhi,Online,15,67.01,0
655,42350.0,Delhi,Online,20,93.0,1
172,6751.62,Delhi,POS,15,40.75,0
715,442.57,Chennai,POS,17,52.88,0
14,1307.94,Delhi,ATM,21,33.32,0
944,32139.0,Mumbai,Online,16,289.0,1
573,4972.0,Hyderabad,POS,23,6.2,0
822,1050.46,Bangalore,Online,9,17.59,0
946,515.43,Delhi,ATM,17,114.48,0
453,2832.98,Hyderabad,POS,16,19.24,0
312,8080.82,Chennai,Online,10,10.34,0
146,1439.88,Delhi,Online,12,7.87,0
81,1468.82,Chennai,Online,6,78.64,0
776,4645.59,Mumbai,Online,7,86.67,0
526,2281.87,Bangalore,Online,14,3.33,0
309,722.27,Chennai,Online,12,39.43,0
205,2804.37,Delhi,Online,8,33.11,0
765,47397.0,Delhi,POS,11,82.0,1
628,8082.93,Hyderabad,Online,9,58.16,0
782,2579.12,Mumbai,POS,12,23.1,0
176,36141.0,Delhi,Online,23,50.0,1
872,3287.66,Delhi,POS,11,10.96,0
981,85.54,Delhi,ATM,19,34.39,0
234,7423.04,Delhi,Online,20,0.45,0
140,4169.27,Delhi,POS,15,54.66,0
42,879.31,Bangalore,Online,18,33.62,0
615,6462.35,Bangalore,Online,23,27.78,0
876,1070.83,Chennai,ATM,17,9.96,0
691,1761.22,Chennai,ATM,20,40.23,0
693,4657.0,Mumbai,ATM,18,12.6,0
105,599.87,Mumbai,Online,17,23.29,0
347,699.84,Bangalore,Online,13,6.69,0
743,8309.17,Hyderabad,POS,14,2.35,0
821,934.98,Bangalore,ATM,21,22.38,0
973,4242.58,Bangalore,POS,14,0.94,0
466,61.88,Delhi,ATM,21,76.07,0
966,6268.81,Chennai,POS,7,20.02,0
511,3609.62,Mumbai,ATM,16,60.38,0
637,63.89,Chennai,POS,22,49.53,0
812,3920.31,Delhi,POS,21,54.63,0
268,1643.52,Hyderabad,POS,6,46.54,0
33,37570.0,Bangalore,ATM,10,365.0,1
34,2052.82,Delhi,POS,11,37.7,0
138,788.89,Bangalore,ATM,9,44.32,0
503,2327.68,Hyderabad,POS,21,39.22,0
875,7939.32,Chennai,ATM,14,68.21,0
995,6861.64,Delhi,ATM,16,15.22,0
605,706.35,Delhi,ATM,6,56.52,0
641,1442.64,Chennai,ATM,17,56.08,0
422,1627.35,Mumbai,Online,13,85.56,0
607,2363.53,Chennai,ATM,9,9.4,0
21,1767.18,Chennai,ATM,19,28.18,0
924,4670.66,Chennai,POS,21,11.04,0
325,5822.64,Bangalore,ATM,9,19.95,0
103,3320.22,Mumbai,ATM,21,30.21,0
784,5717.35,Mumbai,POS,15,43.55,0
447,4050.65,Chennai,POS,12,69.63,0
49,3345.76,Hyderabad,ATM,13,25.98,0
981,497.46,Hyderabad,Online,16,5.92,0
581,3053.03,Bangalore,ATM,12,14.36,0
79,37.12,Delhi,POS,15,11.71,0
553,1271.74,Bangalore,ATM,14,44.29,0
465,4048.12,Hyderabad,Online,6,47.44,0
529,4008.94,Hyderabad,ATM,12,33.13,0
844,3187.42,Bangalore,ATM,23,23.88,0
874,5592.33,Bangalore,POS,7,39.06,0
374,616.79,Mumbai,Online,15,33.1,0
421,4360.17,Chennai,POS,12,2.58,0
274,217.47,Mumbai,ATM,13,81.12,0
117,7226.7,Chennai,Online,15,58.94,0
574,36198.0,Mumbai,ATM,1,12.0,1
265,2265.95,Delhi,POS,23,30.41,0
873,501.33,Bangalore,Online,7,36.13,0
86,3265.19,Delhi,Online,19,80.08,0
688,3961.35,Chennai,ATM,10,65.15,0
585,5165.84,Chennai,POS,22,39.9,0
906,858.09,Hyderabad,Online,16,22.51,0
599,7997.0,Mumbai,ATM,12,165.5,0
180,3830.17,Delhi,ATM,19,0.84,0
604,3613.52,Hyderabad,ATM,9,54.38,0
434,1048.0,Mumbai,ATM,10,99.76,0
733,2700.21,Delhi,Online,7,34.89,0
679,4007.77,Chennai,POS,13,31.08,0
394,4526.82,Delhi,POS,9,20.86,0
243,335.09,Bangalore,Online,18,45.01,0
940,3328.5,Chennai,Online,15,48.95,0
912,3383.32,Bangalore,POS,16,93.72,0
786,1993.21,Chennai,ATM,8,43.44,0
964,1285.1,Bangalore,ATM,19,9.35,0
840,4096.61,Mumbai,POS,14,52.46,0
361,1128.1,Hyderabad,POS,16,6.42,0
29,2563.62,Mumbai,POS,20,7.85,0
140,4681.15,Mumbai,POS,15,38.76,0
85,3512.0,Mumbai,POS,10,12.49,0
703,2031.19,Delhi,ATM,21,23.02,0
137,4106.49,Hyderabad,ATM,15,31.05,0
425,3486.06,Bangalore,ATM,13,16.3,0
24,56054.0,Delhi,Online,20,117.0,1
204,4470.03,Mumbai,Online,18,64.86,0
615,573.49,Chennai,ATM,11,33.14,0
121,4090.44,Hyderabad,ATM,20,9.6,0
507,5189.81,Mumbai,Online,14,40.85,0
507,4060.71,Bangalore,Online,12,58.3,0
290,5645.83,Mumbai,ATM,11,23.06,0
150,902.17,Delhi,Online,20,17.17,0
379,3338.71,Bangalore,Online,6,30.43,0
893,1098.11,Bangalore,POS,12,57.63,0
726,2577.08,Hyderabad,ATM,8,65.63,0
61,122.21,Mumbai,ATM,17,86.69,0
962,402.6,Hyderabad,POS,7,75.37,1
517,1359.57,Delhi,ATM,17,71.79,0
914,1542.31,Hyderabad,Online,14,17.41,0
505,19322.0,Hyderabad,ATM,1,20.0,1
120,2490.05,Mumbai,ATM,14,35.09,0
949,5362.2,Delhi,POS,14,82.42,0
447,930.69,Delhi,POS,21,56.3,0
155,769.6,Bangalore,Online,12,23.01,0
236,901.28,Bangalore,ATM,11,37.86,0
447,3041.36,Bangalore,Online,20,7.57,0
727,2108.39,Bangalore,ATM,9,27.92,0
888,1318.8,Delhi,Online,12,36.21,0
185,4680.6,Hyderabad,ATM,12,61.76,0
995,3548.56,Hyderabad,Online,19,36.48,0
253,2499.59,Chennai,ATM,6,22.5,0
697,1759.69,Delhi,POS,9,62.48,0
158,775.58,Bangalore,POS,21,40.2,0
979,2631.8,Chennai,ATM,7,13.47,0
974,175.21,Hyderabad,Online,12,18.84,0
821,369.96,Delhi,Online,8,3.58,0
617,7030.36,Bangalore,ATM,11,77.02,0
790,1908.74,Chennai,Online,12,51.49,0
799,4444.19,Mumbai,Online,15,47.41,0
443,4466.33,Delhi,POS,10,86.9,0
99,1377.63,Hyderabad,Online,21,35.88,0
398,5062.98,Hyderabad,POS,19,23.57,0
433,3664.43,Hyderabad,Online,19,27.03,0
96,3182.09,Delhi,ATM,13,56.32,0
731,5151.95,Bangalore,POS,22,68.48,0
480,1321.83,Bangalore,ATM,10,7.83,0
701,42140.0,Hyderabad,Online,9,359.0,1
940,2603.32,Chennai,POS,19,35.71,0
476,3726.17,Hyderabad,ATM,17,6.89,0
84,5383.06,Chennai,Online,20,6.7,0
187,3703.82,Chennai,Online,19,40.98,0
305,1939.34,Bangalore,POS,20,1.28,0
272,2685.92,Mumbai,Online,11,8.48,0
619,1615.58,Chennai,ATM,23,51.3,0
405,699.71,Mumbai,POS,21,70.33,0
415,7258.75,Hyderabad,POS,21,79.07,0
833,37631.0,Chennai,Online,4,19.0,1
196,1886.79,Chennai,POS,12,44.49,0
215,501.08,Mumbai,POS,13,23.17,0
642,2892.67,Hyderabad,Online,8,1.72,0
475,361.3,Bangalore,Online,9,24.53,0
157,758.58,Bangalore,ATM,21,31.59,0
461,1808.47,Mumbai,ATM,18,25.79,0
9,4056.16,Bangalore,ATM,21,84.36,0
611,269.84,Delhi,Online,21,21.97,0
526,3509.06,Hyderabad,POS,21,33.6,0
63,2237.87,Bangalore,POS,16,47.13,0
275,3456.75,Bangalore,ATM,9,51.88,0
962,4617.47,Bangalore,POS,19,54.36,0
295,299.86,Bangalore,ATM,20,11.9,0
225,4059.99,Delhi,POS,20,0.47,0
301,5228.93,Bangalore,ATM,17,128.19,0
819,45376.0,Chennai,POS,9,303.0,1
178,367.96,Hyderabad,ATM,9,59.05,0
966,22691.0,Chennai,Online,2,35.0,1
268,2921.46,Mumbai,Online,22,46.08,0
66,1317.4,Chennai,POS,13,82.66,0
230,2025.82,Delhi,ATM,7,44.65,0
571,192.42,Mumbai,POS,22,95.97,0
107,7987.55,Bangalore,ATM,9,28.33,0
801,361.33,Chennai,POS,7,52.98,0
172,848.61,Mumbai,ATM,11,7.73,0
726,2086.17,Hyderabad,ATM,9,85.98,0
373,1968.49,Mumbai,Online,12,24.49,0
426,530.63,Chennai,Online,21,82.18,0
518,1779.52,Delhi,ATM,19,50.66,0
681,1173.11,Hyderabad,ATM,13,3.99,0
440,4381.12,Bangalore,ATM,22,27.0,0
371,19770.0,Hyderabad,Online,1,45.0,1
323,3721.84,Mumbai,ATM,7,58.41,0
38,1016.07,Mumbai,POS,7,20.61,0
731,1265.45,Hyderabad,ATM,19,31.27,0
698,10857.28,Delhi,POS,16,72.23,0
9,2063.22,Hyderabad,POS,10,56.12,0
457,3455.6,Hyderabad,POS,20,37.36,0
909,3656.65,Bangalore,Online,15,2.75,0
551,1633.64,Mumbai,POS,23,26.39,0
96,2267.68,Delhi,POS,16,100.97,0
164,1320.6,Hyderabad,POS,14,32.57,0
793,2535.63,Bangalore,POS,9,159.26,0
862,3112.44,Hyderabad,ATM,9,5.68,0
667,24763.0,Chennai,ATM,5,47.0,1
242,4775.4,Hyderabad,POS,23,34.13,0
240,3270.28,Delhi,POS,10,40.34,0
533,8179.63,Chennai,ATM,22,46.54,0
843,3430.9,Bangalore,Online,10,36.32,0
849,3676.54,Chennai,Online,19,35.93,0
488,757.9,Chennai,ATM,22,4.75,0
573,4937.45,Bangalore,ATM,21,55.92,0
451,1747.15,Bangalore,POS,19,12.75,0
148,138.74,Bangalore,POS,20,52.93,0
722,1358.95,Hyderabad,Online,12,5.42,0
34,9290.15,Hyderabad,ATM,9,31.65,0
419,2142.85,Delhi,POS,15,18.24,0
157,5074.15,Delhi,ATM,15,114.42,0
29,2767.95,Mumbai,POS,19,84.0,0
916,7622.9,Delhi,Online,11,29.48,0
501,614.88,Hyderabad,ATM,8,36.73,0
428,5917.24,Delhi,POS,20,10.17,0
801,2993.46,Hyderabad,Online,10,56.21,0
472,1051.69,Bangalore,Online,16,14.28,0
640,786.27,Bangalore,ATM,13,22.77,0
348,696.04,Bangalore,POS,14,10.41,0
887,997.45,Chennai,POS,15,42.56,0
127,4585.35,Chennai,Online,23,1.73,0
55,42206.0,Delhi,Online,15,257.0,1
959,2124.71,Chennai,ATM,12,62.43,0
723,1110.97,Hyderabad,ATM,8,7.49,0
622,9872.38,Hyderabad,Online,21,45.6,0
24,6402.53,Mumbai,ATM,6,59.84,0
325,2851.91,Chennai,Online,9,97.93,0
293,3126.32,Delhi,Online,10,29.46,0
418,1850.64,Chennai,POS,16,71.18,0
731,5299.41,Bangalore,Online,16,21.28,0
915,1967.74,Bangalore,Online,7,0.15,0
771,410.12,Mumbai,ATM,22,6.82,0
395,16986.0,Hyderabad,ATM,3,29.0,1
30,5722.31,Mumbai,Online,14,12.87,0
601,1881.53,Mumbai,POS,10,12.9,0
417,4555.29,Hyderabad,Online,10,102.34,0
173,189.9,Hyderabad,ATM,23,20.56,0
2,5610.24,Hyderabad,ATM,11,14.6,1
956,34590.0,Bangalore,ATM,3,43.0,1
218,3639.66,Hyderabad,ATM,7,40.99,0
547,103.91,Delhi,Online,18,49.48,0
851,136.96,Hyderabad,ATM,19,0.77,0
517,37351.0,Delhi,POS,3,40.0,1
252,195.77,Delhi,ATM,12,100.28,0
614,4701.2,Mumbai,POS,6,73.74,0
5,41686.0,Delhi,POS,13,284.0,1
781,3964.57,Chennai,POS,8,46.88,0
914,1405.53,Bangalore,POS,9,9.67,0
833,3806.38,Hyderabad,ATM,18,43.42,0
787,212.52,Chennai,Online,20,14.1,0
198,3381.84,Mumbai,POS,6,82.79,0
697,21275.0,Delhi,POS,1,39.0,1
506,34199.0,Hyderabad,Online,22,376.0,0
841,4123.52,Chennai,ATM,22,49.45,0
566,2261.48,Hyderabad,POS,11,80.52,0
132,3239.29,Mumbai,ATM,13,33.05,0
747,6220.11,Mumbai,POS,6,44.9,0
710,680.87,Hyderabad,ATM,23,13.97,0
3,58056.0,Delhi,ATM,20,26.0,1
417,2899.73,Hyderabad,ATM,21,33.16,0
778,2601.88,Mumbai,Online,14,25.57,0
546,7109.87,Chennai,ATM,12,63.58,0
902,2581.91,Chennai,POS,13,57.07,0
434,31451.0,Delhi,Online,10,292.0,1
100,1107.57,Bangalore,Online,16,29.9,0
254,7437.92,Mumbai,ATM,7,0.9,0
533,552.9,Chennai,POS,20,22.6,0
641,1278.9,Chennai,Online,7,29.24,0
387,898.48,Chennai,Online,7,60.28,0
453,2056.86,Hyderabad,POS,19,55.11,0
694,733.27,Chennai,ATM,18,85.96,0
633,3542.38,Mumbai,POS,6,61.53,0
476,36.5,Hyderabad,POS,9,52.73,0
961,1285.8,Chennai,ATM,22,54.51,0
198,2525.52,Chennai,POS,8,37.66,0
861,1536.78,Hyderabad,Online,22,34.75,0
432,3801.68,Hyderabad,ATM,11,37.42,0
817,3399.62,Mumbai,ATM,19,58.36,0
668,4554.52,Delhi,POS,23,51.63,0
151,3666.9,Hyderabad,ATM,15,41.28,0
9,100.32,Mumbai,Online,13,39.1,0
856,2791.33,Chennai,ATM,17,16.94,0
206,1035.66,Mumbai,Online,16,88.13,0
488,3058.95,Bangalore,POS,16,68.24,0
580,45818.0,Delhi,Online,13,168.0,1
898,2296.03,Chennai,ATM,13,3.17,0
655,4047.43,Mumbai,ATM,12,5.1,0
753,1021.66,Delhi,POS,18,46.59,0
189,3015.17,Chennai,ATM,6,25.81,0
31,3417.8,Mumbai,ATM,20,66.78,0
600,16438.0,Mumbai,ATM,1,12.0,1
907,4280.37,Mumbai,ATM,23,40.62,0
201,1060.05,Delhi,Online,6,2.2,0
141,1892.08,Chennai,ATM,12,3.28,0
246,3011.58,Delhi,POS,11,81.57,0
819,38296.0,Mumbai,Online,1,7.0,1
197,5255.3,Delhi,ATM,19,55.61,0
251,55245.0,Delhi,POS,6,437.0,1
153,3876.21,Chennai,POS,14,76.45,0
872,3170.43,Hyderabad,ATM,12,64.55,0
804,8046.81,Hyderabad,Online,11,61.19,0
770,2757.93,Hyderabad,ATM,21,62.25,0
184,2444.66,Delhi,POS,21,11.2,0
507,955.76,Hyderabad,ATM,7,88.17,0
917,465.29,Mumbai,ATM,12,86.62,0
911,3509.59,Mumbai,ATM,14,59.97,0
138,3112.95,Delhi,ATM,22,95.0,0
598,3886.52,Hyderabad,POS,16,54.26,0
479,232.93,Delhi,ATM,16,16.18,0
26,7872.47,Mumbai,ATM,8,15.29,0
85,1186.72,Hyderabad,POS,23,84.08,0
805,7897.76,Mumbai,Online,9,10.18,0
40,5044.39,Delhi,Online,16,77.07,0
764,237.45,Delhi,Online,10,14.27,0
771,5702.62,Hyderabad,ATM,6,94.25,0
289,3698.64,Bangalore,ATM,6,33.99,0
525,38025.0,Mumbai,ATM,7,308.0,1
602,7971.18,Bangalore,POS,20,16.55,0
88,1004.59,Mumbai,ATM,19,27.12,0
461,6672.48,Chennai,ATM,10,52.7,0
132,3254.6,Chennai,ATM,17,33.16,0
430,2140.54,Bangalore,POS,23,37.91,0
602,5598.68,Chennai,Online,10,4.83,0
339,2733.97,Hyderabad,POS,18,47.55,0
210,42514.0,Bangalore,Online,6,348.0,1
986,3168.97,Delhi,Online,11,0.22,0
567,7276.43,Hyderabad,ATM,6,88.65,0
72,24300.0,Delhi,POS,2,14.0,1
466,612.58,Hyderabad,Online,11,2.46,0
932,1788.16,Mumbai,Online,10,12.58,0
490,2595.07,Bangalore,Online,10,27.91,0
318,1401.85,Bangalore,Online,15,41.14,0
515,3898.59,Bangalore,ATM,12,30.22,1
147,4696.07,Bangalore,POS,13,21.58,0
933,2769.5,Bangalore,ATM,20,51.02,0
755,1909.16,Bangalore,ATM,15,32.74,0
844,460.71,Mumbai,ATM,13,0.18,0
633,1392.42,Bangalore,ATM,11,27.33,0
98,1479.68,Chennai,Online,11,67.43,0
644,536.54,Chennai,POS,12,4.24,0
422,39972.0,Delhi,Online,11,39.0,1
799,1241.46,Bangalore,Online,14,2.07,0
46,1824.71,Chennai,POS,20,33.97,0
764,4633.55,Mumbai,ATM,7,22.49,0
118,1619.6,Mumbai,ATM,20,42.1,0
70,548.39,Mumbai,POS,20,7.6,0
841,319.99,Mumbai,Online,6,54.81,0
182,641.64,Hyderabad,POS,18,19.07,0
688,3795.09,Delhi,Online,20,17.87,0
222,771.01,Hyderabad,Online,20,36.33,0
857,1915.68,Hyderabad,POS,9,32.42,0
316,3729.38,Hyderabad,Online,7,79.29,0
786,931.11,Mumbai,ATM,13,25.06,0
17,2561.5,Chennai,ATM,12,144.65,0
65,3059.4,Chennai,POS,11,40.2,0
46,1723.61,Chennai,ATM,16,78.81,0
195,1768.2,Hyderabad,ATM,19,31.65,0
219,4756.17,Delhi,Online,6,17.48,0
324,1659.7,Mumbai,ATM,13,21.78,0
835,7226.55,Hyderabad,ATM,7,6.06,0
224,7507.67,Hyderabad,ATM,9,50.71,0
811,41618.0,Delhi,Online,8,491.0,1
647,3456.2,Mumbai,ATM,11,28.44,0
906,3191.39,Bangalore,Online,16,86.38,0
934,1173.35,Bangalore,POS,13,52.26,0
722,25695.0,Delhi,Online,3,407.0,1
776,1863.31,Chennai,Online,10,60.26,0
304,1852.79,Bangalore,Online,7,95.21,0
743,5750.68,Bangalore,POS,16,6.9,0
326,4864.35,Chennai,POS,19,8.33,0
296,3121.61,Mumbai,POS,16,36.22,0
211,6698.67,Mumbai,POS,13,3.7,0
391,1279.85,Mumbai,ATM,6,4.99,0
504,7722.41,Mumbai,Online,10,91.3,0
129,8666.34,Hyderabad,POS,12,2.05,0
81,2896.87,Bangalore,ATM,11,65.83,0
251,6440.8,Hyderabad,Online,15,48.39,0
460,33908.0,Chennai,ATM,15,470.0,1
172,2660.33,Bangalore,POS,19,44.87,0
840,15649.0,Chennai,ATM,4,27.0,1
157,243.4,Mumbai,ATM,18,31.86,0
465,186.37,Hyderabad,POS,21,16.96,0
140,365.19,Mumbai,Online,12,51.67,1
883,1324.59,Delhi,ATM,18,21.03,0
963,5663.88,Delhi,ATM,21,15.66,0
603,163.76,Chennai,Online,18,1.53,0
167,5549.18,Bangalore,ATM,17,19.71,0
501,416.36,Delhi,POS,7,34.19,0
949,1316.88,Mumbai,Online,21,44.07,0
833,3235.82,Chennai,POS,10,5.39,0
467,33332.0,Hyderabad,POS,19,313.0,1
13,525.76,Chennai,POS,18,34.33,0
601,41991.0,Bangalore,Online,6,482.0,1
259,3614.45,Hyderabad,POS,18,71.45,0
752,98.08,Chennai,Online,17,32.92,0
276,4271.08,Bangalore,POS,15,19.23,1
173,1916.82,Chennai,Online,8,35.48,0
428,819.52,Delhi,POS,19,23.39,0
384,2886.58,Mumbai,Online,21,0.63,0
972,4724.69,Hyderabad,Online,11,96.04,0
768,189.4,Mumbai,ATM,19,32.88,0
935,6252.51,Mumbai,Online,15,14.99,0
128,431.26,Delhi,Online,13,79.42,0
689,854.93,Chennai,Online,14,29.15,0
8,2433.77,Chennai,Online,12,96.53,0
8,4314.62,Hyderabad,ATM,21,20.77,0
346,3534.81,Delhi,ATM,16,206.31,0
837,4262.34,Delhi,POS,18,96.23,0
59,18282.0,Bangalore,POS,1,29.0,1
948,1147.66,Hyderabad,Online,22,24.37,0
717,1873.46,Mumbai,ATM,20,11.21,0
675,300.5,Hyderabad,ATM,12,26.48,1
654,15544.0,Delhi,POS,3,2.0,1
622,2561.52,Hyderabad,Online,17,47.53,0
954,36572.0,Bangalore,ATM,1,46.0,1
730,761.42,Hyderabad,POS,22,46.5,0
510,659.96,Delhi,POS,23,72.86,0
479,403.99,Bangalore,Online,21,27.92,0
247,202.87,Mumbai,POS,8,47.9,0
733,4066.52,Delhi,ATM,14,102.43,0
264,1483.31,Chennai,POS,10,43.43,0
649,2304.2,Chennai,POS,16,74.79,0
955,166.5,Hyderabad,Online,16,47.25,0
735,1425.91,Bangalore,POS,23,6.79,0
448,2285.26,Mumbai,ATM,9,22.61,0
115,1661.31,Hyderabad,Online,9,20.74,0
131,6744.35,Bangalore,POS,6,59.27,0
605,4617.46,Bangalore,ATM,16,12.78,0
817,677.72,Mumbai,POS,13,57.77,0
10,4638.14,Bangalore,ATM,10,83.63,0
304,198.06,Bangalore,POS,20,1.48,0
291,2928.45,Chennai,POS,16,9.62,0
706,4999.71,Hyderabad,ATM,12,13.32,0
722,35916.0,Mumbai,POS,22,289.0,1
231,3931.44,Chennai,Online,21,0.47,0
307,41216.0,Delhi,ATM,0,280.0,1
695,2982.17,Delhi,ATM,18,47.38,0
745,2265.63,Mumbai,POS,23,139.56,0
135,1449.31,Hyderabad,Online,15,71.52,0
168,5627.98,Bangalore,POS,21,48.87,0
149,3410.01,Mumbai,POS,6,86.05,0
877,856.75,Mumbai,ATM,19,97.37,0
173,36651.0,Mumbai,Online,15,499.0,1
528,4806.57,Hyderabad,ATM,10,1.83,0
414,5416.86,Chennai,Online,18,45.31,0
705,483.54,Mumbai,POS,18,20.43,0
815,423.07,Chennai,ATM,18,42.83,0
669,5679.25,Chennai,Online,9,2.94,0
501,3067.51,Hyderabad,Online,6,18.52,0
587,3471.81,Chennai,POS,11,23.5,0
661,3746.76,Delhi,POS,10,6.57,0
66,2114.95,Hyderabad,Online,18,109.36,0
21,4744.09,Hyderabad,POS,21,15.29,0
858,5801.12,Chennai,Online,9,32.32,0
614,3640.44,Chennai,POS,20,19.99,0
126,2802.06,Hyderabad,Online,11,73.62,0
263,4207.48,Chennai,Online,9,24.44,0
373,38862.0,Chennai,Online,21,500.0,1
969,36599.0,Mumbai,POS,5,28.0,1
321,2974.66,Delhi,POS,23,38.0,0
705,1641.87,Chennai,Online,7,14.67,0
307,1400.61,Mumbai,Online,23,130.58,0
368,6559.18,Hyderabad,ATM,8,40.11,0
267,2226.11,Mumbai,ATM,20,0.61,0
261,865.76,Mumbai,POS,12,13.87,0
751,2783.26,Mumbai,POS,17,52.09,0
664,3012.53,Hyderabad,Online,19,2.24,0
324,27417.0,Mumbai,Online,1,38.0,1
545,3733.42,Hyderabad,ATM,8,33.02,0
92,769.18,Delhi,ATM,10,104.38,0
232,3679.66,Chennai,ATM,13,56.77,0
108,3468.11,Chennai,Online,22,67.37,0
314,5258.07,Bangalore,Online,22,13.56,0
586,1729.09,Hyderabad,ATM,9,76.29,0
175,1871.49,Bangalore,Online,17,59.86,0
695,54077.0,Delhi,ATM,19,451.0,1
131,259.2,Hyderabad,POS,10,61.92,0
147,2568.04,Delhi,Online,17,131.61,0
256,656.52,Bangalore,POS,20,37.59,0
363,5610.79,Hyderabad,ATM,14,13.16,0
534,35000.0,Delhi,ATM,2,412.0,1
866,775.72,Chennai,Online,13,67.7,0
170,3619.23,Chennai,POS,15,9.43,0
505,2581.27,Chennai,ATM,22,32.46,0
140,480.58,Hyderabad,POS,23,11.72,0
416,5474.98,Mumbai,POS,6,22.91,0
720,3370.53,Delhi,Online,22,39.11,0
44,2186.95,Mumbai,POS,22,32.34,0
180,982.35,Mumbai,POS,17,18.52,0
433,898.2,Mumbai,ATM,9,0.33,0
696,3840.65,Hyderabad,Online,15,17.85,0
301,250.41,Chennai,POS,18,21.21,0
313,52892.0,Delhi,ATM,1,478.0,1
869,4153.83,Delhi,Online,20,92.5,0
363,5487.22,Delhi,POS,11,6.81,0
10,3286.47,Bangalore,Online,8,69.86,0
921,2125.02,Chennai,ATM,6,25.47,0
673,1144.35,Bangalore,ATM,17,29.19,0
439,7214.81,Hyderabad,ATM,9,32.84,0
673,343.36,Mumbai,Online,17,20.22,0
6,1616.45,Mumbai,Online,12,9.78,0
137,2962.36,Delhi,Online,11,6.64,0
972,1729.84,Delhi,Online,19,16.47,0
508,2553.41,Mumbai,ATM,18,26.08,0
946,7274.8,Bangalore,Online,9,10.92,0
812,2685.79,Mumbai,ATM,22,44.64,0
701,1817.99,Delhi,ATM,6,95.13,0
297,2616.99,Chennai,ATM,13,91.59,0
747,209.1,Mumbai,ATM,9,100.9,0
718,4335.47,Bangalore,Online,21,37.65,0
830,2712.07,Hyderabad,POS,11,2.43,0
876,5611.59,Mumbai,Online,9,17.02,0
40,3911.21,Mumbai,Online,19,45.86,0
205,1452.46,Chennai,ATM,19,25.5,0
717,1840.23,Mumbai,Online,16,70.95,0
63,3863.31,Chennai,ATM,9,17.18,0
288,49699.0,Delhi,Online,7,163.0,1
1,3463.94,Delhi,Online,15,47.99,0
931,1726.62,Bangalore,Online,14,30.98,0
373,601.65,Chennai,Online,6,73.97,0
789,5135.17,Delhi,ATM,17,39.18,0
604,1621.45,Delhi,Online,14,38.99,0
394,130.68,Chennai,Online,9,52.78,0
992,42240.0,Delhi,ATM,6,360.0,1
77,47236.0,Delhi,ATM,9,371.0,1
207,6958.44,Mumbai,Online,10,63.53,0
564,198.81,Hyderabad,ATM,17,28.07,0
735,1889.42,Bangalore,Online,21,38.62,0
954,30470.0,Mumbai,ATM,8,403.0,1
580,3361.81,Mumbai,POS,18,83.49,0
546,1495.35,Chennai,Online,20,4.16,0
394,1107.42,Bangalore,ATM,14,50.47,0
4,3176.94,Mumbai,POS,6,22.57,0
810,1427.19,Hyderabad,POS,22,27.79,0
873,5156.12,Delhi,POS,9,92.77,0
47,559.32,Delhi,Online,10,20.61,0
285,16688.0,Hyderabad,Online,2,13.0,0
356,3483.62,Delhi,ATM,8,7.9,0
906,1591.81,Mumbai,ATM,15,46.98,0
59,3738.07,Chennai,ATM,13,75.92,0
287,2228.04,Chennai,POS,9,10.57,0
705,1742.3,Delhi,POS,23,8.12,0
453,3203.6,Delhi,Online,18,84.75,0
238,2133.98,Bangalore,ATM,10,32.15,0
96,4864.65,Bangalore,Online,11,41.06,0
503,46219.0,Delhi,Online,0,322.0,1
838,3430.42,Hyderabad,Online,8,3.38,0
437,4550.31,Bangalore,Online,22,96.36,0
769,1712.72,Hyderabad,Online,18,20.14,0
113,3306.79,Chennai,Online,13,33.5,0
275,132.88,Hyderabad,Online,6,25.61,0
109,1678.0,Delhi,POS,8,34.83,0
492,4535.95,Bangalore,Online,15,8.46,0
159,6730.96,Hyderabad,POS,14,8.74,0
127,1125.63,Chennai,Online,23,71.56,0
524,1722.28,Bangalore,Online,6,15.47,0
25,5995.92,Bangalore,Online,17,25.66,0
232,48607.0,Delhi,POS,21,452.0,1
116,190.49,Chennai,Online,9,32.8,0
289,632.73,Hyderabad,ATM,9,24.73,0
947,44808.0,Bangalore,POS,5,288.0,1
186,1473.09,Mumbai,POS,15,77.59,0
294,840.23,Chennai,ATM,21,17.9,0
956,1720.13,Chennai,Online,10,10.8,0
151,847.24,Bangalore,ATM,21,40.41,0
116,1961.4,Delhi,Online,8,48.8,0
131,1016.65,Bangalore,ATM,16,27.62,0
493,2410.36,Bangalore,POS,16,15.07,0
967,4935.94,Mumbai,ATM,19,35.78,0
552,4945.27,Hyderabad,POS,13,36.11,0
595,1321.01,Hyderabad,POS,13,6.54,0
241,350.6,Mumbai,Online,17,76.53,0
981,1600.37,Chennai,Online,17,54.68,0
870,4688.86,Mumbai,ATM,20,101.48,0
874,780.94,Bangalore,Online,12,45.62,0
58,8854.96,Chennai,POS,10,20.88,0
27,2615.12,Bangalore,ATM,7,84.0,0
679,4148.14,Bangalore,POS,11,84.16,0
375,893.04,Mumbai,Online,6,31.87,0
834,2565.53,Mumbai,ATM,10,31.27,0
716,28484.0,Chennai,ATM,3,28.0,1
62,2676.87,Chennai,POS,11,73.94,0
12,866.95,Bangalore,POS,20,23.85,0
850,327.98,Hyderabad,POS,15,51.51,0
434,18012.0,Mumbai,POS,5,24.0,1
634,4711.2,Bangalore,Online,23,32.56,0
80,5560.48,Bangalore,ATM,16,48.9,0
415,7011.67,Mumbai,Online,17,86.16,0
200,4216.87,Chennai,Online,17,99.09,0
867,2979.87,Mumbai,ATM,11,16.22,0
67,215.91,Chennai,ATM,12,46.07,0
654,33820.0,Hyderabad,Online,18,271.0,1
810,1160.42,Chennai,ATM,8,47.87,0
9,28046.0,Delhi,ATM,5,12.0,1
998,6121.61,Chennai,ATM,19,44.76,0
516,2861.25,Mumbai,Online,18,39.39,0
890,550.55,Delhi,Online,10,72.48,0
81,4348.05,Chennai,POS,13,8.05,0
827,756.27,Mumbai,POS,11,91.29,0
514,1222.56,Hyderabad,POS,22,105.57,0
350,1851.37,Mumbai,ATM,15,19.47,0
877,48355.0,Bangalore,Online,21,448.0,1
626,5032.33,Mumbai,POS,21,52.75,0
16,2564.13,Delhi,POS,8,56.9,0
466,2047.5,Delhi,Online,8,153.42,0
373,3015.8,Chennai,Online,20,62.94,0
485,36308.0,Hyderabad,ATM,2,7.0,1
880,1491.59,Bangalore,POS,10,48.6,0
525,3333.92,Delhi,ATM,8,26.66,0
519,2696.99,Chennai,POS,7,82.9,0
251,3819.74,Hyderabad,Online,10,24.91,0
298,3925.98,Hyderabad,ATM,8,62.91,0
896,3112.86,Chennai,ATM,20,17.4,0
548,18575.0,Chennai,ATM,1,11.0,1
205,653.21,Chennai,ATM,16,25.61,0
498,5570.2,Bangalore,Online,14,81.82,0
559,1295.67,Bangalore,Online,12,12.3,0
33,17044.0,Bangalore,ATM,3,50.0,1
217,723.84,Bangalore,ATM,14,68.64,0
86,4006.25,Delhi,ATM,8,107.06,0
730,644.97,Bangalore,POS,12,8.9,0
266,2704.34,Chennai,Online,19,42.32,0
772,1363.0,Mumbai,ATM,19,33.65,0
549,4654.22,Mumbai,POS,19,46.06,0
710,758.82,Chennai,POS,12,77.77,0
684,5520.6,Mumbai,ATM,16,16.71,0
919,2248.79,Mumbai,ATM,16,37.7,0
994,595.11,Delhi,POS,6,11.5,0
966,4467.15,Mumbai,POS,20,53.82,0
593,2694.48,Mumbai,POS,12,85.17,0
560,1019.64,Hyderabad,ATM,12,0.58,0
976,126.8,Hyderabad,Online,17,4.4,0
17,6265.59,Delhi,POS,9,114.39,0
665,28447.0,Hyderabad,ATM,3,22.0,1
784,5840.9,Mumbai,ATM,19,26.9,0
567,1631.06,Hyderabad,ATM,18,43.77,0
676,7039.18,Bangalore,POS,15,37.28,0
961,27871.0,Chennai,POS,3,456.0,1
955,1470.05,Bangalore,POS,23,66.87,0
455,3025.66,Chennai,POS,15,36.9,0
217,2659.87,Bangalore,POS,18,41.29,0
877,5312.46,Chennai,ATM,20,63.07,0
841,3606.02,Bangalore,Online,17,28.08,0
520,7293.56,Delhi,ATM,19,9.98,0
5,16070.0,Mumbai,ATM,1,1.0,1
532,1555.62,Hyderabad,ATM,16,32.47,0
586,43210.0,Mumbai,POS,12,499.0,1
849,8268.14,Hyderabad,ATM,10,40.74,0
400,38209.0,Hyderabad,Online,10,481.0,1
102,925.61,Mumbai,POS,9,30.82,0
804,1848.29,Delhi,POS,11,39.12,0
209,5375.57,Chennai,ATM,6,126.0,0
608,2598.39,Hyderabad,POS,23,35.2,0
81,2656.88,Chennai,POS,10,22.9,0
650,5321.63,Delhi,Online,13,33.76,0
228,2002.79,Hyderabad,Online,18,19.46,0
676,1286.49,Chennai,Online,6,51.74,0
594,4751.31,Chennai,ATM,9,67.29,0
290,6779.52,Mumbai,Online,8,38.7,0
371,37805.0,Chennai,ATM,15,275.0,1
983,6208.78,Mumbai,POS,19,57.11,0
322,2107.47,Bangalore,Online,11,2.55,0
926,3518.35,Hyderabad,POS,7,99.82,0
352,35119.0,Chennai,Online,5,34.0,1
261,44861.0,Chennai,POS,17,257.0,1
157,4128.24,Delhi,Online,12,2.13,0
142,1089.11,Mumbai,ATM,14,71.5,0
977,904.12,Hyderabad,POS,15,91.42,0
829,1156.85,Hyderabad,ATM,12,89.53,0
203,4046.79,Delhi,ATM,9,3.15,0
785,451.81,Mumbai,Online,21,7.05,0
457,3294.95,Delhi,ATM,9,13.86,0
440,228.57,Delhi,ATM,8,1.72,0
911,2245.73,Hyderabad,ATM,19,96.44,0
847,3384.5,Hyderabad,ATM,18,38.99,0
185,1470.0,Bangalore,Online,17,74.37,0
221,3391.68,Delhi,Online,16,57.77,0
327,137.06,Delhi,Online,20,107.66,0
330,432.36,Hyderabad,Online,18,18.89,0
218,3211.44,Chennai,POS,14,16.55,0
969,1777.67,Chennai,POS,19,49.76,0
446,6362.78,Delhi,Online,12,100.36,0
506,3057.98,Delhi,ATM,9,41.2,0
176,1170.57,Hyderabad,ATM,13,38.23,0
292,3527.9,Hyderabad,Online,20,26.41,0
862,42480.0,Chennai,ATM,16,485.0,1
72,8505.17,Bangalore,POS,15,69.53,0
772,2647.72,Chennai,POS,16,61.35,0
49,5327.7,Bangalore,ATM,9,18.2,0
961,458.65,Chennai,Online,7,13.91,0
143,4594.91,Delhi,POS,19,16.95,0
91,2740.99,Delhi,POS,6,30.14,0
889,1788.08,Chennai,Online,7,6.22,0
77,7927.63,Hyderabad,ATM,14,59.3,0
948,3526.77,Bangalore,Online,10,84.46,0
152,8824.35,Bangalore,POS,20,10.22,0
535,3484.29,Hyderabad,ATM,21,38.49,0
330,2596.45,Bangalore,Online,8,5.06,0
304,3317.93,Delhi,POS,13,116.61,0
753,4056.21,Chennai,Online,21,16.31,0
14,1342.58,Bangalore,ATM,12,112.34,0
349,34.8,Hyderabad,POS,22,10.15,0
779,50877.0,Delhi,POS,20,78.0,1
134,7984.66,Delhi,ATM,20,31.6,0
526,359.65,Bangalore,Online,8,2.65,0
169,4532.2,Hyderabad,POS,9,20.39,0
898,1887.88,Chennai,Online,6,16.61,0
192,187.94,Bangalore,POS,22,6.14,0
272,3287.53,Hyderabad,Online,17,30.91,0
155,3338.04,Bangalore,POS,16,63.2,0
280,2767.71,Chennai,POS,18,79.23,0
433,3342.59,Mumbai,ATM,11,65.07,0
543,3409.64,Hyderabad,ATM,9,77.31,0
662,3576.75,Chennai,Online,9,5.1,0
37,8827.3,Mumbai,Online,23,54.45,0
232,3731.23,Bangalore,ATM,18,53.82,0
752,1874.92,Delhi,ATM,12,24.64,0
209,2446.56,Delhi,POS,15,20.71,0
97,2432.95,Hyderabad,ATM,15,89.43,0
705,4096.21,Delhi,POS,8,47.05,0
341,1675.47,Mumbai,Online,21,30.25,0
22,846.9,Delhi,Online,11,10.68,0
874,577.06,Delhi,ATM,6,52.76,0
254,1627.04,Chennai,Online,15,18.03,0
538,6798.35,Mumbai,Online,9,112.65,0
754,5276.31,Bangalore,POS,17,8.82,0
264,2066.46,Delhi,ATM,20,48.58,0
362,7097.17,Delhi,POS,21,104.86,0
703,2480.08,Chennai,Online,19,61.18,0
676,31312.0,Hyderabad,POS,1,15.0,1
442,2535.86,Chennai,Online,18,56.84,0
989,774.53,Hyderabad,ATM,22,16.6,0
933,646.36,Delhi,ATM,19,0.93,0
283,1735.8,Chennai,POS,22,5.96,0
855,2166.78,Bangalore,ATM,17,43.03,0
993,161.05,Mumbai,ATM,10,54.23,0
297,4943.45,Mumbai,ATM,21,95.28,0
819,5470.77,Bangalore,Online,12,79.32,0
608,1103.46,Bangalore,ATM,6,120.16,0
677,926.07,Chennai,ATM,10,6.79,0
291,1041.79,Hyderabad,POS,23,15.76,0
89,6600.59,Mumbai,POS,12,43.25,0
941,783.69,Mumbai,Online,21,69.88,0
255,1028.95,Bangalore,ATM,18,0.67,0
101,3498.6,Delhi,POS,15,16.77,0
447,3544.5,Delhi,POS,10,106.76,0
205,4456.5,Bangalore,POS,12,7.6,0
88,1460.55,Bangalore,POS,11,7.83,0
897,5551.92,Chennai,Online,22,21.37,0
321,2145.67,Delhi,ATM,17,12.56,0
431,15906.0,Bangalore,Online,5,1.0,1
630,44016.0,Mumbai,POS,11,381.0,1
580,504.65,Chennai,ATM,10,58.62,0
7,2978.92,Hyderabad,ATM,7,6.95,0
277,3510.72,Chennai,ATM,9,16.68,0
580,5672.46,Delhi,Online,9,33.84,0
691,7146.12,Chennai,POS,12,77.38,0
576,3314.31,Bangalore,Online,13,33.77,0
656,396.67,Delhi,POS,15,31.22,0
960,5848.56,Bangalore,POS,12,100.84,0
1,3518.23,Chennai,POS,9,114.66,0
107,906.99,Hyderabad,ATM,18,91.46,0
125,264.65,Bangalore,Online,13,48.69,0
560,1416.19,Hyderabad,POS,20,113.4,0
632,3505.05,Mumbai,POS,6,42.57,0
839,6502.3,Mumbai,Online,22,102.89,0
560,1699.71,Bangalore,ATM,15,51.95,0
983,8297.53,Delhi,POS,14,89.72,0
715,4046.84,Bangalore,ATM,19,30.62,0
291,1862.91,Hyderabad,ATM,6,1.98,0
35,3002.55,Hyderabad,ATM,7,82.55,0
364,38693.0,Chennai,Online,4,17.0,1
877,4648.25,Mumbai,ATM,22,43.87,0
65,6139.49,Mumbai,ATM,16,25.66,0
880,4071.2,Delhi,POS,15,83.33,0
70,51851.0,Delhi,ATM,12,492.0,1
185,1344.74,Hyderabad,POS,22,8.21,0
715,415.64,Hyderabad,ATM,18,68.39,0
31,3050.13,Mumbai,Online,9,135.58,0
512,25605.0,Mumbai,Online,2,49.0,1
179,3530.23,Bangalore,ATM,8,8.39,0
257,3931.63,Chennai,ATM,17,16.15,0
861,1670.62,Mumbai,ATM,9,54.96,0
387,2708.36,Hyderabad,POS,12,27.84,0
503,4579.77,Delhi,Online,12,69.73,0
445,4885.16,Mumbai,Online,6,12.58,0
685,2697.22,Chennai,Online,6,63.72,0
418,2683.02,Chennai,ATM,11,55.2,0
981,53306.0,Delhi,Online,15,97.0,1
486,1117.55,Delhi,POS,23,75.6,0
821,2972.36,Bangalore,POS,18,19.7,0
583,1820.18,Hyderabad,ATM,9,24.35,0
237,505.86,Hyderabad,ATM,6,21.91,0
964,456.13,Delhi,ATM,17,43.31,0
893,8384.31,Delhi,Online,23,76.57,0
874,7771.1,Hyderabad,POS,15,51.14,0
59,2223.76,Chennai,POS,21,54.68,0
270,97.08,Chennai,ATM,19,35.91,0
343,5728.75,Chennai,Online,12,9.81,0
752,5215.14,Chennai,Online,21,40.21,0
971,8920.92,Hyderabad,POS,7,63.97,0
73,56068.0,Delhi,POS,2,454.0,1
133,5787.7,Chennai,Online,7,67.32,0
231,930.14,Bangalore,ATM,15,60.36,0
898,26813.0,Hyderabad,POS,6,256.0,1
699,3018.43,Chennai,POS,21,1.37,0
785,481.81,Mumbai,ATM,19,25.96,0
119,8159.44,Hyderabad,ATM,17,10.03,0
448,32603.0,Chennai,Online,18,273.0,1
771,4356.39,Hyderabad,POS,7,29.54,0
16,349.56,Mumbai,Online,8,64.1,0
450,2058.73,Chennai,ATM,17,10.76,0
912,2112.08,Delhi,Online,18,15.57,0
126,1472.72,Chennai,ATM,23,29.79,0
723,4088.57,Delhi,Online,20,46.73,0
965,967.41,Hyderabad,ATM,13,4.21,0
274,5594.29,Hyderabad,POS,9,54.73,0
923,2128.58,Hyderabad,ATM,14,27.57,0
934,3944.68,Hyderabad,Online,15,12.35,0
216,7703.3,Mumbai,Online,13,37.39,0
666,512.97,Chennai,Online,21,48.2,0
277,2638.4,Bangalore,ATM,8,21.64,0
876,3799.32,Bangalore,Online,18,21.71,0
46,1302.09,Bangalore,Online,19,47.21,0
677,3274.64,Hyderabad,ATM,6,23.34,0
773,992.63,Delhi,POS,12,28.5,0
350,1638.8,Hyderabad,ATM,19,32.89,0
951,519.2,Chennai,Online,23,0.87,0
739,32523.0,Hyderabad,POS,4,27.0,1
532,979.87,Bangalore,ATM,13,8.25,0
16,443.0,Delhi,Online,13,45.7,0
303,2785.98,Bangalore,Online,14,20.64,0
676,4358.62,Hyderabad,Online,9,11.56,0
677,3234.16,Delhi,Online,20,37.54,0
451,3344.32,Chennai,ATM,21,31.28,0
570,2458.09,Chennai,POS,8,28.21,0
625,2031.54,Chennai,ATM,11,94.32,0
806,2491.47,Bangalore,Online,13,120.63,0
151,929.88,Chennai,Online,9,26.4,0
189,3130.05,Bangalore,POS,16,25.62,0
735,5588.21,Delhi,ATM,6,52.89,0
879,4204.14,Hyderabad,POS,7,39.52,0
359,1583.56,Hyderabad,ATM,9,26.93,0
243,5098.37,Hyderabad,ATM,19,53.62,0
437,1439.06,Mumbai,Online,16,51.01,0
369,1815.93,Bangalore,POS,17,13.64,0
997,2229.59,Chennai,Online,17,2.49,0
953,5585.12,Hyderabad,Online,9,5.81,0
828,1368.64,Hyderabad,POS,17,9.68,0
388,2546.08,Chennai,POS,10,71.46,0
665,3819.28,Chennai,Online,22,32.53,0
646,9465.57,Bangalore,POS,9,23.24,0
541,5836.17,Hyderabad,ATM,22,2.41,0
325,3610.08,Hyderabad,ATM,13,51.97,0
819,5664.58,Delhi,Online,20,62.87,0
996,4626.59,Mumbai,ATM,19,5.75,0
361,294.76,Chennai,ATM,21,26.63,0
460,4809.38,Mumbai,POS,10,1.14,0
251,5205.52,Bangalore,POS,10,82.63,0
815,758.96,Delhi,Online,8,31.85,0
518,52193.0,Delhi,Online,20,451.0,1
898,1588.87,Mumbai,Online,19,25.38,0
568,436.3,Bangalore,POS,9,77.61,0
35,3282.2,Chennai,POS,11,11.97,0
136,2317.73,Hyderabad,ATM,19,55.79,0
412,2853.03,Mumbai,POS,15,96.63,0
919,5047.91,Delhi,POS,9,2.09,0
47,11739.28,Delhi,ATM,19,125.4,0
759,1465.65,Delhi,ATM,10,4.68,0
742,4996.74,Hyderabad,Online,10,95.16,0
608,2924.09,Bangalore,ATM,16,79.32,0
521,143.9,Delhi,Online,13,39.14,0
350,3500.62,Hyderabad,POS,22,63.49,0
437,1609.09,Bangalore,ATM,11,105.81,0
43,4584.04,Mumbai,ATM,22,31.41,0
901,4065.46,Chennai,ATM,15,17.25,0
295,4389.53,Bangalore,Online,11,3.9,0
940,636.45,Hyderabad,Online,13,2.03,0
145,898.25,Hyderabad,POS,11,57.4,0
925,154.04,Hyderabad,POS,12,36.06,1
853,2975.04,Delhi,Online,15,18.4,0
585,995.45,Bangalore,POS,10,0.92,0
303,59144.0,Delhi,ATM,3,227.0,1
89,4541.2,Delhi,POS,9,18.92,0
823,6296.57,Mumbai,POS,8,63.71,0
520,252.22,Bangalore,POS,22,26.46,0
76,5768.53,Delhi,Online,19,12.41,0
723,86.75,Delhi,Online,23,88.45,0
899,2320.31,Chennai,Online,10,112.1,0
894,42411.0,Delhi,Online,8,240.0,1
192,2842.08,Delhi,Online,12,8.89,0
91,43018.0,Delhi,Online,0,222.0,1
626,2976.25,Mumbai,Online,19,9.45,0
629,449.04,Hyderabad,Online,17,51.16,0
673,22598.0,Bangalore,ATM,3,42.0,1
402,2687.28,Hyderabad,ATM,15,10.88,0
116,28749.0,Mumbai,POS,4,20.0,1
181,936.1,Delhi,POS,9,75.18,0
408,4004.11,Bangalore,ATM,19,17.65,0
30,5015.47,Hyderabad,Online,19,14.88,0
791,356.01,Delhi,ATM,18,27.99,0
436,3323.21,Chennai,ATM,21,33.58,0
348,3503.43,Chennai,ATM,20,51.42,0
587,4236.76,Hyderabad,Online,9,5.7,0
629,1559.04,Mumbai,POS,23,6.33,0
740,1137.73,Bangalore,Online,16,48.61,0
786,3403.11,Chennai,POS,7,17.53,0
371,2959.07,Mumbai,POS,18,34.26,0
235,2553.19,Mumbai,ATM,16,75.16,0
567,3768.5,Chennai,Online,6,10.62,0
540,2781.6,Bangalore,ATM,7,2.03,0
309,2033.64,Mumbai,Online,14,6.28,0
833,1516.99,Bangalore,Online,14,20.6,0
79,990.08,Bangalore,Online,6,40.79,0
555,2175.63,Mumbai,Online,18,70.01,0
621,1661.85,Delhi,ATM,22,17.97,0
310,688.36,Mumbai,Online,14,35.68,0
591,2114.14,Delhi,ATM,8,88.43,0
417,3974.93,Bangalore,ATM,23,50.54,0
392,991.59,Bangalore,POS,18,31.01,0
782,579.49,Chennai,ATM,13,14.88,0
26,1803.5,Mumbai,ATM,17,79.66,0
112,861.55,Delhi,Online,8,3.81,0
174,816.96,Bangalore,POS,13,49.2,0
413,810.3,Bangalore,POS,13,23.46,0
506,1875.32,Delhi,POS,16,19.13,0
38,20.35,Hyderabad,POS,19,68.59,0
275,1538.52,Hyderabad,ATM,23,34.38,0
983,5555.67,Delhi,ATM,21,34.05,0
880,1402.43,Chennai,Online,19,16.41,0
385,5118.26,Chennai,Online,22,61.15,0
171,920.37,Chennai,Online,19,9.88,0
642,5722.96,Bangalore,Online,23,28.99,0
10,914.14,Bangalore,ATM,14,5.52,0
630,167.03,Hyderabad,POS,11,25.49,0
536,4946.67,Hyderabad,POS,17,58.59,0
258,6836.34,Mumbai,ATM,10,51.41,0
733,5282.59,Chennai,ATM,19,13.15,0
482,1560.18,Chennai,ATM,12,61.66,0
97,436.01,Delhi,Online,7,34.68,0
609,5898.19,Delhi,POS,23,45.36,0
354,913.48,Mumbai,ATM,15,2.44,0
889,2197.37,Delhi,ATM,18,39.57,0
575,181.97,Mumbai,Online,10,0.23,0
222,654.15,Delhi,POS,9,29.47,0
535,1988.87,Bangalore,ATM,14,0.78,0
755,894.43,Bangalore,Online,11,26.42,1
238,45149.0,Mumbai,ATM,4,287.0,1
332,2968.57,Chennai,Online,22,92.68,0
436,2429.66,Delhi,ATM,22,59.81,0
247,2180.67,Bangalore,ATM,21,17.89,0
859,1302.1,Hyderabad,Online,12,63.85,0
969,228.11,Delhi,POS,10,69.59,0
574,4860.05,Delhi,POS,9,22.15,0
446,2608.1,Mumbai,Online,17,0.19,0
790,2915.1,Bangalore,Online,23,18.78,0
943,27261.0,Chennai,Online,2,47.0,1
539,3541.38,Hyderabad,ATM,16,34.52,0
378,36425.0,Delhi,Online,19,139.0,1
658,1817.77,Chennai,POS,14,36.81,0
59,48528.0,Hyderabad,POS,15,487.0,1
178,4598.38,Hyderabad,Online,7,1.89,0
628,2439.15,Mumbai,POS,11,52.48,0
135,4088.57,Chennai,Online,20,39.13,0
64,409.82,Hyderabad,ATM,12,85.4,0
756,830.84,Delhi,POS,11,60.08,0
601,6190.36,Delhi,POS,6,45.53,0
413,3298.02,Chennai,Online,12,28.98,0
514,341.64,Delhi,Online,11,3.5,0
283,7017.21,Hyderabad,ATM,11,37.13,0
863,6854.34,Chennai,ATM,14,6.1,0
121,5986.3,Hyderabad,POS,8,60.34,0
475,3767.71,Chennai,Online,8,26.84,0
606,2255.8,Chennai,Online,6,20.93,0
384,5038.42,Mumbai,ATM,12,32.25,0
756,2507.05,Chennai,ATM,15,5.41,0
144,1747.69,Bangalore,Online,12,37.42,0
205,4858.78,Delhi,ATM,20,7.03,0
502,7576.51,Delhi,ATM,22,21.21,0
647,970.72,Mumbai,Online,18,70.58,0
583,1222.02,Bangalore,ATM,15,6.82,0
717,44812.0,Delhi,Online,2,262.0,1
479,4890.91,Chennai,POS,11,33.12,0
479,1548.11,Delhi,POS,18,18.61,0
923,4024.59,Chennai,POS,17,86.4,0
9,4672.51,Bangalore,ATM,16,48.04,0
103,2190.26,Delhi,ATM,11,29.42,0
191,5758.51,Bangalore,POS,20,56.64,0
712,961.68,Bangalore,ATM,13,28.63,0
383,3147.46,Bangalore,POS,18,71.51,0
995,41612.0,Bangalore,ATM,13,277.0,1
411,219.08,Mumbai,POS,11,109.52,0
908,773.34,Hyderabad,Online,10,55.67,0
342,3622.89,Chennai,Online,15,31.41,0
145,1170.02,Bangalore,ATM,11,53.95,0
675,3555.88,Mumbai,ATM,15,31.71,0
242,8562.29,Bangalore,Online,13,38.53,0
569,268.06,Delhi,Online,21,20.57,0
103,1731.17,Bangalore,POS,12,1.98,0
685,5360.5,Bangalore,POS,13,19.32,0
99,204.9,Delhi,Online,18,104.52,0
920,2157.92,Bangalore,POS,18,48.44,0
356,185.32,Hyderabad,Online,13,28.16,0
183,2943.33,Delhi,ATM,16,84.48,0
2,8055.83,Bangalore,Online,13,74.53,0
193,818.41,Delhi,ATM,8,45.11,0
670,3052.68,Mumbai,ATM,15,14.33,0
841,3077.01,Delhi,ATM,11,19.58,0
699,3528.72,Chennai,ATM,8,82.37,0
751,3714.31,Bangalore,Online,11,42.48,0
589,6097.69,Bangalore,Online,21,92.03,0
687,11466.17,Chennai,ATM,19,46.17,0
650,2738.65,Bangalore,POS,17,94.1,0
730,3669.45,Hyderabad,ATM,9,17.41,0
435,7780.34,Bangalore,POS,8,28.73,0
346,55338.0,Delhi,POS,8,101.0,1
746,3077.55,Bangalore,Online,20,13.56,0
125,3936.46,Bangalore,ATM,7,47.55,0
703,4205.25,Bangalore,ATM,15,11.42,0
25,4243.44,Mumbai,ATM,17,6.01,0
458,6940.13,Chennai,POS,9,28.03,0
38,600.48,Bangalore,Online,11,8.44,0
97,2064.05,Mumbai,POS,21,33.63,0
282,2110.58,Bangalore,POS,13,39.63,0
926,6123.17,Hyderabad,POS,20,21.49,0
335,545.18,Mumbai,POS,9,41.67,0
743,2077.89,Delhi,ATM,18,60.28,0
974,964.98,Chennai,ATM,9,19.93,0
585,1772.8,Delhi,POS,22,18.96,0
813,567.5,Chennai,ATM,21,44.81,0
958,456.92,Mumbai,ATM,22,5.6,0
620,8519.81,Mumbai,POS,15,61.18,0
417,3565.53,Bangalore,POS,10,49.18,0
474,45.93,Delhi,Online,13,5.91,0
727,353.47,Chennai,POS,15,2.99,0
624,6805.61,Hyderabad,ATM,16,50.11,0
488,36237.0,Delhi,ATM,10,337.0,1
875,4596.67,Mumbai,POS,11,60.81,0
262,1463.46,Hyderabad,Online,21,131.95,0
354,438.14,Hyderabad,ATM,15,57.84,0
323,3560.84,Bangalore,Online,10,1.08,0
171,1943.1,Hyderabad,ATM,19,24.44,0
24,2624.28,Delhi,POS,21,48.29,0
385,37400.0,Chennai,ATM,3,405.0,1
114,2857.66,Mumbai,Online,18,24.98,0
361,4807.3,Bangalore,POS,14,10.76,0
372,4112.1,Delhi,POS,23,150.73,0
231,1696.97,Bangalore,ATM,15,29.67,0
461,224.17,Mumbai,ATM,15,19.06,1
850,3390.81,Bangalore,POS,11,19.74,0
101,1069.09,Bangalore,ATM,19,20.32,0
30,6396.59,Mumbai,POS,22,32.43,0
614,4895.96,Bangalore,Online,16,1.85,0
171,4259.7,Bangalore,POS,8,23.96,0
24,862.73,Bangalore,POS,22,25.93,0
871,27093.0,Bangalore,POS,2,11.0,1
331,985.09,Chennai,Online,12,21.64,0
471,2577.98,Hyderabad,ATM,13,24.86,0
997,1577.7,Chennai,POS,16,62.7,0
931,3726.02,Bangalore,POS,8,25.24,1
34,2622.75,Bangalore,POS,21,2.75,0
73,672.17,Delhi,POS,23,15.66,0
796,920.65,Hyderabad,POS,6,90.37,0
848,844.96,Delhi,ATM,7,5.28,0
734,57287.0,Delhi,Online,14,219.0,1
868,3910.98,Hyderabad,Online,11,24.91,0
673,7046.02,Mumbai,ATM,12,85.58,0
338,5943.5,Chennai,ATM,21,1.22,0
776,4588.75,Delhi,POS,20,13.99,0
462,5428.67,Hyderabad,ATM,7,9.37,0
152,1305.86,Chennai,Online,17,81.03,0
731,1669.56,Mumbai,POS,15,21.08,0
451,5714.26,Mumbai,POS,10,41.6,0
300,3796.47,Delhi,POS,13,19.49,0
217,1613.49,Mumbai,POS,6,13.61,0
739,2510.67,Hyderabad,ATM,21,28.94,0
175,41107.0,Delhi,POS,18,436.0,1
384,6063.22,Bangalore,POS,11,54.31,0
494,1822.08,Bangalore,Online,8,22.16,0
317,1127.27,Mumbai,ATM,9,77.83,0
366,1408.94,Hyderabad,POS,6,21.59,0
867,5448.09,Hyderabad,Online,12,28.87,0
34,6686.37,Chennai,ATM,22,66.52,0
567,53620.0,Delhi,Online,2,496.0,1
536,6898.93,Delhi,POS,11,8.63,0
667,1281.9,Mumbai,POS,20,84.5,0
624,645.62,Delhi,Online,12,41.99,0
940,187.06,Mumbai,POS,15,3.13,0
234,4883.37,Hyderabad,ATM,20,20.38,0
903,2933.03,Delhi,POS,8,44.78,0
120,652.26,Bangalore,Online,9,99.94,0
221,215.6,Delhi,POS,6,92.81,0
882,50504.0,Delhi,POS,20,99.0,1
630,1280.82,Chennai,ATM,19,10.11,0
505,5221.1,Delhi,POS,21,73.59,0
975,1677.56,Delhi,POS,13,9.41,0
695,1842.24,Delhi,POS,20,26.9,0
775,15213.0,Bangalore,ATM,3,32.0,1
68,4683.91,Delhi,Online,20,10.21,0
704,3866.66,Mumbai,Online,9,91.92,0
219,3153.93,Delhi,ATM,22,25.58,0
702,2566.73,Hyderabad,Online,10,121.54,0
197,3175.13,Mumbai,Online,11,5.26,0
529,55504.0,Delhi,POS,13,399.0,1
956,465.65,Delhi,ATM,10,22.18,0
745,1828.79,Delhi,ATM,15,66.39,0
403,2268.33,Chennai,ATM,7,27.35,0
363,4980.5,Mumbai,ATM,14,0.86,0
722,3589.61,Delhi,ATM,17,13.87,0
438,60.52,Delhi,POS,23,14.21,0
817,2048.49,Hyderabad,ATM,14,33.99,0
249,1204.06,Bangalore,POS,21,81.82,0
970,711.68,Bangalore,POS,21,49.69,0
622,1117.87,Chennai,Online,7,2.32,0
283,4969.13,Bangalore,ATM,9,25.6,0
902,2638.41,Delhi,POS,19,1.97,0
895,557.48,Delhi,POS,12,38.31,0
449,1483.86,Hyderabad,POS,14,34.58,0
837,1982.13,Chennai,Online,8,25.35,0
717,7450.22,Delhi,ATM,20,7.14,0
220,2845.05,Bangalore,Online,20,15.46,0
204,549.08,Delhi,ATM,6,19.25,0
658,573.72,Bangalore,ATM,7,27.97,0
62,48238.0,Delhi,ATM,0,289.0,1
983,9057.23,Delhi,POS,21,25.8,0
342,760.12,Chennai,POS,8,6.84,0
800,3197.4,Mumbai,POS,8,23.18,0
480,5862.29,Mumbai,Online,19,111.32,0
477,5170.79,Mumbai,POS,16,14.79,0
664,5301.9,Bangalore,POS,19,68.28,0
412,7032.9,Chennai,POS,18,38.56,0
231,2740.97,Mumbai,ATM,13,44.51,0
787,966.62,Bangalore,POS,12,38.49,0
589,54902.0,Delhi,Online,4,96.0,1
186,2341.61,Hyderabad,POS,7,21.32,0
554,3492.19,Chennai,ATM,16,132.73,0
674,580.56,Delhi,Online,19,46.3,0
239,36643.0,Bangalore,Online,4,256.0,1
385,1240.98,Mumbai,ATM,7,16.9,0
409,4403.53,Bangalore,POS,9,82.97,0
180,2146.47,Hyderabad,POS,22,37.92,0
775,7579.94,Bangalore,POS,17,14.09,0
325,2983.38,Mumbai,Online,22,80.19,0
262,5185.87,Bangalore,Online,6,52.24,0
431,1993.32,Chennai,ATM,17,68.93,0
857,2130.21,Delhi,Online,8,36.0,0
830,7616.45,Bangalore,Online,14,30.99,0
919,2839.74,Mumbai,Online,11,10.43,0
132,2722.64,Mumbai,POS,21,77.78,0
63,177.43,Mumbai,POS,15,35.22,0
425,2699.1,Bangalore,Online,11,48.97,0
989,6315.26,Mumbai,ATM,9,7.37,0
31,6369.83,Delhi,ATM,17,6.09,0
272,3535.69,Chennai,Online,16,54.6,0
482,240.32,Mumbai,ATM,7,44.93,0
781,2085.63,Hyderabad,Online,11,67.16,0
358,2502.88,Chennai,ATM,8,119.81,0
488,3488.96,Bangalore,POS,20,7.12,0
618,5236.03,Chennai,ATM,21,20.53,0
925,2638.6,Delhi,POS,23,44.58,0
629,2711.54,Chennai,ATM,21,61.77,0
873,518.19,Mumbai,Online,22,81.22,0
965,1734.88,Chennai,POS,9,34.39,0
290,5002.9,Chennai,Online,13,4.34,0
748,4288.54,Delhi,POS,20,4.59,0
533,1830.52,Delhi,Online,16,34.68,0
678,2882.69,Chennai,POS,18,89.78,0
814,1373.73,Mumbai,Online,10,56.47,0
856,1613.59,Mumbai,ATM,16,16.19,0
493,2085.72,Delhi,Online,18,43.99,0
220,4075.4,Delhi,POS,20,4.94,0
287,214.69,Hyderabad,ATM,16,38.33,0
191,1805.63,Bangalore,POS,20,28.2,0
685,8289.59,Hyderabad,ATM,8,65.59,0
437,5488.14,Hyderabad,Online,9,58.66,0
469,347.28,Chennai,POS,15,20.16,0
356,637.1,Bangalore,POS,8,19.28,0
996,6537.39,Bangalore,POS,12,40.28,0
697,3535.83,Chennai,Online,17,11.52,0
799,2462.17,Hyderabad,POS,7,0.42,0
372,5629.82,Hyderabad,Online,17,66.36,0
697,1175.27,Hyderabad,Online,10,16.31,0
979,963.96,Mumbai,ATM,7,29.63,0
972,739.2,Bangalore,POS,19,58.28,0
480,932.37,Delhi,Online,8,45.17,0
570,1932.11,Mumbai,POS,8,69.89,0
421,119.93,Bangalore,Online,13,46.6,0
164,1419.23,Bangalore,POS,12,13.23,0
359,2143.08,Delhi,Online,18,77.29,0
758,3494.12,Mumbai,Online,20,29.17,0
283,782.07,Chennai,POS,9,60.3,0
537,1392.49,Hyderabad,ATM,13,66.4,0
306,2473.48,Hyderabad,POS,20,6.83,0
902,47186.0,Delhi,Online,8,486.0,1
913,1950.38,Bangalore,ATM,11,4.64,0
709,5670.85,Bangalore,ATM,13,43.83,0
91,55629.0,Delhi,POS,11,123.0,1
719,16856.0,Delhi,POS,1,49.0,1
927,297.56,Hyderabad,ATM,19,61.82,0
258,25423.0,Bangalore,Online,22,275.0,1
227,223.4,Delhi,Online,21,55.03,0
858,7108.31,Hyderabad,POS,18,10.09,0
111,4054.09,Chennai,POS,9,47.68,0
783,4274.2,Hyderabad,POS,19,19.97,0
736,3429.11,Delhi,POS,20,22.28,0
588,2993.25,Chennai,ATM,19,35.16,0
27,4200.21,Mumbai,Online,16,5.87,0
943,4833.55,Chennai,POS,20,19.59,0
260,7855.03,Delhi,ATM,13,61.26,0
803,48.3,Bangalore,POS,14,11.37,0
165,1867.89,Hyderabad,POS,16,69.11,0
772,831.2,Mumbai,ATM,8,18.04,0
632,4118.66,Mumbai,ATM,15,12.37,0
740,1262.78,Bangalore,ATM,21,73.64,0
775,3222.64,Delhi,POS,21,45.79,0
826,2691.1,Delhi,Online,11,6.2,0
115,3784.33,Delhi,POS,23,44.01,0
574,2932.21,Bangalore,POS,8,31.23,0
93,2839.8,Bangalore,ATM,10,69.77,0
546,220.11,Mumbai,ATM,9,114.9,0
754,433.11,Delhi,POS,8,11.62,0
231,27.46,Chennai,Online,23,21.16,0
281,3236.67,Mumbai,POS,13,17.3,0
232,1286.36,Mumbai,Online,6,16.77,0
988,4993.34,Hyderabad,ATM,20,42.3,0
565,38511.0,Hyderabad,ATM,16,297.0,1
910,39470.0,Delhi,ATM,3,45.0,1
374,35490.0,Chennai,POS,11,388.0,1
881,5124.98,Mumbai,POS,10,112.1,0
940,2895.84,Hyderabad,POS,21,28.82,0
108,2481.38,Hyderabad,Online,17,18.81,0
661,40246.0,Chennai,ATM,18,318.0,1
510,10.55,Chennai,Online,6,19.9,0
573,187.58,Delhi,ATM,10,10.22,0
363,68.84,Delhi,POS,14,61.63,0
746,2447.51,Hyderabad,ATM,19,39.26,0
966,3554.65,Bangalore,Online,20,51.0,0
714,2983.02,Delhi,Online,22,16.64,0
148,4528.99,Hyderabad,ATM,6,57.88,0
55,712.01,Delhi,POS,9,38.21,0
73,5250.17,Hyderabad,ATM,11,57.14,0
255,30938.0,Bangalore,POS,20,257.0,1
92,3471.92,Bangalore,POS,18,63.6,0
391,647.85,Mumbai,ATM,11,27.43,0
364,1634.48,Bangalore,ATM,21,52.34,0
267,1664.33,Mumbai,ATM,8,9.25,0
770,3632.73,Delhi,Online,7,53.81,0
61,15.04,Chennai,Online,6,6.95,0
542,1185.32,Delhi,ATM,15,114.9,0
927,2611.38,Delhi,Online,11,40.45,0
636,2796.2,Hyderabad,Online,17,87.48,0
700,48260.0,Delhi,ATM,18,90.0,1
901,957.45,Hyderabad,Online,20,100.92,0
40,35212.0,Chennai,ATM,9,489.0,1
605,6119.1,Chennai,ATM,12,44.3,0
628,36577.0,Bangalore,Online,5,24.0,1
68,5776.21,Delhi,Online,13,57.29,0
503,711.77,Bangalore,Online,17,46.64,0
944,3061.11,Hyderabad,Online,22,32.22,0
671,2317.45,Hyderabad,POS,23,14.14,0
776,3353.48,Mumbai,ATM,16,101.52,0
782,2690.05,Bangalore,ATM,19,18.08,0
503,350.73,Chennai,ATM,23,44.79,0
399,5530.33,Delhi,POS,7,3.63,0
43,988.2,Chennai,ATM,23,35.01,0
322,2080.81,Hyderabad,Online,7,21.16,0
395,3665.66,Hyderabad,Online,19,44.01,0
537,3820.26,Hyderabad,ATM,7,28.07,0
102,644.79,Mumbai,Online,16,14.99,0
209,3452.23,Hyderabad,POS,6,84.84,0
391,525.1,Chennai,ATM,6,14.88,0
676,5459.02,Delhi,Online,18,24.83,0
381,16466.0,Hyderabad,Online,2,9.0,1
265,5812.95,Bangalore,POS,15,24.44,0
900,1481.35,Delhi,ATM,6,56.66,0
424,2664.54,Mumbai,ATM,14,43.1,0
642,5575.79,Chennai,POS,20,102.47,0
707,4539.32,Chennai,Online,11,68.14,0
501,269.95,Hyderabad,ATM,11,47.82,0
263,58774.0,Delhi,POS,12,145.0,1
877,4560.24,Chennai,Online,18,30.88,0
906,2332.33,Chennai,POS,21,29.37,0
531,30689.0,Mumbai,Online,1,7.0,1
189,2979.56,Chennai,Online,19,74.19,0
449,5894.96,Bangalore,POS,7,37.21,0
516,4547.41,Mumbai,Online,16,35.7,0
15,23218.0,Bangalore,Online,2,22.0,1
58,626.49,Mumbai,ATM,22,47.83,0
189,2193.49,Delhi,POS,20,62.69,0
452,1593.57,Mumbai,POS,22,24.29,0
165,545.46,Delhi,Online,9,37.67,0
420,1908.22,Chennai,POS,11,69.74,0
330,3272.1,Mumbai,Online,13,18.9,1
4,4653.44,Bangalore,POS,9,10.07,0
781,3196.26,Hyderabad,POS,8,37.88,0
844,57128.0,Delhi,POS,12,144.0,1
461,47376.0,Delhi,ATM,19,375.0,1
652,242.0,Mumbai,ATM,23,12.93,0
230,4580.11,Mumbai,ATM,14,93.87,0
377,425.52,Bangalore,ATM,10,63.84,0
421,4519.03,Hyderabad,Online,18,49.71,0
642,886.34,Bangalore,ATM,19,57.63,0
464,2760.77,Bangalore,ATM,17,30.65,0
682,1367.8,Hyderabad,Online,13,28.97,0
196,4081.42,Hyderabad,ATM,20,23.28,0
783,3983.29,Delhi,POS,15,6.52,0
145,1570.98,Hyderabad,POS,20,62.89,0
853,49504.0,Delhi,Online,1,102.0,1
912,242.66,Bangalore,POS,19,36.78,0
454,1476.25,Mumbai,ATM,11,35.64,0
764,757.71,Mumbai,POS,18,27.2,0
821,3055.03,Bangalore,ATM,20,34.89,0
757,546.88,Bangalore,ATM,22,63.72,0
897,3499.2,Chennai,Online,8,113.75,0
943,5550.38,Chennai,ATM,8,67.21,0
924,2173.61,Mumbai,Online,15,48.19,0
372,1850.68,Delhi,POS,20,17.55,0
721,2514.05,Delhi,Online,23,57.26,0
902,3512.49,Bangalore,Online,23,33.92,0
420,4237.38,Hyderabad,POS,21,21.88,0
288,2660.05,Mumbai,Online,10,5.17,0
100,1353.4,Mumbai,ATM,21,48.31,0
175,1130.58,Hyderabad,POS,17,107.26,0
599,3473.26,Bangalore,Online,21,19.88,0
581,3120.64,Delhi,Online,17,39.22,0
139,1708.57,Bangalore,Online,9,7.13,0
810,45782.0,Chennai,ATM,9,332.0,1
819,3241.65,Hyderabad,POS,19,1.55,0
374,6189.54,Mumbai,POS,14,51.97,0
926,25438.0,Mumbai,POS,2,3.0,1
460,16325.0,Bangalore,POS,3,47.0,1
565,4628.47,Hyderabad,Online,6,38.31,0
205,27726.0,Delhi,POS,1,44.0,1
376,1771.83,Bangalore,ATM,16,5.02,0
355,1026.8,Hyderabad,Online,21,28.01,0
86,38778.0,Delhi,ATM,21,467.0,1
918,397.06,Mumbai,Online,13,42.77,0
383,1220.57,Hyderabad,Online,8,95.95,0
10,699.0,Delhi,POS,8,20.97,0
642,35676.0,Chennai,POS,3,50.0,1
722,4385.58,Chennai,Online,8,18.53,0
94,4567.41,Mumbai,Online,7,51.46,0
397,6366.35,Hyderabad,Online,21,10.71,0
726,59143.0,Delhi,ATM,5,240.0,1
607,220.77,Chennai,ATM,11,4.96,0
82,4436.76,Mumbai,ATM,10,19.22,0
590,40063.0,Delhi,Online,22,389.0,1
869,258.07,Mumbai,Online,18,1.08,0
607,1540.89,Bangalore,POS,15,101.03,0
257,310.82,Mumbai,POS,6,51.58,0
992,2638.41,Delhi,Online,8,39.23,0
506,1992.14,Chennai,POS,19,49.2,0
783,1445.22,Bangalore,Online,8,69.66,0
790,37874.0,Chennai,POS,5,43.0,1
860,5074.55,Delhi,POS,21,55.95,0
308,631.03,Delhi,POS,12,43.99,0
175,169.24,Delhi,ATM,20,19.81,0
333,30192.0,Mumbai,Online,4,28.0,1
395,3647.36,Chennai,Online,16,98.58,0
892,1985.66,Bangalore,ATM,6,17.9,0
838,1177.37,Mumbai,Online,11,74.56,0
17,3275.34,Mumbai,ATM,16,75.51,0
510,1362.12,Delhi,POS,14,56.87,0
499,6915.2,Bangalore,ATM,19,75.58,0
164,1286.42,Chennai,ATM,9,2.68,0
332,974.51,Hyderabad,ATM,10,34.46,0
966,4069.06,Mumbai,ATM,21,31.94,0
316,2213.52,Delhi,POS,15,91.0,0
440,6335.84,Hyderabad,Online,22,15.62,0
743,2177.59,Mumbai,ATM,21,5.48,0
458,5448.08,Mumbai,Online,16,131.88,0
932,1960.17,Delhi,POS,21,4.71,0
569,649.09,Delhi,POS,12,96.31,0
989,671.99,Hyderabad,Online,13,48.59,0
256,3078.76,Bangalore,Online,16,73.08,0
98,11.57,Mumbai,POS,16,26.65,0
503,5298.21,Delhi,Online,20,31.27,0
198,2644.81,Delhi,POS,10,16.97,0
797,3169.15,Mumbai,Online,6,51.89,0
845,47.69,Hyderabad,Online,14,135.71,0
497,53573.0,Delhi,POS,6,421.0,1
946,3579.67,Chennai,ATM,7,51.02,0
200,4062.02,Hyderabad,ATM,13,131.62,0
434,4451.94,Chennai,ATM,14,16.43,0
304,1333.03,Bangalore,Online,17,79.45,0
932,35509.0,Mumbai,POS,4,35.0,1
322,3921.97,Delhi,ATM,14,90.82,0
622,2188.21,Mumbai,POS,10,8.27,0
18,2860.14,Delhi,POS,21,1.47,0
323,1264.15,Bangalore,POS,6,41.33,0
662,2146.69,Mumbai,ATM,7,41.17,0
332,4120.32,Hyderabad,Online,22,117.75,0
735,1064.11,Bangalore,Online,8,37.05,0
105,2748.25,Mumbai,Online,17,30.11,0
347,6455.88,Delhi,Online,21,4.16,0
64,313.27,Bangalore,POS,10,13.57,0
92,4165.25,Bangalore,Online,9,2.11,0
890,85.0,Mumbai,Online,23,93.27,0
659,578.51,Mumbai,ATM,7,11.78,0
777,3966.92,Mumbai,Online,22,71.57,0
397,3450.78,Bangalore,Online,22,42.76,0
505,4478.35,Bangalore,POS,8,38.13,0
604,4088.31,Mumbai,POS,21,65.29,1
719,4594.31,Delhi,POS,11,22.57,0
156,1316.1,Hyderabad,ATM,14,18.82,0
524,6423.1,Mumbai,POS,14,24.97,0
335,1121.2,Bangalore,Online,15,43.27,0
457,398.41,Hyderabad,ATM,12,37.5,0
43,2340.81,Chennai,POS,12,14.15,0
584,1761.85,Delhi,POS,12,22.15,0
838,4863.92,Bangalore,Online,13,36.34,0
906,1437.38,Mumbai,POS,6,0.09,0
222,3540.47,Delhi,Online,21,73.63,0
398,2388.94,Bangalore,ATM,11,13.46,0
492,988.6,Delhi,POS,13,62.26,0
110,4008.81,Chennai,POS,7,38.9,0
970,3742.09,Chennai,ATM,20,3.57,0
582,26754.0,Mumbai,ATM,6,344.0,1
382,6230.8,Bangalore,POS,6,14.21,0
36,4875.81,Delhi,Online,14,8.06,0
955,184.95,Mumbai,Online,6,39.63,0
955,3238.91,Chennai,Online,8,27.85,0
467,2253.84,Hyderabad,POS,23,8.11,0
24,9175.12,Bangalore,Online,10,69.21,0
408,4178.48,Chennai,Online,21,15.59,0
477,5031.47,Chennai,POS,7,35.9,0
983,2088.61,Delhi,POS,15,5.18,0
208,1767.25,Chennai,POS,14,148.52,0
193,2641.8,Bangalore,Online,7,14.42,0
856,6788.01,Hyderabad,POS,21,10.97,0
733,1576.89,Chennai,ATM,17,7.51,0
377,1148.36,Bangalore,POS,11,33.67,0
924,2882.84,Hyderabad,POS,10,57.89,0
655,382.65,Mumbai,POS,18,11.7,0
356,2105.07,Mumbai,POS,21,45.07,0
418,3566.61,Bangalore,Online,14,34.79,0
341,51288.0,Delhi,POS,14,385.0,1
169,2014.86,Delhi,POS,10,30.74,0
554,6823.02,Mumbai,POS,10,4.25,0
812,2425.94,Bangalore,Online,19,44.31,0
514,614.78,Hyderabad,Online,6,14.89,0
564,5321.8,Mumbai,POS,13,2.81,0
807,1302.25,Chennai,ATM,17,10.34,0
405,405.73,Bangalore,Online,17,24.75,0
705,2501.77,Chennai,Online,20,74.05,0
711,13.73,Mumbai,POS,6,46.1,0
993,1820.0,Chennai,ATM,10,43.44,0
712,49766.0,Mumbai,POS,9,353.0,1
975,4025.83,Chennai,Online,6,29.21,0
213,993.29,Chennai,Online,14,22.48,0
122,1559.17,Delhi,POS,18,2.64,0
612,5098.24,Bangalore,ATM,12,49.84,0
635,2055.55,Bangalore,POS,7,38.74,0
33,3946.76,Delhi,Online,14,10.97,0
882,4970.95,Hyderabad,Online,19,49.13,0
636,1937.3,Bangalore,Online,18,70.12,0
500,1295.81,Chennai,ATM,14,148.84,0
85,2847.25,Chennai,ATM,18,24.58,0
248,3082.01,Bangalore,Online,16,38.92,0
796,10275.65,Bangalore,Online,19,5.28,0
701,4202.88,Chennai,POS,20,22.53,0
186,4280.91,Hyderabad,ATM,23,1.49,0
50,1213.19,Chennai,POS,22,9.99,0
924,1666.08,Mumbai,Online,15,23.21,0
437,1559.65,Mumbai,Online,12,53.2,0
256,3468.55,Mumbai,ATM,7,87.47,0
229,4161.07,Hyderabad,ATM,13,46.96,0
828,3531.06,Chennai,Online,11,7.13,0
759,54440.0,Delhi,ATM,0,224.0,1
716,2196.35,Hyderabad,POS,17,25.4,0
109,1221.76,Chennai,ATM,19,69.79,0
433,227.09,Chennai,ATM,17,42.62,0
520,28965.0,Chennai,POS,5,256.0,1
202,6291.92,Hyderabad,ATM,23,10.97,0
69,42078.0,Delhi,Online,18,211.0,1
238,4279.47,Delhi,Online,18,85.7,0
62,3988.35,Chennai,Online,22,30.2,0
600,2932.04,Delhi,Online,16,2.39,0
882,5971.24,Mumbai,Online,21,33.72,0
220,3892.82,Bangalore,POS,23,3.98,0
73,1535.08,Mumbai,POS,10,0.81,0
70,547.02,Chennai,POS,11,9.3,0
772,1822.06,Delhi,Online,14,22.06,0
771,2263.52,Delhi,ATM,6,49.9,0
744,29739.0,Mumbai,ATM,5,14.0,1
810,4780.53,Bangalore,POS,11,42.53,0
534,4616.32,Chennai,ATM,6,49.32,0
576,3773.57,Mumbai,POS,7,40.99,0
403,3743.95,Delhi,ATM,23,14.65,0
942,604.51,Bangalore,POS,21,27.94,0
893,6062.56,Hyderabad,POS,23,22.68,0
620,429.13,Hyderabad,Online,21,13.78,0
709,4066.77,Delhi,POS,22,2.92,0
65,5509.11,Delhi,ATM,15,36.55,0
234,4544.63,Delhi,Online,12,16.47,0
314,324.47,Delhi,POS,19,33.97,0
613,5884.45,Mumbai,POS,10,137.45,0
705,3603.08,Delhi,POS,23,17.44,0
210,5554.7,Hyderabad,POS,11,127.18,0
741,4622.24,Mumbai,Online,16,57.44,0
664,2402.07,Delhi,Online,18,2.92,0
278,32609.0,Delhi,POS,3,9.0,1
128,48880.0,Delhi,Online,0,34.0,1
261,33043.0,Hyderabad,POS,5,17.0,1
273,582.61,Bangalore,POS,21,31.31,0
488,71.04,Delhi,Online,10,57.53,0
371,1782.39,Chennai,Online,8,74.23,0
562,2582.75,Mumbai,Online,19,8.18,0
913,2450.81,Chennai,Online,9,16.11,0
640,11240.58,Delhi,ATM,13,78.01,0
634,1743.63,Delhi,POS,17,21.64,0
156,185.98,Hyderabad,ATM,13,40.72,0
990,2030.22,Mumbai,POS,6,31.61,0
94,54.14,Hyderabad,ATM,21,58.39,0
253,4991.35,Mumbai,Online,20,78.7,0
914,567.16,Mumbai,ATM,9,33.77,1
688,3907.36,Hyderabad,POS,18,13.71,0
238,325.32,Chennai,ATM,20,90.48,0
757,2692.49,Hyderabad,ATM,6,41.8,0
279,476.23,Bangalore,ATM,22,50.96,0
22,301.65,Hyderabad,ATM,20,3.8,0
382,1202.66,Chennai,POS,18,9.51,0
414,3075.52,Delhi,ATM,18,46.0,0
733,4022.73,Mumbai,ATM,21,40.19,0
703,46150.0,Bangalore,POS,2,428.0,1
399,834.37,Delhi,ATM,6,40.89,0
742,1092.21,Bangalore,Online,19,8.66,0
235,3943.56,Delhi,ATM,11,56.41,0
875,520.4,Hyderabad,POS,22,47.67,0
867,2813.53,Bangalore,ATM,7,31.18,0
93,455.24,Mumbai,Online,23,76.26,0
82,4491.35,Delhi,ATM,10,17.9,0
880,1825.76,Mumbai,Online,19,20.57,0
534,5197.97,Chennai,POS,7,8.78,0
802,6063.34,Mumbai,ATM,23,74.64,0
434,7001.2,Mumbai,Online,12,25.26,0
79,3772.18,Chennai,ATM,11,80.71,0
798,3352.18,Delhi,POS,11,15.06,0
955,664.37,Chennai,ATM,11,21.93,0
526,1881.68,Hyderabad,POS,7,2.84,0
172,5299.64,Mumbai,Online,13,99.56,0
855,6613.45,Delhi,ATM,13,66.12,0
728,630.71,Mumbai,Online,7,37.17,0
387,2019.44,Delhi,ATM,22,71.5,0
694,4958.05,Hyderabad,POS,18,60.0,0
478,47597.0,Delhi,POS,19,295.0,1
415,3771.79,Hyderabad,ATM,11,0.28,0
512,2258.5,Chennai,Online,8,26.41,0
377,7254.41,Chennai,POS,19,62.0,0
307,229.31,Delhi,ATM,12,56.73,0
221,852.98,Mumbai,ATM,10,31.73,0
310,2730.62,Mumbai,Online,13,72.66,0
259,4379.76,Bangalore,POS,20,58.48,0
210,2990.57,Bangalore,Online,13,59.46,0
919,1422.9,Chennai,ATM,17,63.0,0
477,50201.0,Delhi,ATM,2,306.0,1
525,1855.43,Chennai,ATM,8,35.15,0
199,1053.76,Hyderabad,Online,6,41.49,0
150,1639.97,Hyderabad,ATM,7,25.45,0
224,42.94,Delhi,Online,20,1.79,0
818,828.39,Delhi,POS,16,65.96,0
53,1126.63,Hyderabad,Online,20,82.64,0
444,6596.24,Chennai,POS,23,5.95,0
580,1035.35,Mumbai,ATM,16,94.29,0
451,2426.11,Delhi,Online,10,58.69,0
202,6145.41,Bangalore,ATM,18,15.79,0
46,3178.81,Mumbai,Online,19,101.02,0
428,1603.9,Mumbai,ATM,23,54.35,0
939,2870.32,Chennai,Online,7,2.64,0
495,3704.53,Mumbai,ATM,11,91.79,0
506,1346.87,Bangalore,ATM,17,13.47,0
979,54303.0,Delhi,POS,17,455.0,1
681,2587.79,Mumbai,POS,22,129.61,0
826,4308.07,Mumbai,Online,6,44.16,0
279,1665.59,Hyderabad,ATM,21,38.34,0
415,37.88,Hyderabad,ATM,14,7.55,0
152,4144.23,Mumbai,Online,20,165.65,0
949,4434.11,Hyderabad,POS,17,32.4,0
410,738.72,Delhi,ATM,8,12.67,0
639,3396.93,Chennai,ATM,7,6.5,0
835,4208.49,Bangalore,ATM,6,53.71,0
380,5155.45,Mumbai,ATM,21,34.39,0
406,212.7,Bangalore,ATM,13,2.92,0
626,6804.97,Delhi,Online,16,46.68,0
874,2036.35,Chennai,Online,6,1.88,0
439,2239.83,Chennai,POS,10,15.59,0
3,4324.25,Chennai,Online,15,112.11,0
376,2475.97,Delhi,POS,8,29.91,0
915,1836.28,Chennai,Online,8,26.76,0
630,1452.23,Mumbai,Online,18,69.97,0
503,8841.26,Hyderabad,ATM,22,51.73,0
628,1105.9,Chennai,ATM,14,12.01,0
795,5874.23,Chennai,ATM,13,10.73,0
33,1718.41,Delhi,POS,11,72.72,0
830,4203.0,Hyderabad,ATM,15,36.92,0
835,4157.2,Mumbai,ATM,16,129.72,0
473,8565.28,Mumbai,Online,8,24.34,0
897,6881.65,Chennai,ATM,10,29.16,0
76,3507.29,Delhi,POS,16,74.61,0
736,1498.84,Bangalore,Online,23,30.64,0
310,40506.0,Delhi,Online,1,417.0,1
354,4494.18,Chennai,ATM,18,63.55,0
510,4233.46,Bangalore,POS,16,8.9,0
836,5375.58,Bangalore,POS,16,0.67,0
770,4197.19,Mumbai,Online,11,27.56,0
426,3034.98,Delhi,Online,7,3.57,0
246,1659.74,Bangalore,ATM,12,46.08,0
428,4138.06,Chennai,POS,17,10.97,0
820,1594.46,Delhi,Online,9,11.19,0
845,31916.0,Hyderabad,ATM,10,287.0,1
911,1094.43,Hyderabad,POS,12,62.35,0
973,1004.27,Chennai,ATM,23,57.05,0
774,4240.96,Delhi,ATM,6,0.24,0
643,40548.0,Bangalore,POS,13,462.0,1
946,2104.19,Hyderabad,Online,20,90.38,0
913,1948.32,Chennai,Online,14,24.46,0
5,1546.77,Chennai,Online,20,0.98,0
3,3838.58,Chennai,ATM,23,67.77,0
560,41441.0,Delhi,POS,23,472.0,1
509,42501.0,Delhi,Online,17,419.0,1
948,59780.0,Delhi,POS,10,90.0,1
15,2612.54,Chennai,ATM,13,15.04,0
22,2133.86,Delhi,Online,15,61.86,0
426,3013.32,Bangalore,Online,11,83.9,0
784,32770.0,Chennai,Online,5,40.0,1
895,990.77,Chennai,Online,8,16.8,0
814,2263.4,Delhi,Online,9,43.46,0
346,4878.89,Hyderabad,ATM,22,126.23,0
685,1958.98,Chennai,ATM,8,35.25,0
398,2263.56,Hyderabad,ATM,6,25.68,0
636,3472.28,Chennai,Online,11,25.29,0
165,2185.88,Hyderabad,Online,21,95.21,0
776,1664.67,Chennai,ATM,18,7.3,0
443,4677.46,Hyderabad,ATM,12,46.09,0
636,310.59,Hyderabad,POS,8,13.4,0
763,5096.31,Bangalore,POS,20,35.08,0
658,2754.98,Chennai,Online,20,13.91,0
585,3210.71,Delhi,POS,16,20.08,0
858,1099.92,Delhi,ATM,8,12.3,0
99,1231.07,Hyderabad,Online,10,14.05,0
567,47164.0,Delhi,Online,3,319.0,1
654,568.06,Delhi,POS,19,136.97,0
880,1890.32,Delhi,POS,10,60.21,0
836,1607.46,Mumbai,ATM,16,35.97,0
77,17461.0,Delhi,ATM,4,19.0,1
292,7030.09,Chennai,Online,22,19.47,0
873,2757.28,Chennai,Online,14,50.84,0
326,2151.8,Mumbai,POS,12,11.81,0
81,1237.14,Delhi,ATM,23,6.52,0
935,4077.49,Hyderabad,POS,23,24.18,0
566,1188.81,Chennai,ATM,7,9.29,0
900,2458.79,Delhi,ATM,7,14.89,0
97,36131.0,Delhi,ATM,3,456.0,1
829,3318.02,Hyderabad,Online,14,52.19,0
963,3187.9,Mumbai,Online,16,32.68,0
665,39403.0,Delhi,Online,20,415.0,1
747,2756.67,Mumbai,POS,22,12.51,0
418,3448.52,Hyderabad,ATM,12,46.45,0
244,87.05,Mumbai,POS,18,22.95,0
541,287.7,Mumbai,ATM,19,36.82,0
295,5111.64,Hyderabad,Online,19,10.37,0
620,4733.89,Chennai,ATM,12,16.17,0
708,1637.14,Mumbai,POS,9,0.57,0
255,4249.83,Chennai,Online,13,26.28,0
749,8837.48,Bangalore,Online,12,32.61,0
116,3564.31,Mumbai,POS,9,16.46,0
15,617.86,Delhi,Online,20,9.46,0
742,2422.06,Chennai,ATM,16,155.91,0
388,1457.56,Delhi,ATM,12,46.51,0
150,2829.03,Delhi,Online,13,93.73,0
972,1734.13,Chennai,ATM,6,10.8,0
163,4393.8,Chennai,POS,20,58.68,0
209,499.29,Delhi,Online,15,2.47,0
437,308.36,Bangalore,POS,8,46.4,0
357,2939.68,Mumbai,ATM,12,53.68,0
283,766.12,Bangalore,ATM,11,39.76,0
449,32681.0,Bangalore,Online,15,415.0,1
565,3659.05,Mumbai,Online,14,100.07,0
535,1914.76,Chennai,ATM,22,82.65,0
765,1635.34,Chennai,POS,9,10.78,0
290,2665.98,Mumbai,POS,23,12.32,0
589,1408.08,Hyderabad,Online,21,28.38,0
4,5131.29,Chennai,ATM,23,87.75,0
350,903.18,Mumbai,Online,9,20.69,0
739,763.93,Delhi,POS,14,96.56,0
644,103.77,Hyderabad,POS,17,7.94,0
484,3678.07,Mumbai,ATM,7,19.56,0
366,3549.72,Mumbai,POS,16,11.43,0
442,47601.0,Hyderabad,Online,3,269.0,1
888,5098.32,Bangalore,ATM,23,6.84,0
75,549.3,Hyderabad,ATM,10,56.28,0
220,1017.68,Chennai,Online,14,15.51,0
602,2458.37,Delhi,POS,20,48.54,0
96,9155.14,Mumbai,POS,9,51.36,0
257,5489.52,Hyderabad,POS,13,15.3,0
706,1087.6,Mumbai,POS,6,13.12,0
502,2331.51,Mumbai,ATM,16,43.93,0
516,1484.12,Hyderabad,ATM,6,29.97,0
358,33228.0,Chennai,POS,2,1.0,1
684,3091.18,Mumbai,Online,13,35.21,0
751,2882.89,Mumbai,Online,10,15.35,0
63,468.3,Mumbai,POS,10,49.95,0
744,37014.0,Bangalore,Online,9,410.0,1
854,27389.0,Delhi,Online,1,10.0,1
701,7364.33,Bangalore,Online,8,10.67,0
217,1335.44,Bangalore,Online,19,36.44,0
833,10816.97,Hyderabad,POS,23,43.67,0
544,55189.0,Delhi,ATM,10,453.0,1
609,723.46,Hyderabad,Online,20,30.79,0
626,3810.64,Bangalore,ATM,16,57.9,0
220,31431.0,Bangalore,POS,9,353.0,1
94,7432.83,Chennai,POS,10,35.31,0
236,1178.09,Hyderabad,Online,23,2.85,0
932,2933.5,Mumbai,Online,22,113.41,0
897,2203.42,Mumbai,Online,7,70.13,0
622,2549.74,Chennai,Online,23,51.89,0
348,1704.02,Chennai,ATM,14,32.12,0
140,4262.62,Chennai,ATM,21,42.72,0
211,4926.17,Mumbai,POS,8,9.33,0
640,210.53,Bangalore,POS,23,67.94,0
779,4468.12,Mumbai,POS,14,31.19,0
346,907.35,Chennai,Online,6,16.93,0
741,609.72,Delhi,Online,8,64.15,0
195,463.05,Chennai,ATM,23,46.69,0
59,772.56,Hyderabad,Online,10,26.93,0
321,2891.01,Chennai,POS,15,111.13,0
268,5767.62,Hyderabad,Online,23,28.95,0
503,2827.26,Chennai,Online,11,30.87,0
296,5583.26,Chennai,ATM,18,30.93,0
520,5286.32,Chennai,Online,7,17.4,1
268,2017.59,Bangalore,ATM,16,46.21,0
742,5882.28,Hyderabad,Online,18,139.4,0
126,1609.18,Mumbai,ATM,22,44.95,0
330,780.6,Chennai,ATM,15,49.17,0
804,2421.47,Chennai,POS,7,53.14,0
55,337.62,Mumbai,ATM,23,13.95,0
364,86.76,Chennai,POS,22,42.95,0
67,5090.68,Chennai,Online,18,39.98,0
542,6866.36,Hyderabad,POS,6,30.79,0
751,1660.69,Mumbai,POS,21,78.17,0
954,194.53,Mumbai,ATM,12,55.52,0
66,6731.2,Mumbai,Online,8,32.83,0
410,2498.48,Delhi,POS,11,35.91,0
661,5978.23,Delhi,ATM,15,1.54,0
249,2248.72,Mumbai,ATM,22,47.94,0
107,4098.97,Delhi,Online,20,23.94,0
842,1383.99,Bangalore,Online,17,5.63,0
383,4583.7,Chennai,Online,18,37.68,0
739,1238.1,Delhi,POS,11,64.11,0
983,1622.9,Chennai,POS,8,32.58,0
316,286.91,Delhi,ATM,22,38.94,0
835,1192.77,Chennai,Online,9,71.69,0
570,425.29,Hyderabad,Online,14,19.42,0
996,39.93,Hyderabad,POS,7,3.02,0
349,2540.12,Chennai,ATM,13,1.03,0
222,1428.88,Delhi,Online,22,37.01,0
323,2679.84,Chennai,ATM,13,49.92,0
826,5262.59,Chennai,POS,20,20.52,0
739,2605.18,Chennai,POS,7,9.54,0
204,456.73,Chennai,POS,12,20.89,0
138,3436.77,Delhi,Online,7,77.34,0
876,393.72,Chennai,Online,22,2.75,0
985,2778.51,Bangalore,Online,20,69.67,0
879,325.22,Hyderabad,POS,22,14.9,0
11,25870.0,Hyderabad,Online,0,457.0,1
425,472.4,Mumbai,POS,22,30.08,0
251,968.44,Delhi,ATM,21,48.54,0
291,1171.51,Hyderabad,Online,19,31.39,0
904,3115.71,Mumbai,ATM,17,18.07,0
355,1021.53,Chennai,Online,15,93.74,0
828,1185.59,Hyderabad,POS,15,100.06,0
300,4006.67,Bangalore,POS,21,11.7,0
28,3851.31,Bangalore,Online,11,28.77,0
162,55725.0,Delhi,Online,16,75.0,1
282,2512.71,Bangalore,Online,8,68.11,0
38,391.23,Delhi,Online,22,54.75,0
964,2906.04,Delhi,POS,6,35.25,0
346,3431.12,Bangalore,ATM,19,3.74,0
762,1871.22,Chennai,Online,10,15.71,0
867,2195.65,Chennai,Online,7,36.38,0
209,1439.28,Bangalore,POS,8,64.87,0
782,6099.69,Mumbai,POS,20,5.18,0
963,543.34,Chennai,Online,12,89.45,0
349,1736.74,Bangalore,POS,23,46.28,0
586,1298.66,Bangalore,ATM,23,6.61,0
147,3304.89,Hyderabad,ATM,15,46.98,0
42,9725.99,Delhi,POS,6,102.47,0
459,3836.21,Delhi,ATM,13,17.86,0
684,53321.0,Delhi,Online,4,208.0,1
661,250.75,Chennai,Online,9,20.99,0
463,736.31,Chennai,POS,7,94.23,0
579,4536.89,Chennai,ATM,15,11.16,0
958,6063.05,Bangalore,ATM,11,65.63,0
613,2002.12,Hyderabad,POS,19,98.9,0
587,108.24,Delhi,POS,20,18.08,0
535,2318.58,Hyderabad,ATM,18,17.47,0
583,2243.17,Delhi,POS,9,50.16,0
791,2728.88,Delhi,POS,12,46.65,0
912,3688.29,Mumbai,Online,15,25.57,0
795,33478.0,Bangalore,POS,5,3.0,1
572,1573.3,Bangalore,POS,9,9.87,0
428,46034.0,Mumbai,ATM,5,363.0,1
742,3613.09,Hyderabad,Online,16,14.55,0
617,43994.0,Delhi,POS,16,70.0,1
776,564.62,Delhi,Online,17,10.31,0
909,2604.61,Mumbai,POS,19,67.51,0
563,1394.15,Mumbai,ATM,17,65.93,0
151,430.4,Delhi,Online,23,16.18,0
388,302.56,Chennai,Online,6,53.81,0
829,138.29,Mumbai,Online,22,42.23,0
345,33255.0,Delhi,ATM,6,465.0,1
247,862.64,Delhi,POS,14,88.8,0
42,299.06,Mumbai,ATM,13,48.96,1
684,2111.71,Bangalore,POS,18,49.52,0
399,4787.93,Chennai,Online,18,5.45,0
77,1477.21,Mumbai,POS,16,42.79,0
844,4901.72,Chennai,Online,18,9.0,0
627,323.6,Chennai,ATM,8,78.7,0
330,68.15,Bangalore,Online,22,20.86,0
597,49472.0,Delhi,Online,20,73.0,1
226,2331.17,Delhi,Online,21,7.26,0
614,4073.8,Mumbai,Online,20,20.65,0
744,1838.88,Bangalore,POS,10,69.2,0
353,3035.48,Chennai,POS,21,7.0,0
846,204.17,Bangalore,Online,11,21.66,0
955,561.84,Delhi,Online,18,17.05,0
691,4277.0,Chennai,Online,12,1.09,0
238,2059.32,Mumbai,ATM,17,98.41,0
176,2969.9,Bangalore,Online,20,60.35,0
82,684.45,Mumbai,Online,9,15.54,0
168,7123.78,Chennai,Online,19,45.41,0
526,19337.0,Hyderabad,POS,4,31.0,1
386,4938.12,Mumbai,ATM,8,79.97,0
559,124.04,Delhi,POS,7,3.88,0
173,1118.93,Delhi,Online,10,0.17,0
302,1900.23,Chennai,ATM,14,42.98,0
55,5280.55,Mumbai,POS,14,27.4,0
408,3911.98,Chennai,Online,20,8.94,0
512,2890.61,Mumbai,Online,8,22.47,0
166,1029.98,Bangalore,POS,23,16.24,0
105,6556.33,Delhi,POS,19,29.09,0
560,889.89,Bangalore,POS,20,15.01,0
437,1500.44,Mumbai,POS,13,91.84,0
869,1460.1,Hyderabad,POS,16,9.01,0
347,563.06,Bangalore,POS,6,64.95,0
720,7889.51,Bangalore,ATM,9,32.53,0
717,2258.32,Bangalore,Online,18,11.84,0
827,5162.92,Chennai,ATM,6,47.26,0
148,2412.5,Mumbai,Online,13,31.42,0
336,144.39,Chennai,ATM,17,9.22,0
344,776.93,Bangalore,Online,14,61.08,0
154,873.72,Hyderabad,POS,11,114.13,0
585,3302.59,Hyderabad,ATM,20,53.78,0
978,1624.36,Hyderabad,POS,14,22.58,0
639,4593.15,Delhi,POS,6,89.97,0
130,4119.43,Chennai,ATM,7,36.66,0
709,2506.21,Hyderabad,ATM,14,59.1,0
299,559.15,Delhi,POS,16,52.09,0
625,1163.66,Chennai,POS,8,116.59,0
463,1328.68,Hyderabad,ATM,7,2.91,0
452,2416.69,Mumbai,Online,23,46.43,0
400,3922.82,Hyderabad,POS,11,22.94,0
631,5596.59,Bangalore,Online,8,65.95,0
680,35002.0,Bangalore,POS,5,31.0,1
639,3523.75,Bangalore,POS,21,41.33,0
158,1728.69,Mumbai,ATM,22,65.14,0
506,46079.0,Hyderabad,Online,10,386.0,1
191,247.83,Mumbai,ATM,7,23.08,0
905,4270.26,Delhi,ATM,18,20.73,0
340,579.05,Hyderabad,Online,6,20.58,0
172,5365.9,Hyderabad,Online,16,10.65,0
275,1472.25,Hyderabad,ATM,20,4.5,0
201,5886.18,Hyderabad,ATM,11,27.46,0
650,53455.0,Delhi,ATM,23,294.0,1
851,5956.52,Mumbai,POS,9,20.52,0
169,1528.74,Delhi,Online,23,135.05,0
740,20829.0,Mumbai,POS,3,24.0,1
969,1176.92,Mumbai,ATM,22,7.68,0
703,1707.29,Mumbai,POS,9,57.62,0
401,7077.57,Chennai,POS,21,93.5,0
980,5681.85,Hyderabad,ATM,6,0.12,0
775,914.28,Delhi,ATM,13,73.56,1
314,8117.62,Chennai,POS,22,33.45,0
77,40768.0,Mumbai,Online,15,403.0,1
854,534.13,Hyderabad,Online,14,76.4,0
89,928.29,Mumbai,ATM,15,30.33,0
301,1492.11,Delhi,ATM,12,41.93,0
747,1819.28,Hyderabad,Online,19,62.55,0
867,32803.0,Bangalore,ATM,13,454.0,1
983,2236.73,Mumbai,POS,9,62.44,0
789,1922.35,Chennai,ATM,11,48.76,0
631,1146.59,Chennai,POS,22,8.69,0
62,136.47,Mumbai,ATM,6,47.35,0
133,2104.47,Hyderabad,POS,23,44.5,0
357,5273.13,Mumbai,ATM,23,44.58,0
829,2829.36,Bangalore,Online,16,39.91,0
598,2001.64,Bangalore,POS,20,16.65,0
884,977.81,Bangalore,POS,16,8.73,0
759,949.78,Delhi,POS,16,87.87,0
433,38352.0,Mumbai,POS,5,18.0,1
981,14.43,Chennai,Online,19,19.67,0
27,2054.53,Chennai,Online,7,10.78,0
315,7710.81,Mumbai,POS,13,61.15,0
243,6940.62,Chennai,ATM,16,29.56,0
6,5512.53,Bangalore,Online,22,26.2,0
649,76.98,Mumbai,POS,9,126.96,0
292,5568.44,Hyderabad,POS,18,87.02,0
635,19720.0,Mumbai,ATM,4,44.0,1
653,350.47,Delhi,POS,19,2.7,0
7,271.59,Hyderabad,POS,11,29.13,0
295,5384.8,Chennai,POS,12,77.14,0
178,3238.32,Chennai,POS,10,3.83,0
65,2350.18,Hyderabad,Online,6,32.95,0
640,1445.39,Bangalore,POS,6,4.82,0
533,1368.37,Delhi,ATM,11,58.52,0
567,3266.28,Chennai,POS,11,21.03,0
414,1822.86,Chennai,POS,20,8.93,0
186,4706.01,Bangalore,ATM,16,11.88,0
997,3988.59,Delhi,ATM,10,98.33,0
884,5125.82,Chennai,ATM,10,14.66,0
524,477.03,Bangalore,ATM,23,117.68,0
105,1504.85,Hyderabad,Online,20,6.3,0
661,3181.1,Chennai,ATM,12,2.3,0
807,1048.84,Mumbai,POS,11,78.97,0
949,829.9,Mumbai,Online,10,33.83,0
581,49280.0,Chennai,POS,5,355.0,1
335,7157.72,Hyderabad,Online,15,5.12,0
564,2993.43,Mumbai,ATM,17,57.62,0
251,442.68,Hyderabad,Online,16,28.34,0
316,231.47,Chennai,ATM,20,53.24,0
904,2464.21,Mumbai,ATM,15,24.92,0
21,357.8,Delhi,ATM,21,45.35,0
743,8264.14,Bangalore,POS,20,40.4,1
585,990.72,Chennai,Online,7,21.58,0
683,39895.0,Chennai,Online,5,31.0,1
917,4369.22,Mumbai,POS,23,17.98,0
532,6509.09,Mumbai,Online,9,77.96,0
374,4291.52,Chennai,POS,12,77.15,0
905,187.29,Hyderabad,ATM,20,88.41,0
519,6353.39,Bangalore,ATM,12,56.93,0
740,1481.66,Delhi,POS,22,14.15,0
243,1617.22,Bangalore,Online,7,66.41,0
285,37709.0,Hyderabad,POS,2,415.0,1
472,637.53,Mumbai,Online,8,30.29,0
153,5040.82,Mumbai,POS,17,7.78,0
95,6145.4,Bangalore,ATM,22,23.58,0
627,1845.66,Chennai,POS,19,36.12,0
85,2032.09,Hyderabad,ATM,8,63.93,0
118,547.1,Chennai,POS,10,61.81,0
119,4091.77,Chennai,POS,20,45.83,0
771,3200.79,Chennai,Online,8,76.69,0
392,9502.25,Mumbai,Online,7,12.3,0
739,86.66,Mumbai,POS,16,151.22,0
948,1966.91,Bangalore,Online,12,11.01,0
765,2548.87,Chennai,ATM,12,77.26,0
346,3089.22,Chennai,POS,11,14.93,0
898,863.55,Delhi,POS,9,7.09,0
804,1030.78,Chennai,Online,15,12.39,0
572,317.41,Hyderabad,Online,16,64.7,0
591,5775.44,Mumbai,Online,15,14.88,0
18,1814.41,Hyderabad,Online,17,1.59,0
359,2215.11,Chennai,POS,6,77.32,0
220,3004.94,Hyderabad,POS,17,42.36,0
712,7143.09,Chennai,Online,13,36.2,0
122,810.3,Mumbai,ATM,17,27.26,0
553,1695.1,Delhi,Online,12,40.64,0
266,41117.0,Delhi,ATM,0,72.0,1
433,1933.52,Hyderabad,Online,21,0.86,0
507,2185.11,Mumbai,POS,7,20.19,0
739,28965.0,Bangalore,Online,5,1.0,1
881,980.38,Chennai,ATM,16,94.29,0
885,4931.18,Chennai,Online,15,24.94,0
61,330.37,Hyderabad,ATM,18,104.94,0
578,50793.0,Delhi,ATM,11,216.0,1
380,2271.05,Delhi,ATM,15,41.81,0
177,30714.0,Delhi,ATM,1,8.0,1
114,4580.21,Chennai,Online,22,29.9,0
213,3193.74,Bangalore,POS,13,11.29,0
409,3361.49,Chennai,ATM,11,3.09,0
44,3677.82,Hyderabad,Online,17,85.25,0
152,708.38,Chennai,ATM,7,96.11,0
201,311.2,Bangalore,ATM,9,20.19,0
474,666.12,Delhi,Online,7,50.74,0
295,4634.84,Hyderabad,ATM,21,1.53,0
821,2417.58,Chennai,POS,12,7.37,0
579,1575.36,Delhi,POS,22,12.15,0
458,5078.52,Bangalore,POS,14,0.48,0
210,287.75,Chennai,ATM,12,4.06,0
823,3748.04,Mumbai,POS,18,80.6,0
830,23330.0,Bangalore,Online,4,25.0,1
600,125.57,Mumbai,Online,21,14.95,0
59,28592.0,Delhi,ATM,4,6.0,1
26,3025.07,Chennai,Online,20,39.63,0
683,2071.25,Delhi,Online,6,63.28,0
269,3317.15,Hyderabad,POS,8,28.34,0
577,858.38,Delhi,POS,6,20.11,0
684,35376.0,Chennai,ATM,5,450.0,1
514,1956.32,Hyderabad,ATM,21,38.82,0
405,1874.24,Hyderabad,ATM,13,51.66,0
204,6182.92,Bangalore,POS,9,57.8,0
392,1422.64,Delhi,Online,19,42.11,0
979,3721.26,Mumbai,ATM,15,6.57,0
497,454.0,Delhi,Online,13,52.66,0
781,2098.29,Mumbai,Online,22,35.83,0
610,953.98,Hyderabad,Online,20,60.24,0
69,2331.62,Delhi,Online,19,5.94,0
979,3889.3,Chennai,Online,20,6.0,0
472,2625.23,Hyderabad,Online,9,71.17,0
57,7675.31,Chennai,POS,14,1.79,0
954,38742.0,Delhi,POS,7,189.0,1
630,4102.76,Hyderabad,POS,20,31.8,0
919,2934.03,Bangalore,Online,23,55.14,0
602,52653.0,Delhi,Online,0,417.0,1
951,3366.2,Delhi,ATM,23,7.8,0
777,2097.57,Delhi,POS,22,44.9,0
239,1707.62,Bangalore,POS,17,24.22,0
12,3381.97,Chennai,Online,14,114.91,0
429,1595.75,Bangalore,POS,8,39.56,0
185,1689.09,Bangalore,POS,8,107.11,0
413,3251.67,Chennai,Online,22,14.73,0
691,2886.63,Delhi,Online,19,115.33,0
517,2902.39,Bangalore,POS,21,16.97,0
52,1155.49,Hyderabad,ATM,13,4.69,0
265,44037.0,Delhi,ATM,3,358.0,1
922,11304.9,Mumbai,Online,21,2.91,0
916,3540.37,Hyderabad,POS,13,22.47,0
387,2895.7,Bangalore,POS,18,1.91,0
656,778.44,Hyderabad,ATM,15,100.94,0
386,5541.55,Mumbai,POS,14,16.84,0
440,4922.64,Bangalore,POS,15,8.05,0
455,10119.08,Hyderabad,ATM,9,1.53,0
164,34005.0,Bangalore,ATM,2,40.0,1
129,5319.65,Hyderabad,Online,14,82.1,0
546,2666.89,Mumbai,POS,7,32.09,0
141,30713.0,Hyderabad,ATM,2,48.0,1
70,5315.94,Hyderabad,Online,8,44.21,0
220,44218.0,Mumbai,ATM,23,479.0,1
615,454.27,Mumbai,Online,19,18.81,0
219,1759.46,Bangalore,Online,16,3.26,0
255,2111.16,Delhi,ATM,23,23.43,0
411,1354.47,Chennai,Online,17,69.85,0
286,219.32,Bangalore,Online,14,73.72,0
100,1682.93,Chennai,Online,15,11.72,0
807,2491.77,Bangalore,Online,21,78.11,0
496,1300.65,Chennai,POS,10,4.02,0
609,1319.55,Hyderabad,POS,7,51.03,0
980,38130.0,Mumbai,Online,17,368.0,1
454,2562.93,Hyderabad,Online,13,11.0,0
638,3724.02,Bangalore,POS,18,82.22,0
560,1693.04,Hyderabad,POS,13,19.56,0
596,3085.03,Hyderabad,POS,20,49.83,0
519,2490.53,Delhi,POS,8,96.2,0
603,4172.99,Delhi,POS,7,17.26,0
629,10791.81,Hyderabad,POS,11,39.72,0
704,774.35,Delhi,Online,18,18.27,0
46,2739.4,Chennai,ATM,8,13.51,0
746,3847.0,Hyderabad,POS,23,38.93,0
213,2154.78,Mumbai,ATM,10,79.91,0
594,4680.72,Delhi,POS,7,15.9,0
8,1107.06,Hyderabad,POS,15,21.57,0
306,5740.22,Hyderabad,ATM,11,71.4,0
943,1005.59,Bangalore,POS,14,79.7,0
759,309.88,Hyderabad,ATM,19,19.99,0
52,38.6,Bangalore,ATM,11,24.89,0
810,28880.0,Bangalore,ATM,3,31.0,1
30,49.61,Delhi,ATM,13,9.33,0
519,103.38,Chennai,ATM,10,20.42,0
802,3091.11,Bangalore,ATM,10,35.53,0
189,5823.2,Delhi,POS,15,39.0,0
407,2863.4,Hyderabad,POS,17,29.04,0
55,462.22,Bangalore,Online,11,26.06,0
156,5221.01,Bangalore,ATM,21,79.62,0
486,4026.88,Mumbai,ATM,8,65.02,0
107,2446.33,Delhi,POS,9,93.61,0
933,44231.0,Delhi,POS,17,408.0,1
62,222.14,Hyderabad,Online,9,31.71,0
529,38296.0,Mumbai,Online,4,35.0,1
178,4808.16,Delhi,ATM,6,7.54,0
280,1326.84,Bangalore,ATM,11,45.77,0
436,2207.24,Chennai,Online,7,66.01,0
258,3362.89,Bangalore,ATM,13,60.34,0
714,2723.46,Bangalore,POS,7,64.08,0
359,41531.0,Delhi,POS,11,135.0,1
131,2122.63,Hyderabad,POS,13,64.59,0
900,1799.34,Delhi,Online,7,116.11,0
440,1554.1,Delhi,ATM,20,63.01,0
150,691.24,Chennai,Online,10,9.4,0
158,24354.0,Bangalore,POS,5,39.0,1
752,1481.6,Chennai,ATM,20,134.98,0
408,7024.04,Mumbai,POS,15,35.07,0
695,3527.21,Bangalore,Online,6,5.66,0
853,5782.86,Bangalore,POS,11,30.3,0
920,1305.23,Chennai,POS,23,34.68,0
868,4403.55,Bangalore,Online,7,83.67,0
732,3947.67,Chennai,ATM,13,44.95,0
559,5766.85,Mumbai,ATM,13,18.06,0
236,3942.37,Chennai,Online,9,14.1,0
733,3267.13,Bangalore,ATM,22,33.04,0
927,4027.17,Bangalore,ATM,11,18.33,0
261,23573.0,Chennai,POS,3,27.0,1
548,5552.97,Chennai,ATM,12,30.16,0
804,910.11,Chennai,POS,16,29.8,0
611,2318.75,Hyderabad,ATM,22,105.7,0
262,7030.33,Bangalore,POS,19,32.09,0
541,5691.1,Mumbai,POS,7,69.03,0
323,5743.7,Mumbai,ATM,9,121.57,0
461,1972.64,Delhi,ATM,13,48.57,0
92,2013.33,Hyderabad,POS,18,67.22,0
180,3488.65,Mumbai,POS,13,51.68,0
167,206.62,Mumbai,POS,9,68.3,0
116,54012.0,Delhi,ATM,15,15.0,1
161,42884.0,Delhi,POS,5,264.0,1
729,3010.29,Mumbai,Online,10,64.74,0
836,2419.79,Mumbai,Online,11,11.27,0
17,159.72,Hyderabad,ATM,20,50.48,0
118,3602.68,Chennai,POS,23,52.91,0
693,1640.59,Bangalore,Online,6,40.13,0
838,673.05,Delhi,ATM,8,112.69,0
940,447.64,Hyderabad,ATM,16,115.26,0
657,52722.0,Delhi,ATM,1,402.0,1
802,2114.66,Hyderabad,POS,10,58.78,0
317,6114.24,Hyderabad,ATM,9,16.3,0
204,4563.37,Chennai,ATM,18,71.19,0
4,3023.87,Delhi,ATM,18,19.61,0
77,4937.14,Chennai,ATM,19,10.04,0
685,4067.57,Delhi,Online,8,97.69,0
663,3350.95,Delhi,ATM,8,21.93,0
721,6969.93,Mumbai,ATM,6,41.15,0
555,2729.57,Bangalore,POS,14,34.32,0
481,1005.32,Hyderabad,Online,17,91.16,0
779,7984.11,Bangalore,POS,12,29.65,0
145,6781.21,Hyderabad,POS,18,18.46,0
622,401.34,Chennai,POS,13,12.05,0
572,3314.82,Hyderabad,Online,21,9.7,0
699,3623.3,Bangalore,POS,8,25.32,0
380,1004.92,Bangalore,Online,17,35.94,0
80,4600.58,Bangalore,Online,13,18.57,0
966,5467.94,Bangalore,POS,17,50.87,0
987,3413.85,Hyderabad,POS,11,48.51,0
310,36191.0,Delhi,Online,18,188.0,1
803,1352.24,Delhi,POS,16,21.55,0
121,836.18,Bangalore,ATM,8,17.4,0
142,1367.55,Bangalore,POS,11,51.86,0
99,1046.52,Hyderabad,Online,14,69.28,0
730,5430.2,Mumbai,ATM,14,31.85,0
145,1833.84,Bangalore,ATM,22,32.33,0
461,2608.83,Delhi,POS,17,64.71,0
136,3447.01,Hyderabad,ATM,15,33.07,0
854,8545.69,Delhi,ATM,22,19.72,0
866,1567.98,Mumbai,ATM,21,58.2,0
728,2758.35,Chennai,Online,18,29.96,0
722,9486.55,Bangalore,ATM,7,3.76,0
217,1056.72,Delhi,ATM,11,15.83,0
942,5224.55,Delhi,POS,14,65.33,1
92,3906.67,Hyderabad,Online,11,19.36,0
735,2911.77,Chennai,Online,19,11.24,0
965,15204.0,Chennai,ATM,4,4.0,1
657,3517.5,Chennai,Online,9,34.54,0
999,2290.48,Mumbai,ATM,9,13.47,0
673,4597.63,Mumbai,ATM,8,74.75,0
45,4470.7,Mumbai,ATM,7,50.87,0
140,4872.26,Chennai,ATM,8,70.92,0
608,8616.04,Chennai,Online,21,7.8,0
718,2338.71,Chennai,POS,15,10.82,0
336,2015.93,Mumbai,POS,10,86.64,0
535,2045.04,Hyderabad,POS,12,33.05,0
423,6141.54,Hyderabad,ATM,14,61.0,0
785,920.61,Chennai,POS,22,52.72,0
486,3033.65,Delhi,POS,8,85.01,0
790,2233.53,Chennai,Online,14,61.28,0
158,9936.04,Hyderabad,POS,18,39.9,0
188,2157.98,Delhi,Online,17,46.12,0
537,914.16,Mumbai,ATM,10,129.4,0
62,2550.21,Delhi,POS,19,3.65,0
440,517.07,Hyderabad,POS,13,64.86,0
258,4611.56,Hyderabad,POS,12,14.87,0
991,3739.35,Mumbai,ATM,15,65.43,0
142,2564.91,Delhi,ATM,7,32.64,0
455,37642.0,Delhi,ATM,12,184.0,1
361,7131.99,Bangalore,Online,12,28.54,0
747,1845.06,Hyderabad,Online,23,34.77,0
924,2019.71,Chennai,Online,21,76.83,0
317,6655.92,Hyderabad,Online,13,26.01,0
86,31630.0,Hyderabad,POS,4,6.0,1
337,5673.88,Bangalore,POS,18,16.7,0
720,1724.67,Chennai,ATM,17,6.65,0
323,1078.83,Delhi,POS,8,67.39,0
1,2802.76,Mumbai,Online,20,7.98,0
804,4246.08,Hyderabad,ATM,7,14.68,0
881,1521.89,Chennai,Online,16,33.56,0
220,2226.46,Mumbai,ATM,14,46.91,0
912,1440.02,Chennai,ATM,15,14.37,0
855,2709.13,Bangalore,POS,12,25.9,0
475,246.43,Chennai,ATM,17,21.53,0
936,1410.26,Chennai,Online,6,27.5,0
295,43085.0,Delhi,POS,9,395.0,1
707,696.06,Chennai,Online,14,63.14,0
961,9023.48,Mumbai,ATM,7,33.04,0
716,17110.0,Delhi,POS,1,34.0,1
97,47036.0,Delhi,Online,19,315.0,1
368,3612.62,Mumbai,ATM,16,26.34,0
371,5132.86,Chennai,Online,19,53.26,0
584,46106.0,Hyderabad,ATM,12,254.0,1
931,3451.76,Chennai,Online,23,33.65,0
450,1389.05,Chennai,POS,13,41.55,0
513,4477.05,Mumbai,POS,12,31.85,0
584,3665.89,Delhi,POS,17,7.2,0
22,1666.58,Bangalore,ATM,18,17.39,0
867,295.47,Delhi,Online,12,20.52,0
357,6601.0,Chennai,ATM,12,28.9,0
321,5525.43,Bangalore,Online,15,84.9,0
551,458.46,Hyderabad,Online,11,62.75,0
587,2915.88,Mumbai,Online,13,17.37,0
877,7615.81,Chennai,POS,7,11.74,0
659,416.6,Bangalore,POS,7,47.36,0
6,5279.71,Hyderabad,POS,19,18.56,0
249,2141.49,Chennai,Online,18,57.79,0
226,557.22,Hyderabad,Online,15,7.7,0
343,25947.0,Hyderabad,ATM,5,35.0,1
580,1960.29,Chennai,Online,19,44.17,0
405,3782.23,Mumbai,ATM,11,1.01,0
906,2200.95,Bangalore,ATM,17,8.59,0
80,2442.84,Bangalore,Online,10,22.88,1
456,7686.58,Delhi,Online,13,34.19,0
564,329.09,Mumbai,ATM,11,33.54,0
815,4183.78,Mumbai,Online,17,32.42,0
538,1534.39,Hyderabad,POS,21,35.9,0
703,2287.13,Chennai,ATM,9,68.23,0
516,2440.28,Hyderabad,ATM,16,53.58,0
84,1763.6,Delhi,POS,20,66.63,0
482,6748.31,Chennai,ATM,23,20.59,0
726,5417.84,Delhi,Online,21,2.3,0
828,1524.14,Mumbai,Online,23,31.92,0
624,55067.0,Delhi,Online,15,460.0,1
283,662.0,Delhi,Online,9,16.62,0
142,865.53,Bangalore,Online,6,56.02,0
565,3022.45,Delhi,POS,10,3.17,0
859,46708.0,Chennai,ATM,4,492.0,1
286,1538.93,Delhi,POS,12,50.51,0
947,6784.2,Hyderabad,POS,9,53.84,0
998,33916.0,Mumbai,POS,5,45.0,1
130,4902.47,Chennai,Online,7,5.27,0
52,3197.55,Mumbai,Online,10,107.65,0
450,1826.71,Mumbai,POS,9,27.44,0
736,3260.4,Mumbai,POS,8,68.36,0
908,1940.85,Delhi,ATM,12,73.93,1
845,5259.0,Hyderabad,Online,20,43.82,0
365,31.37,Hyderabad,Online,23,57.88,0
787,6147.84,Chennai,POS,11,2.53,0
92,2302.49,Chennai,ATM,15,13.83,0
623,1113.54,Mumbai,POS,22,7.91,0
967,353.22,Delhi,Online,23,44.86,0
69,8885.73,Bangalore,Online,10,103.37,0
821,1496.2,Chennai,ATM,21,89.11,0
58,811.6,Hyderabad,ATM,19,16.46,0
930,1820.18,Chennai,ATM,13,22.99,0
953,4961.56,Hyderabad,POS,18,16.29,0
62,580.35,Delhi,ATM,15,55.23,0
452,21433.0,Mumbai,POS,3,38.0,1
427,690.79,Delhi,POS,18,72.07,0
195,2046.67,Mumbai,ATM,10,49.83,0
855,1213.32,Delhi,Online,14,78.51,0
421,5607.9,Delhi,POS,23,8.39,0
273,1748.75,Chennai,POS,22,103.99,0
652,3572.27,Chennai,POS,21,6.39,0
609,39214.0,Delhi,ATM,23,318.0,1
246,2288.05,Chennai,POS,18,29.69,0
206,4497.97,Mumbai,Online,15,21.58,0
998,36846.0,Hyderabad,Online,1,23.0,1
267,47594.0,Chennai,POS,2,311.0,1
869,2883.61,Bangalore,ATM,6,8.18,0
737,1457.9,Bangalore,POS,18,114.39,0
578,1344.66,Bangalore,ATM,20,58.47,0
730,115.79,Delhi,POS,16,12.63,0
370,27147.0,Delhi,ATM,5,30.0,1
746,277.85,Hyderabad,ATM,8,28.02,0
928,1360.43,Chennai,Online,16,36.96,0
23,6007.65,Chennai,POS,16,56.45,0
960,195.28,Delhi,POS,8,34.89,0
190,3622.24,Hyderabad,Online,16,42.12,0
381,3092.77,Bangalore,ATM,20,60.33,0
874,39850.0,Mumbai,Online,8,472.0,1
735,300.9,Chennai,ATM,11,7.89,0
956,9923.65,Chennai,POS,14,25.09,0
598,851.03,Mumbai,ATM,9,100.26,0
325,6179.29,Mumbai,POS,7,57.26,0
423,1020.32,Bangalore,Online,9,6.57,0
698,42503.0,Chennai,ATM,21,415.0,1
842,6259.24,Mumbai,Online,9,48.66,0
748,1536.49,Chennai,POS,14,25.41,0
215,208.84,Delhi,POS,11,16.98,0
928,2230.01,Bangalore,ATM,14,58.44,0
667,4911.53,Bangalore,Online,9,34.7,0
659,58174.0,Delhi,POS,0,354.0,1
350,922.96,Mumbai,Online,20,47.09,0
136,1734.09,Bangalore,POS,16,44.1,0
200,800.14,Chennai,ATM,7,14.23,0
48,58946.0,Delhi,Online,11,417.0,1
955,4740.65,Chennai,ATM,16,0.82,0
675,25829.0,Bangalore,POS,4,485.0,1
132,1637.6,Mumbai,ATM,20,12.84,0
969,2350.37,Bangalore,Online,15,19.29,0
588,4769.61,Chennai,Online,18,60.95,0
643,227.37,Bangalore,Online,7,20.81,0
203,1130.6,Delhi,ATM,10,44.94,0
401,6356.46,Chennai,POS,11,5.75,0
647,1285.71,Mumbai,ATM,10,83.34,0
990,3526.67,Mumbai,Online,10,31.81,0
656,1582.75,Bangalore,Online,12,43.94,0
618,797.41,Chennai,ATM,17,46.7,0
708,969.69,Mumbai,ATM,13,19.29,0
434,1345.2,Hyderabad,ATM,7,62.05,0
94,51044.0,Delhi,Online,1,261.0,1
510,4886.45,Chennai,POS,11,66.38,0
205,3852.03,Chennai,Online,21,58.92,0
406,441.59,Hyderabad,Online,23,52.85,0
648,38937.0,Delhi,POS,15,341.0,1
725,1804.66,Hyderabad,ATM,18,11.44,0
333,1454.71,Delhi,Online,10,70.61,0
994,41005.0,Delhi,Online,4,487.0,1
521,1728.76,Chennai,POS,15,40.39,0
158,5313.99,Hyderabad,Online,11,45.82,0
982,8984.1,Chennai,ATM,11,16.45,0
633,21916.0,Chennai,ATM,3,41.0,1
919,4881.91,Bangalore,Online,8,4.7,0
118,5710.22,Delhi,ATM,21,9.62,0
848,846.37,Bangalore,POS,16,75.3,0
573,46404.0,Mumbai,Online,10,393.0,1
74,535.31,Bangalore,Online,18,60.64,0
521,459.46,Bangalore,Online,21,40.95,0
396,6186.12,Delhi,ATM,7,15.56,0
258,5964.59,Mumbai,POS,8,57.91,0
439,17359.0,Delhi,ATM,1,36.0,1
18,680.21,Chennai,POS,18,4.43,0
217,1666.32,Bangalore,POS,21,14.2,0
190,4082.73,Chennai,Online,6,12.24,0
446,36488.0,Delhi,POS,2,318.0,1
140,2427.09,Chennai,Online,15,7.74,0
207,787.67,Bangalore,POS,18,4.32,0
581,1579.02,Bangalore,Online,22,1.75,0
76,2105.28,Bangalore,ATM,13,13.78,0
617,29320.0,Bangalore,POS,20,362.0,1
472,54899.0,Delhi,POS,16,273.0,1
558,713.11,Mumbai,POS,12,73.64,0
702,1518.44,Delhi,Online,9,26.05,0
646,10349.89,Delhi,ATM,12,41.9,0
525,2071.26,Hyderabad,POS,16,46.72,0
128,4241.36,Mumbai,Online,8,1.76,0
25,8447.47,Bangalore,ATM,14,67.25,0
577,3955.89,Delhi,ATM,6,64.96,0
2,4705.08,Hyderabad,ATM,18,66.24,0
558,472.23,Bangalore,ATM,18,44.16,0
459,6180.77,Delhi,Online,19,99.37,0
395,1270.99,Bangalore,POS,7,105.07,0
339,472.64,Bangalore,Online,17,11.34,0
226,1233.18,Chennai,POS,18,0.61,0
579,5366.68,Mumbai,ATM,20,73.72,0
904,1494.98,Delhi,Online,18,64.92,0
211,3082.98,Delhi,POS,20,13.23,0
184,4729.63,Chennai,Online,22,13.61,0
424,8183.43,Bangalore,ATM,13,61.92,0
874,464.49,Delhi,POS,23,3.67,0
782,3328.36,Bangalore,ATM,15,73.4,0
446,1936.8,Delhi,ATM,15,61.11,0
315,4537.54,Chennai,ATM,9,47.75,0
951,3835.58,Mumbai,POS,13,9.81,0
968,2780.43,Delhi,POS,20,23.23,0
589,718.43,Bangalore,ATM,6,50.46,0
693,2360.49,Hyderabad,Online,10,54.28,0
608,4650.2,Bangalore,Online,21,61.69,0
224,53471.0,Delhi,POS,20,394.0,1
957,3000.34,Mumbai,Online,9,30.7,0
916,912.97,Bangalore,Online,7,35.21,0
118,3574.35,Chennai,ATM,16,76.85,0
873,1763.24,Mumbai,ATM,19,25.32,0
484,696.79,Mumbai,Online,7,19.1,0
44,3328.46,Hyderabad,ATM,15,5.08,0
66,3421.25,Hyderabad,Online,7,26.57,0
145,3103.68,Delhi,Online,10,24.01,0
209,1863.16,Bangalore,ATM,18,83.79,0
542,3484.34,Bangalore,Online,16,1.45,0
644,1421.1,Bangalore,Online,23,31.09,0
995,5917.77,Hyderabad,POS,12,16.88,0
268,358.24,Hyderabad,ATM,12,35.48,0
336,453.19,Mumbai,Online,8,85.04,0
556,6068.4,Chennai,Online,15,13.33,0
196,123.99,Mumbai,POS,10,120.91,0
255,2454.74,Bangalore,ATM,11,56.97,0
213,2415.57,Chennai,ATM,13,6.31,0
732,2046.01,Hyderabad,POS,18,4.06,0
554,3526.01,Chennai,POS,16,36.39,0
919,3709.01,Delhi,ATM,7,3.59,0
825,2160.02,Bangalore,ATM,15,55.09,0
270,4362.44,Chennai,ATM,12,34.9,0
60,308.14,Hyderabad,ATM,7,13.06,0
835,4768.38,Delhi,ATM,18,26.8,0
460,1191.47,Mumbai,Online,12,58.51,0
157,1305.23,Mumbai,Online,10,20.96,0
339,2529.58,Chennai,Online,12,40.21,0
236,1555.95,Mumbai,ATM,19,59.8,0
70,104.79,Chennai,POS,19,16.21,0
374,39337.0,Mumbai,ATM,13,469.0,1
356,867.71,Delhi,Online,7,53.47,0
658,1505.1,Chennai,Online,11,39.96,0
753,1633.28,Delhi,ATM,11,50.46,0
222,559.16,Mumbai,Online,10,14.15,0
470,3602.05,Hyderabad,POS,6,23.17,0
735,2122.72,Mumbai,POS,10,5.73,0
903,2398.1,Bangalore,POS,19,109.04,0
266,3499.05,Hyderabad,ATM,9,40.8,0
488,5121.54,Bangalore,ATM,14,35.52,0
638,1277.91,Hyderabad,Online,14,24.74,0
369,4089.65,Mumbai,POS,20,91.38,0
694,668.12,Mumbai,ATM,22,6.63,0
66,4119.42,Delhi,POS,7,134.92,0
599,1325.98,Delhi,ATM,18,60.35,0
289,3216.8,Hyderabad,POS,10,76.05,0
498,2334.04,Mumbai,ATM,8,35.33,0
103,4883.98,Chennai,Online,9,43.18,0
990,1088.24,Mumbai,POS,17,29.07,0
567,5001.8,Hyderabad,Online,8,69.09,0
51,1810.65,Bangalore,ATM,7,7.9,0
955,5691.82,Mumbai,ATM,9,50.51,0
635,3325.74,Delhi,Online,16,58.5,0
919,5206.13,Bangalore,Online,11,2.9,0
928,5815.75,Bangalore,POS,14,34.57,0
571,1679.66,Mumbai,Online,17,81.23,0
154,6663.74,Bangalore,Online,18,54.11,0
702,294.76,Hyderabad,POS,18,5.3,0
197,36049.0,Delhi,Online,22,276.0,1
297,2446.28,Bangalore,Online,15,25.19,0
532,7087.04,Hyderabad,POS,16,17.22,0
476,6120.04,Mumbai,Online,17,26.97,0
387,965.53,Delhi,Online,16,6.25,0
699,904.14,Delhi,POS,11,50.35,0
650,5369.06,Mumbai,POS,16,24.15,0
275,992.07,Bangalore,ATM,16,7.93,0
164,41033.0,Delhi,Online,0,214.0,1
358,2068.8,Mumbai,POS,10,30.12,0
378,3746.79,Mumbai,Online,15,33.0,0
331,22155.0,Hyderabad,ATM,1,9.0,1
681,6631.32,Bangalore,Online,19,72.77,0
685,67.02,Mumbai,POS,19,51.01,0
638,862.86,Mumbai,Online,19,44.8,0
344,460.16,Hyderabad,POS,6,41.16,0
565,2850.14,Mumbai,Online,9,123.73,0
552,3262.93,Chennai,Online,14,1.13,0
873,2257.33,Mumbai,Online,8,8.47,0
156,2748.31,Mumbai,Online,17,30.89,0
524,3183.63,Chennai,POS,17,39.09,0
891,1961.33,Bangalore,POS,21,67.84,0
306,3202.19,Chennai,POS,9,27.37,0
269,1168.49,Chennai,ATM,15,60.14,0
769,1685.58,Chennai,Online,18,65.61,0
951,4065.87,Bangalore,ATM,22,80.1,0
852,1101.34,Delhi,POS,18,77.3,0
289,39541.0,Chennai,POS,3,49.0,1
133,1430.09,Mumbai,Online,10,83.58,0
447,1944.43,Mumbai,Online,12,45.36,0
313,6435.34,Chennai,ATM,11,0.33,0
545,2665.17,Chennai,ATM,21,74.44,0
940,1610.99,Chennai,Online,21,56.04,0
458,8439.02,Bangalore,POS,14,13.49,0
540,2486.27,Mumbai,POS,12,67.8,0
563,184.52,Mumbai,ATM,19,40.39,0
756,2771.21,Mumbai,POS,6,79.65,0
357,41285.0,Delhi,Online,17,172.0,1
194,1146.28,Chennai,ATM,7,22.25,0
184,1200.14,Hyderabad,Online,23,67.17,0
958,6792.53,Mumbai,ATM,11,15.18,0
579,6303.46,Chennai,Online,20,3.0,0
715,650.04,Bangalore,ATM,13,23.46,0
182,1362.64,Mumbai,POS,18,48.89,0
904,40848.0,Chennai,POS,23,354.0,1
117,6419.35,Hyderabad,ATM,11,21.11,0
108,3530.8,Hyderabad,ATM,9,76.41,1
77,497.11,Hyderabad,Online,12,20.39,0
735,3306.16,Chennai,POS,23,97.05,0
749,21122.0,Hyderabad,POS,4,47.0,1
542,1878.44,Chennai,ATM,21,12.92,0
98,4747.86,Bangalore,POS,17,31.09,0
172,1831.04,Hyderabad,POS,9,75.08,0
833,439.17,Chennai,POS,10,19.39,0
456,40094.0,Chennai,ATM,16,485.0,1
430,371.52,Hyderabad,POS,13,20.17,0
307,4055.23,Bangalore,Online,6,58.13,0
842,1688.54,Bangalore,ATM,17,119.83,0
842,4312.44,Bangalore,Online,17,9.91,0
97,5278.61,Bangalore,Online,15,128.27,0
608,2326.16,Mumbai,ATM,16,1.26,0
280,5145.29,Chennai,ATM,15,19.63,0
594,3106.18,Chennai,ATM,14,8.04,0
147,46.4,Bangalore,ATM,15,92.48,0
449,3130.6,Bangalore,ATM,6,82.77,0
567,236.94,Bangalore,ATM,21,32.0,0
361,2714.43,Hyderabad,ATM,18,32.86,0
977,829.85,Hyderabad,POS,15,28.12,0
474,291.09,Bangalore,POS,16,9.68,0
751,3157.3,Hyderabad,Online,18,55.61,0
599,818.65,Delhi,ATM,16,7.93,1
620,1307.12,Hyderabad,ATM,6,99.83,0
176,570.49,Chennai,Online,18,23.47,0
470,944.92,Bangalore,ATM,23,99.92,0
63,3668.72,Hyderabad,Online,14,36.83,0
259,5328.69,Chennai,Online,6,20.03,0
553,2781.76,Mumbai,POS,7,7.22,0
313,258.25,Hyderabad,POS,13,26.89,0
755,374.74,Chennai,POS,17,100.84,0
887,1817.87,Mumbai,ATM,17,86.81,0
49,1676.04,Chennai,POS,17,24.95,0
779,4509.47,Chennai,POS,17,21.51,0
18,27694.0,Hyderabad,ATM,3,6.0,1
197,4602.75,Hyderabad,POS,15,125.38,0
584,169.97,Bangalore,POS,6,36.2,0
544,1770.52,Bangalore,POS,7,0.75,0
647,3167.25,Bangalore,ATM,9,45.13,0
278,23259.0,Hyderabad,Online,2,38.0,1
281,2732.63,Bangalore,POS,18,23.28,0
384,3117.05,Chennai,ATM,10,16.21,0
130,4818.17,Delhi,POS,19,48.85,0
141,2101.43,Bangalore,Online,11,34.86,0
186,51.15,Chennai,ATM,13,17.49,0
651,1064.2,Delhi,ATM,6,23.4,0
315,4155.52,Bangalore,ATM,23,7.44,0
805,2058.37,Hyderabad,Online,19,17.17,0
99,462.28,Mumbai,POS,13,36.27,0
501,3276.31,Mumbai,ATM,16,24.76,0
224,3429.44,Hyderabad,Online,6,25.15,0
404,1296.58,Mumbai,Online,8,33.32,0
798,3572.07,Mumbai,POS,20,43.98,0
436,5001.18,Hyderabad,POS,23,66.37,0
633,1399.55,Delhi,POS,16,31.19,0
176,5583.27,Delhi,Online,17,2.66,0
880,4669.33,Bangalore,Online,22,59.98,0
378,1261.89,Bangalore,Online,7,48.15,0
54,769.73,Chennai,ATM,15,11.62,0
265,6396.76,Delhi,ATM,21,4.52,0
375,5227.63,Delhi,Online,15,81.44,0
542,6312.93,Delhi,Online,20,24.24,0
595,3899.87,Hyderabad,ATM,12,33.04,0
868,26200.0,Bangalore,POS,7,335.0,1
228,5155.2,Hyderabad,Online,19,5.95,0
807,7243.75,Mumbai,Online,22,52.99,0
187,3714.82,Chennai,POS,21,64.32,0
911,3010.11,Hyderabad,Online,17,114.64,0
492,512.58,Mumbai,Online,15,69.86,0
446,432.77,Chennai,ATM,11,1.17,0
709,1144.51,Delhi,POS,12,99.2,0
747,7054.48,Hyderabad,Online,9,34.19,0
885,2451.89,Bangalore,POS,21,24.02,0
286,3854.83,Bangalore,Online,21,35.48,0
388,49024.0,Delhi,Online,18,477.0,1
230,4445.12,Bangalore,Online,14,26.6,0
645,10816.22,Delhi,ATM,7,41.4,0
589,3141.81,Chennai,POS,7,9.65,0
546,2713.96,Delhi,ATM,13,64.62,0
545,59228.0,Delhi,Online,10,83.0,1
554,1013.94,Hyderabad,ATM,15,36.11,0
302,873.85,Hyderabad,POS,15,35.91,0
962,56154.0,Delhi,POS,23,234.0,1
175,491.43,Delhi,ATM,16,1.02,0
585,4692.7,Hyderabad,Online,22,28.32,0
863,1216.36,Mumbai,Online,8,28.29,0
598,3834.7,Hyderabad,POS,8,109.25,0
307,3048.35,Mumbai,POS,20,34.6,0
474,8202.66,Delhi,POS,22,17.9,0
989,4469.22,Delhi,Online,14,0.23,0
212,2901.68,Mumbai,POS,18,93.36,0
108,4381.98,Mumbai,POS,6,30.68,0
515,8416.76,Bangalore,POS,9,24.1,0
592,6961.72,Bangalore,POS,8,21.46,0
939,1913.86,Chennai,Online,11,11.68,0
456,4662.77,Chennai,ATM,16,48.41,0
883,1300.63,Bangalore,POS,12,51.1,0
809,4626.46,Delhi,POS,22,26.2,0
22,4482.31,Bangalore,POS,6,1.79,0
685,5615.8,Mumbai,POS,18,10.44,0
763,2183.59,Hyderabad,Online,8,3.28,0
982,4063.35,Mumbai,POS,21,11.06,0
662,4939.29,Delhi,Online,13,46.61,0
44,1306.75,Hyderabad,ATM,23,44.37,0
877,1744.37,Chennai,Online,15,12.69,0
901,4680.17,Mumbai,POS,20,20.36,0
72,53397.0,Delhi,ATM,15,105.0,1
144,32111.0,Hyderabad,POS,11,426.0,1
582,1409.4,Delhi,Online,7,79.96,0
642,6627.43,Delhi,ATM,8,88.62,0
979,1163.62,Mumbai,Online,16,71.54,0
841,856.86,Hyderabad,ATM,11,35.35,0
809,5061.37,Chennai,ATM,15,93.64,0
980,601.94,Chennai,POS,10,3.67,0
933,740.97,Bangalore,Online,20,44.76,0
163,883.1,Bangalore,POS,18,55.24,0
352,20802.0,Bangalore,ATM,5,5.0,1
837,3334.99,Bangalore,Online,7,61.69,0
639,25594.0,Hyderabad,POS,2,21.0,1
420,522.22,Chennai,ATM,9,95.34,0
686,2281.87,Chennai,Online,21,18.93,0
9,3903.61,Bangalore,ATM,12,64.06,0
957,2002.89,Chennai,ATM,14,17.18,0
465,7986.11,Hyderabad,Online,16,101.69,0
949,613.77,Bangalore,POS,7,37.86,0
412,4257.85,Hyderabad,POS,6,19.87,0
178,2496.62,Delhi,POS,22,9.39,0
277,1491.46,Delhi,Online,13,11.79,0
786,3336.95,Bangalore,Online,21,27.54,0
273,1465.99,Chennai,POS,19,15.45,0
983,3167.91,Chennai,Online,18,48.83,0
841,4794.27,Chennai,Online,15,78.52,0
605,275.66,Hyderabad,Online,22,2.9,0
562,101.33,Delhi,POS,13,18.25,0
220,7623.22,Bangalore,ATM,6,32.54,0
97,9333.67,Chennai,POS,6,31.86,0
116,21324.0,Bangalore,Online,5,40.0,1
131,2286.17,Delhi,ATM,11,33.81,0
947,9599.78,Mumbai,Online,8,39.68,0
742,1371.25,Bangalore,ATM,10,27.74,1
777,2106.43,Chennai,Online,21,76.29,0
859,2077.02,Chennai,POS,12,94.68,0
381,43049.0,Chennai,POS,2,414.0,1
631,2464.22,Mumbai,Online,14,4.63,0
477,155.52,Hyderabad,ATM,10,54.93,0
262,487.5,Hyderabad,ATM,12,102.32,0
383,7810.08,Bangalore,ATM,10,22.84,0
15,1975.45,Mumbai,Online,19,61.53,0
547,5294.4,Chennai,Online,12,30.3,0
539,430.33,Bangalore,Online,7,56.12,0
153,3237.19,Bangalore,POS,11,43.33,0
953,2059.78,Chennai,Online,16,12.76,0
243,2051.76,Bangalore,POS,10,34.94,0
370,3663.05,Hyderabad,POS,6,26.67,1
477,1107.52,Delhi,Online,7,71.37,0
250,2570.97,Hyderabad,Online,6,7.79,0
222,196.88,Chennai,Online,7,0.55,0
176,2550.88,Chennai,Online,23,30.74,0
580,2438.79,Hyderabad,ATM,8,100.28,0
508,110.18,Chennai,Online,14,5.16,0
945,5042.52,Delhi,POS,19,186.45,0
508,1743.46,Mumbai,POS,8,32.49,0
7,132.66,Delhi,Online,19,16.94,0
149,170.64,Delhi,ATM,10,46.28,0
148,1886.13,Bangalore,Online,10,63.73,0
220,39750.0,Chennai,POS,1,9.0,1
760,4850.42,Bangalore,Online,18,12.75,0
214,3277.3,Bangalore,POS,17,13.31,0
231,28401.0,Bangalore,POS,1,41.0,1
738,908.39,Mumbai,ATM,17,24.38,0
368,1502.15,Delhi,Online,18,7.9,0
109,588.84,Chennai,ATM,23,34.53,0
862,4339.51,Bangalore,POS,18,76.97,0
720,69.62,Hyderabad,POS,19,68.17,0
570,5216.38,Hyderabad,POS,19,54.3,0
475,1275.23,Chennai,Online,22,138.03,0
320,7262.78,Chennai,POS,13,8.42,0
674,2782.12,Chennai,POS,9,21.54,0
503,3307.06,Hyderabad,Online,8,25.86,0
45,4107.06,Hyderabad,POS,22,56.08,0
787,2073.28,Mumbai,ATM,10,46.55,0
805,1808.17,Mumbai,ATM,23,43.73,0
448,357.06,Chennai,POS,11,52.66,0
588,25438.0,Mumbai,Online,3,27.0,1
10,2752.44,Mumbai,Online,21,9.52,0
761,4646.89,Chennai,ATM,16,34.03,1
214,6349.69,Chennai,Online,6,12.99,0
532,721.1,Delhi,POS,18,55.06,0
608,723.06,Chennai,Online,22,58.24,0
787,5909.96,Chennai,Online,14,58.02,0
818,3392.58,Hyderabad,Online,18,64.16,0
760,3525.56,Mumbai,Online,21,54.91,0
468,906.65,Hyderabad,POS,23,45.13,0
592,2007.35,Hyderabad,Online,18,68.56,1
815,2404.92,Delhi,POS,8,23.42,0
888,30729.0,Mumbai,Online,3,24.0,1
944,1004.28,Hyderabad,POS,14,77.71,0
256,2293.58,Chennai,POS,13,100.3,0
85,38790.0,Delhi,POS,10,47.0,1
662,10010.72,Delhi,ATM,22,14.86,0
588,19917.0,Delhi,POS,1,12.0,1
372,5360.04,Mumbai,ATM,19,21.6,0
458,3506.65,Hyderabad,POS,14,7.11,0
912,2595.23,Bangalore,ATM,20,36.87,0
55,274.62,Hyderabad,Online,14,6.13,0
739,1834.71,Mumbai,POS,23,51.32,0
706,1208.1,Mumbai,POS,13,7.42,0
611,15036.0,Mumbai,Online,2,25.0,1
513,7746.02,Bangalore,ATM,16,68.2,0
479,6057.54,Delhi,POS,12,11.22,0
164,36286.0,Chennai,ATM,0,366.0,1
635,2972.99,Hyderabad,Online,23,60.11,0
110,6690.77,Bangalore,Online,11,87.58,0
998,1956.32,Hyderabad,Online,15,75.47,0
914,1179.33,Chennai,Online,20,23.59,0
225,1772.48,Bangalore,ATM,6,17.75,0
131,2217.11,Hyderabad,Online,20,114.55,0
92,1942.69,Mumbai,Online,10,7.1,0
948,3774.23,Chennai,ATM,8,58.12,0
671,59439.0,Delhi,ATM,11,5.0,1
446,4847.66,Mumbai,POS,14,63.68,0
743,117.46,Delhi,POS,11,4.89,0
451,4317.09,Mumbai,POS,15,16.37,0
990,1994.68,Hyderabad,Online,16,29.94,0
375,4365.56,Mumbai,POS,15,78.88,0
153,4154.24,Delhi,POS,19,1.69,0
420,4132.37,Mumbai,ATM,9,48.85,0
130,6833.75,Mumbai,ATM,20,77.67,0
522,6049.71,Bangalore,POS,18,82.18,0
955,2884.14,Bangalore,Online,10,11.61,0
79,50481.0,Delhi,POS,13,436.0,1
877,4628.45,Hyderabad,ATM,21,46.6,0
83,1082.8,Hyderabad,Online,12,30.24,0
38,1904.71,Chennai,POS,15,32.7,0
495,29114.0,Delhi,Online,10,310.0,1
315,5881.38,Bangalore,POS,10,12.76,0
155,8156.12,Bangalore,ATM,17,71.27,0
263,339.66,Mumbai,Online,18,11.63,0
284,5422.14,Chennai,Online,9,29.97,0
628,2941.42,Mumbai,POS,23,46.36,0
151,1480.82,Chennai,POS,19,26.13,0
231,2102.32,Hyderabad,ATM,22,16.59,0
515,3512.75,Chennai,POS,22,39.12,0
821,6826.07,Chennai,ATM,18,71.2,0
793,2724.26,Chennai,Online,7,36.62,0
165,4867.33,Delhi,ATM,12,29.13,0
286,4309.17,Mumbai,Online,6,10.69,0
412,3392.39,Hyderabad,POS,22,66.12,0
844,19662.0,Hyderabad,ATM,1,45.0,1
60,4403.93,Chennai,POS,12,17.76,0
458,2046.51,Hyderabad,POS,7,5.36,0
827,1824.65,Chennai,Online,15,47.65,0
487,4913.38,Mumbai,Online,21,29.95,0
604,5160.15,Hyderabad,ATM,7,26.23,0
108,2438.97,Bangalore,Online,17,76.3,0
632,48650.0,Chennai,POS,8,379.0,1
866,32166.0,Chennai,POS,3,23.0,1
211,22322.0,Mumbai,POS,3,33.0,1
484,53317.0,Delhi,ATM,21,444.0,1
4,1198.9,Bangalore,POS,7,8.63,0
480,7869.32,Bangalore,Online,19,44.35,0
707,6618.18,Hyderabad,ATM,10,39.88,0
208,143.91,Hyderabad,POS,18,15.86,0
503,2718.67,Hyderabad,Online,21,36.96,0
233,856.84,Bangalore,POS,9,0.29,0
8,6826.86,Delhi,POS,6,94.04,0
734,5627.46,Delhi,ATM,22,36.84,0
174,2126.24,Delhi,Online,10,69.0,0
405,28982.0,Chennai,ATM,18,350.0,1
782,4205.69,Delhi,ATM,14,72.73,0
484,4412.11,Bangalore,POS,17,112.99,0
635,3686.17,Mumbai,POS,17,2.18,0
963,3038.78,Mumbai,Online,16,72.17,0
119,348.13,Delhi,Online,18,22.59,0
492,31475.0,Hyderabad,ATM,1,343.0,1
161,1083.12,Mumbai,POS,9,95.23,0
887,2424.24,Mumbai,ATM,23,84.31,0
516,2169.18,Chennai,Online,15,53.26,0
757,579.37,Chennai,Online,16,93.86,0
48,2391.5,Delhi,Online,18,69.56,0
374,4035.41,Hyderabad,ATM,15,75.8,0
814,10142.38,Hyderabad,ATM,13,6.81,0
93,642.45,Delhi,Online,9,60.35,0
283,23505.0,Hyderabad,POS,2,31.0,1
877,30481.0,Delhi,ATM,2,35.0,1
937,1349.95,Mumbai,POS,8,3.63,0
930,2317.94,Chennai,Online,13,4.89,0
784,3909.68,Hyderabad,Online,16,9.38,0
159,3814.89,Chennai,POS,20,2.53,0
752,5112.43,Mumbai,ATM,15,27.69,0
756,947.9,Delhi,ATM,19,18.17,0
480,5952.22,Delhi,Online,20,37.44,0
472,5193.77,Hyderabad,ATM,9,11.67,0
825,7269.58,Bangalore,POS,13,8.26,0
741,531.48,Chennai,ATM,16,44.36,0
234,702.63,Mumbai,ATM,15,32.07,0
861,576.48,Delhi,POS,20,7.77,0
393,6036.54,Hyderabad,Online,16,86.7,0
770,2079.24,Hyderabad,ATM,10,41.25,0
191,2590.35,Delhi,Online,20,75.49,0
257,1786.96,Bangalore,POS,18,0.77,0
148,3786.99,Chennai,POS,12,14.97,0
214,838.77,Bangalore,ATM,19,35.81,0
367,52.42,Mumbai,POS,19,20.56,0
856,426.02,Chennai,ATM,6,77.65,0
530,48890.0,Delhi,Online,18,347.0,1
711,7673.05,Delhi,Online,14,29.78,1
808,2112.82,Hyderabad,POS,10,74.04,0
592,2939.18,Chennai,ATM,20,33.79,0
264,3778.92,Delhi,Online,16,122.59,0
60,6109.17,Hyderabad,POS,20,26.89,0
348,4069.7,Mumbai,ATM,8,47.05,0
884,640.09,Hyderabad,ATM,10,43.02,0
489,853.52,Bangalore,POS,10,93.57,0
212,5513.23,Mumbai,Online,10,28.75,0
109,573.48,Bangalore,ATM,21,10.15,0
124,38858.0,Delhi,Online,1,292.0,1
557,2826.71,Delhi,ATM,23,7.14,0
567,3654.2,Delhi,Online,9,56.97,0
979,237.16,Mumbai,POS,11,4.2,0
921,7703.66,Bangalore,POS,23,4.31,0
912,5265.67,Bangalore,ATM,21,11.93,0
63,559.02,Chennai,Online,20,2.34,0
909,1504.74,Mumbai,Online,18,40.18,0
457,6133.83,Chennai,ATM,6,27.98,0
299,5571.23,Mumbai,Online,19,38.24,0
188,766.11,Delhi,ATM,13,26.22,0
884,2953.33,Mumbai,POS,14,7.95,0
444,36174.0,Delhi,POS,17,113.0,1
408,4199.32,Delhi,ATM,7,36.55,0
359,2139.09,Hyderabad,POS,16,44.34,0
619,4205.91,Hyderabad,Online,10,116.08,0
162,20904.0,Mumbai,POS,5,5.0,1
397,1160.54,Chennai,ATM,19,91.25,0
851,2484.28,Bangalore,ATM,18,11.67,0
844,1764.32,Mumbai,POS,15,59.56,0
211,4252.33,Delhi,POS,17,24.89,0
741,3360.47,Hyderabad,ATM,15,4.78,0
429,7336.47,Delhi,ATM,6,63.96,0
559,2428.96,Chennai,POS,11,13.25,0
170,4449.84,Chennai,ATM,15,32.19,0
244,3241.02,Delhi,ATM,23,17.84,0
36,2853.69,Mumbai,Online,17,84.48,0
254,1821.09,Chennai,Online,13,67.73,0
42,9112.24,Delhi,POS,16,8.89,0
997,1882.83,Hyderabad,POS,13,10.35,0
291,2052.01,Chennai,Online,18,38.19,0
833,235.82,Hyderabad,ATM,12,87.76,0
774,1353.6,Mumbai,Online,15,76.96,0
404,49983.0,Delhi,POS,4,3.0,1
578,5330.13,Hyderabad,POS,13,103.73,0
852,39663.0,Mumbai,POS,3,5.0,1
799,1397.61,Hyderabad,ATM,16,165.88,0
627,1973.87,Mumbai,Online,9,46.04,0
991,1837.81,Mumbai,Online,21,7.46,0
603,2491.95,Mumbai,Online,6,43.11,0
610,1127.33,Delhi,POS,8,94.38,0
924,2745.34,Hyderabad,Online,10,46.34,0
458,125.55,Mumbai,Online,21,74.32,0
740,1238.84,Bangalore,ATM,21,23.88,0
684,809.32,Bangalore,ATM,18,39.85,0
928,4074.62,Chennai,POS,19,12.18,0
829,571.47,Chennai,Online,11,22.16,0
901,4106.86,Delhi,ATM,10,21.45,0
196,1657.04,Chennai,Online,17,10.75,0
881,3762.05,Chennai,ATM,9,63.56,0
738,3018.83,Chennai,POS,9,26.85,0
683,5180.17,Hyderabad,ATM,21,58.34,0
473,4167.51,Delhi,ATM,10,100.99,0
760,1760.73,Mumbai,Online,8,42.44,0
242,256.8,Delhi,POS,16,132.62,0
553,7960.9,Hyderabad,Online,6,10.59,0
556,3169.76,Chennai,ATM,21,77.96,0
850,1568.58,Mumbai,Online,11,22.83,0
572,4631.97,Chennai,ATM,7,13.92,0
479,2558.98,Delhi,ATM,14,31.71,0
533,3163.02,Hyderabad,ATM,22,21.81,0
850,4724.89,Mumbai,ATM,19,1.29,0
490,6319.29,Mumbai,Online,22,25.2,0
494,1174.11,Hyderabad,Online,17,6.64,0
222,1762.22,Delhi,POS,17,48.5,0
600,334.89,Hyderabad,Online,11,78.4,0
359,7910.75,Chennai,POS,11,8.04,0
815,5759.13,Bangalore,Online,15,42.82,0
566,5235.66,Hyderabad,ATM,11,62.36,0
93,4600.31,Mumbai,Online,13,9.22,0
90,6872.75,Hyderabad,Online,6,22.09,0
621,132.25,Bangalore,ATM,11,38.91,0
455,2376.73,Bangalore,ATM,6,10.95,0
851,483.84,Chennai,POS,17,42.94,0
190,156.54,Delhi,POS,7,66.07,0
238,26.92,Chennai,POS,8,15.75,0
252,639.91,Mumbai,POS,11,26.95,0
306,3378.75,Chennai,Online,13,142.23,0
6,5074.91,Bangalore,Online,22,81.82,0
498,1160.56,Delhi,ATM,14,38.61,0
946,659.24,Bangalore,Online,21,27.8,0
892,2681.78,Delhi,Online,22,87.33,0
363,1363.78,Hyderabad,ATM,13,86.96,0
205,794.66,Chennai,ATM,19,72.17,0
878,3076.01,Chennai,Online,12,80.46,0
118,3915.99,Hyderabad,ATM,15,4.12,0
989,643.6,Mumbai,Online,9,22.25,0
283,3433.9,Delhi,Online,12,45.38,0
476,5544.76,Bangalore,POS,17,30.41,0
431,2136.9,Chennai,ATM,12,13.68,0
619,10839.15,Hyderabad,Online,14,46.22,0
829,9117.86,Delhi,ATM,9,79.77,0
452,2735.41,Chennai,ATM,12,25.07,0
715,1900.26,Mumbai,ATM,23,76.89,0
316,2064.14,Delhi,Online,21,70.53,0
276,211.08,Delhi,Online,22,30.6,0
587,4564.77,Hyderabad,Online,11,35.48,0
301,656.09,Delhi,POS,13,40.9,0
780,476.5,Hyderabad,POS,7,54.38,0
479,711.35,Hyderabad,ATM,14,80.97,0
13,44517.0,Hyderabad,ATM,7,336.0,1
321,756.43,Delhi,Online,8,16.32,0
286,501.39,Hyderabad,POS,6,68.94,0
34,5943.49,Mumbai,ATM,23,53.2,0
689,2928.4,Delhi,ATM,19,1.55,0
301,1585.62,Hyderabad,POS,14,107.18,0
469,289.02,Bangalore,Online,23,43.18,0
864,5188.7,Delhi,ATM,14,17.76,0
870,5124.04,Bangalore,Online,18,48.21,0
829,37050.0,Chennai,POS,9,418.0,1
530,7193.89,Hyderabad,Online,7,13.47,0
487,43902.0,Chennai,POS,3,465.0,1
42,1867.59,Hyderabad,ATM,6,15.27,0
242,2636.56,Bangalore,Online,16,12.91,0
234,829.69,Bangalore,ATM,19,85.46,0
252,3421.45,Bangalore,ATM,20,108.62,0
23,3402.75,Bangalore,POS,9,40.46,0
139,3727.34,Mumbai,ATM,19,29.85,0
487,45214.0,Delhi,Online,2,314.0,1
463,4805.0,Hyderabad,ATM,16,29.77,0
779,1071.97,Hyderabad,Online,18,29.8,0
211,1263.08,Mumbai,ATM,11,25.71,0
711,1061.75,Hyderabad,ATM,18,25.72,0
865,3327.45,Delhi,Online,15,51.66,0
143,5858.38,Bangalore,Online,14,13.9,0
575,1933.33,Chennai,POS,18,7.26,0
454,2142.19,Bangalore,Online,11,81.79,0
781,6175.99,Mumbai,POS,6,17.12,0
967,3154.06,Hyderabad,Online,22,78.28,0
83,119.57,Hyderabad,POS,11,38.7,0
576,1680.41,Delhi,Online,13,0.8,0
469,326.58,Chennai,POS,19,93.28,0
316,883.5,Mumbai,ATM,15,44.97,0
212,3635.02,Hyderabad,POS,13,69.0,0
90,5166.63,Mumbai,ATM,15,14.87,0
656,1329.17,Chennai,Online,15,30.0,0
580,8876.37,Bangalore,ATM,6,78.16,0
614,4356.08,Hyderabad,ATM,23,35.58,0
3,1950.24,Hyderabad,POS,11,2.39,0
279,725.05,Hyderabad,POS,14,9.48,0
252,1412.51,Mumbai,POS,8,61.46,0
552,3392.43,Bangalore,POS,6,36.99,0
386,36735.0,Chennai,ATM,2,43.0,1
541,1030.39,Chennai,Online,18,48.55,0
259,2617.15,Hyderabad,POS,10,67.85,0
670,2129.14,Delhi,Online,12,61.14,0
794,3393.82,Bangalore,Online,10,36.22,0
306,657.02,Chennai,Online,6,24.7,0
553,327.63,Chennai,ATM,11,7.1,0
542,2551.49,Bangalore,POS,11,41.54,0
789,7304.74,Delhi,POS,16,149.61,0
31,2283.5,Chennai,ATM,10,49.41,0
676,3351.88,Delhi,POS,11,85.14,0
479,4338.69,Chennai,Online,19,14.2,0
434,39680.0,Delhi,ATM,23,307.0,1
176,5721.54,Bangalore,ATM,10,2.72,0
34,635.92,Chennai,Online,9,33.77,0
651,1200.06,Mumbai,ATM,12,61.08,0
904,1177.97,Delhi,Online,16,42.5,0
391,739.07,Mumbai,POS,14,47.98,0
535,159.67,Bangalore,Online,8,57.4,0
754,192.96,Mumbai,ATM,11,8.4,0
383,1552.92,Hyderabad,Online,8,47.58,0
160,26935.0,Mumbai,POS,2,0.0,1
584,8343.89,Chennai,Online,18,33.03,0
460,1040.87,Delhi,Online,18,8.36,0
865,745.93,Delhi,Online,17,41.07,0
716,4854.43,Delhi,POS,8,5.3,0
835,1719.43,Delhi,ATM,6,73.72,0
895,1723.98,Delhi,POS,23,96.52,0
361,4746.76,Hyderabad,ATM,21,19.77,0
379,7765.82,Bangalore,ATM,10,7.66,0
984,1333.52,Bangalore,Online,18,24.78,0
475,333.61,Hyderabad,POS,19,5.6,0
76,996.55,Hyderabad,ATM,21,21.37,0
876,5696.57,Mumbai,Online,7,33.05,0
191,2761.88,Bangalore,Online,11,50.43,0
578,1216.93,Chennai,ATM,19,28.71,0
990,202.13,Hyderabad,POS,19,10.09,0
914,1187.64,Hyderabad,POS,10,15.01,0
755,461.65,Hyderabad,Online,12,116.23,0
567,6331.44,Bangalore,POS,22,1.02,0
508,7187.08,Mumbai,ATM,19,16.09,0
125,4270.25,Hyderabad,Online,7,14.99,0
888,12.0,Hyderabad,Online,9,102.1,0
618,2626.37,Mumbai,POS,8,28.78,0
130,411.01,Chennai,Online,8,14.95,0
51,7244.58,Bangalore,ATM,10,130.24,0
742,2661.62,Chennai,ATM,13,13.24,0
892,1541.68,Hyderabad,Online,12,33.43,0
18,7358.72,Hyderabad,ATM,16,2.37,0
651,5146.99,Bangalore,Online,7,43.5,0
554,4966.2,Delhi,POS,18,69.29,0
761,2539.45,Mumbai,ATM,6,32.56,0
993,1790.68,Mumbai,Online,22,29.54,0
345,5057.81,Chennai,POS,21,10.17,0
439,2465.56,Chennai,POS,14,92.47,0
636,5792.55,Hyderabad,POS,7,40.83,0
878,2273.92,Hyderabad,Online,6,12.01,0
675,423.0,Chennai,ATM,19,43.79,0
959,715.63,Hyderabad,ATM,21,96.0,0
783,218.19,Delhi,Online,15,5.55,0
962,3839.64,Delhi,Online,11,8.0,0
988,4394.77,Mumbai,ATM,16,77.46,0
100,5184.51,Bangalore,ATM,21,33.53,0
174,2045.59,Delhi,Online,13,39.04,0
776,4229.83,Mumbai,Online,10,93.99,0
854,3036.32,Hyderabad,POS,8,105.86,0
529,2586.72,Mumbai,ATM,7,47.71,0
750,4575.6,Delhi,ATM,14,23.21,0
294,5951.35,Chennai,ATM,21,9.23,0
455,613.93,Hyderabad,ATM,10,0.68,0
323,47669.0,Bangalore,ATM,15,464.0,1
776,2608.05,Bangalore,POS,7,46.43,0
705,4927.33,Delhi,Online,21,53.64,0
985,3099.01,Hyderabad,POS,17,76.05,0
361,934.79,Delhi,Online,8,51.25,0
363,5539.6,Delhi,ATM,23,19.19,0
747,1267.24,Chennai,ATM,20,11.49,0
736,89.54,Bangalore,POS,17,84.19,0
683,214.43,Bangalore,Online,21,59.96,0
3,4468.74,Chennai,POS,13,8.46,0
821,324.21,Delhi,ATM,15,61.45,0
283,44798.0,Hyderabad,Online,22,486.0,1
824,5577.68,Mumbai,POS,18,43.36,0
165,1925.35,Chennai,Online,22,78.22,0
841,3997.61,Bangalore,POS,14,31.14,0
711,1127.66,Bangalore,POS,23,50.9,0
402,3199.1,Hyderabad,POS,16,18.49,0
923,549.49,Bangalore,POS,12,40.4,0
740,276.5,Bangalore,Online,12,4.9,0
195,6350.83,Bangalore,ATM,14,23.04,0
516,49972.0,Bangalore,Online,13,446.0,1
989,2728.97,Bangalore,Online,11,42.63,0
696,4992.9,Hyderabad,POS,8,22.74,0
741,1623.37,Delhi,Online,8,15.45,0
698,3466.08,Mumbai,ATM,18,32.46,0
344,2927.0,Hyderabad,ATM,23,26.56,0
167,702.98,Mumbai,Online,9,21.87,0
672,883.78,Delhi,ATM,11,7.56,0
322,2716.37,Bangalore,POS,6,174.42,0
975,432.95,Delhi,ATM,21,9.58,0
982,6525.19,Hyderabad,POS,10,44.0,0
917,2498.39,Bangalore,Online,15,84.75,0
76,1948.91,Hyderabad,ATM,13,29.7,0
432,416.82,Bangalore,ATM,19,15.23,0
418,419.33,Delhi,POS,18,26.59,0
373,10175.74,Chennai,Online,18,52.22,0
548,5315.21,Mumbai,ATM,21,34.6,0
929,2828.77,Mumbai,ATM,22,29.75,0
339,37889.0,Bangalore,ATM,1,310.0,1
850,5228.79,Chennai,Online,22,32.67,0
90,4905.98,Bangalore,ATM,6,45.22,0
602,7566.12,Mumbai,POS,7,10.89,0
169,1302.83,Mumbai,POS,6,8.08,0
139,6316.71,Delhi,ATM,11,81.42,0
786,33626.0,Hyderabad,ATM,4,44.0,1
115,4215.13,Mumbai,ATM,7,14.47,0
734,682.23,Chennai,Online,20,10.39,0
835,36678.0,Delhi,POS,3,16.0,1
141,4845.94,Delhi,POS,23,17.63,0
289,3629.02,Delhi,Online,22,112.22,0
571,1001.68,Hyderabad,Online,23,42.95,0
357,5321.16,Hyderabad,Online,15,9.22,0
866,1819.83,Delhi,ATM,18,34.14,0
172,5260.75,Delhi,Online,9,6.67,0
507,6569.86,Bangalore,ATM,6,96.79,0
832,4289.36,Bangalore,Online,15,31.98,0
32,6126.81,Delhi,ATM,10,17.1,0
924,29295.0,Chennai,ATM,11,300.0,1
28,28.72,Mumbai,POS,6,43.14,0
236,4689.57,Chennai,ATM,21,42.09,0
324,1099.09,Delhi,POS,20,14.2,0
383,1997.78,Delhi,ATM,8,7.94,0
605,4259.24,Bangalore,POS,14,90.75,0
385,47972.0,Delhi,POS,6,49.0,1
712,34120.0,Bangalore,Online,1,20.0,1
753,3012.98,Hyderabad,POS,23,4.5,0
988,525.5,Delhi,POS,18,27.12,0
440,1366.39,Chennai,POS,13,170.05,0
331,113.87,Bangalore,ATM,23,33.79,0
561,37500.0,Mumbai,Online,4,3.0,1
711,3608.35,Bangalore,POS,8,30.28,0
251,1364.66,Chennai,POS,11,87.11,0
618,4993.05,Bangalore,Online,12,55.11,0
837,510.38,Hyderabad,POS,21,37.15,0
699,1308.31,Hyderabad,ATM,15,0.2,0
191,3239.06,Mumbai,ATM,13,19.85,0
836,6489.01,Bangalore,ATM,11,1.99,0
450,3865.08,Mumbai,POS,11,82.78,0
548,5104.96,Mumbai,Online,10,60.45,0
187,3344.69,Chennai,ATM,6,52.54,0
632,4685.59,Mumbai,POS,14,45.66,0
218,36621.0,Hyderabad,POS,1,38.0,1
623,38.89,Bangalore,ATM,16,59.73,0
337,295.28,Delhi,Online,18,4.98,0
949,6737.63,Bangalore,POS,8,7.61,0
983,190.32,Chennai,Online,18,33.88,0
252,3008.16,Mumbai,Online,19,56.66,0
743,1267.99,Mumbai,ATM,20,26.66,0
224,5907.45,Chennai,ATM,22,43.38,0
35,24789.0,Bangalore,Online,4,1.0,1
371,152.2,Bangalore,Online,16,68.92,0
174,1111.45,Delhi,Online,15,51.79,0
844,1493.88,Bangalore,POS,15,81.91,0
136,2505.72,Delhi,Online,19,10.63,0
777,6921.63,Mumbai,ATM,20,61.57,0
381,1866.8,Chennai,ATM,11,70.79,0
41,3127.94,Bangalore,Online,22,18.32,0
366,6638.21,Bangalore,ATM,19,22.17,0
290,797.53,Delhi,ATM,21,10.09,0
214,2363.12,Mumbai,POS,21,73.59,0
859,10140.99,Delhi,POS,8,35.99,0
936,2640.02,Bangalore,Online,16,40.76,0
15,4138.23,Hyderabad,POS,12,2.97,0
427,116.28,Bangalore,ATM,12,39.97,0
764,3167.13,Hyderabad,ATM,18,30.49,0
104,6267.11,Hyderabad,POS,23,24.67,0
77,4199.46,Chennai,ATM,15,79.6,0
348,2075.67,Chennai,Online,8,25.85,0
462,4440.08,Mumbai,Online,12,26.24,0
996,2172.15,Delhi,ATM,15,16.28,0
911,36174.0,Bangalore,POS,22,351.0,1
504,878.18,Hyderabad,POS,22,125.88,0
989,2231.88,Bangalore,POS,23,54.91,0
60,5952.68,Hyderabad,ATM,8,45.66,0
51,1087.89,Chennai,POS,12,40.36,0
262,6413.55,Delhi,ATM,15,8.49,0
589,9806.47,Delhi,ATM,6,76.2,0
333,4091.47,Bangalore,POS,14,68.33,0
816,4684.03,Hyderabad,Online,6,0.22,0
879,31597.0,Chennai,POS,3,351.0,1
902,1138.68,Chennai,ATM,18,32.21,0
102,4457.26,Delhi,ATM,20,40.12,0
417,31359.0,Delhi,ATM,5,25.0,1
368,5130.17,Delhi,Online,11,40.94,0
442,1326.69,Chennai,Online,18,37.0,0
346,851.66,Bangalore,POS,10,60.76,0
59,2333.95,Bangalore,ATM,17,140.34,0
110,2590.22,Delhi,ATM,14,12.98,0
525,2328.55,Bangalore,ATM,6,21.89,0
869,1836.49,Mumbai,POS,19,66.39,0
437,2351.91,Mumbai,ATM,21,29.67,0
748,785.25,Chennai,Online,19,12.51,0
904,2231.59,Delhi,Online,12,69.68,0
422,2031.47,Chennai,POS,16,5.99,0
554,2442.93,Hyderabad,Online,6,81.69,0
796,510.79,Chennai,Online,14,23.99,0
13,397.91,Bangalore,POS,8,19.59,0
488,1528.32,Hyderabad,ATM,10,17.76,0
345,44805.0,Delhi,ATM,3,107.0,1
277,3293.89,Delhi,ATM,7,96.15,0
363,6927.77,Bangalore,POS,21,86.14,0
522,43777.0,Mumbai,POS,15,332.0,1
20,3741.22,Hyderabad,POS,23,1.1,0
674,30524.0,Delhi,ATM,19,433.0,1
893,2475.47,Chennai,Online,8,9.91,0
544,2362.77,Mumbai,ATM,22,17.57,0
862,273.14,Bangalore,Online,15,34.82,0
233,663.91,Bangalore,POS,20,21.71,0
546,3806.99,Delhi,POS,17,52.67,0
117,527.43,Chennai,POS,19,24.19,0
931,4897.51,Mumbai,Online,6,68.28,0
773,1833.5,Hyderabad,ATM,22,1.05,0
714,2583.37,Delhi,Online,19,47.49,0
663,1429.17,Mumbai,ATM,6,47.23,0
370,3935.84,Bangalore,POS,14,3.51,0
431,2663.15,Delhi,POS,12,31.23,0
455,4120.48,Chennai,ATM,18,6.11,0
605,1182.15,Chennai,ATM,8,8.09,0
543,40359.0,Mumbai,ATM,16,388.0,1
908,1821.32,Delhi,ATM,15,12.39,0
562,3984.43,Chennai,ATM,10,9.76,0
472,6788.89,Mumbai,POS,21,83.26,0
640,684.63,Hyderabad,Online,10,13.49,0
234,58.03,Hyderabad,Online,7,6.33,0
816,8017.28,Bangalore,ATM,14,5.38,0
732,3090.68,Bangalore,Online,23,37.07,0
478,46582.0,Delhi,Online,22,132.0,1
456,1011.89,Delhi,ATM,12,32.75,0
80,53720.0,Delhi,Online,19,350.0,1
767,1628.07,Hyderabad,Online,17,34.3,0
329,6560.09,Chennai,POS,15,37.23,0
624,8172.58,Bangalore,Online,18,17.39,0
216,2258.81,Hyderabad,POS,20,22.14,0
538,633.37,Mumbai,Online,21,40.88,0
155,4590.55,Bangalore,POS,9,50.51,0
959,1476.36,Hyderabad,Online,16,46.25,0
561,6590.44,Hyderabad,Online,10,105.13,0
663,10605.64,Hyderabad,POS,18,35.1,0
803,10482.66,Hyderabad,Online,6,7.71,0
501,232.6,Bangalore,ATM,7,26.35,0
49,263.82,Mumbai,Online,21,29.95,0
604,1970.23,Bangalore,POS,13,1.94,0
928,5866.75,Bangalore,POS,15,7.15,0
466,48391.0,Bangalore,ATM,1,330.0,1
524,2434.79,Hyderabad,POS,13,33.76,0
196,5521.98,Bangalore,Online,21,72.76,0
758,3763.57,Mumbai,POS,12,3.41,0
338,2509.91,Chennai,POS,16,63.0,0
927,1592.56,Mumbai,POS,8,40.63,0
633,3816.29,Mumbai,POS,14,17.46,0
287,6001.3,Delhi,ATM,22,3.97,0
108,17093.0,Chennai,POS,3,30.0,1
105,2030.37,Mumbai,POS,16,14.28,0
204,2473.59,Bangalore,Online,16,46.26,0
403,3176.46,Hyderabad,POS,8,48.69,0
597,5347.9,Bangalore,POS,20,6.44,0
895,2266.78,Mumbai,POS,15,3.92,0
643,4328.54,Bangalore,POS,15,49.16,0
1000,3015.16,Delhi,Online,13,38.24,0
434,1373.73,Bangalore,ATM,6,37.11,0
224,46462.0,Delhi,ATM,15,111.0,1
214,996.37,Delhi,POS,21,10.11,0
724,59045.0,Delhi,POS,21,75.0,1
107,1186.07,Hyderabad,POS,12,12.86,0
140,77.34,Chennai,ATM,23,33.38,0
723,5941.82,Mumbai,Online,13,68.56,0
93,1779.7,Delhi,Online,23,74.46,0
757,1055.52,Mumbai,POS,19,40.04,0
25,34826.0,Bangalore,POS,12,324.0,1
181,728.65,Delhi,POS,17,17.1,0
666,2951.17,Bangalore,ATM,9,64.23,0
453,3834.8,Chennai,Online,11,77.3,0
681,1486.06,Hyderabad,POS,8,78.01,0
966,1440.92,Chennai,Online,15,52.48,0
684,4665.71,Chennai,POS,14,130.94,0
209,6496.37,Bangalore,ATM,6,4.23,0
132,3926.27,Mumbai,POS,18,24.4,0
653,25939.0,Bangalore,POS,4,457.0,1
956,2341.78,Hyderabad,POS,18,32.24,0
192,3244.7,Mumbai,ATM,18,37.07,0
127,5372.9,Bangalore,ATM,19,50.28,0
80,4937.47,Delhi,POS,18,10.44,0
285,2256.57,Chennai,Online,10,58.89,0
716,35110.0,Chennai,Online,5,34.0,1
214,1198.89,Bangalore,POS,13,59.49,0
500,6066.12,Chennai,Online,21,114.97,0
630,1886.26,Mumbai,POS,15,117.96,0
414,2283.94,Delhi,Online,11,9.02,0
796,118.62,Chennai,ATM,15,91.85,0
930,350.43,Delhi,Online,18,46.76,0
113,332.51,Mumbai,ATM,10,13.02,0
69,5100.75,Delhi,POS,18,9.0,0
649,795.61,Hyderabad,Online,11,66.64,0
450,6802.19,Delhi,Online,15,42.23,0
27,45.69,Hyderabad,ATM,6,15.53,0
761,2249.75,Delhi,Online,12,26.05,0
801,37391.0,Bangalore,ATM,3,35.0,1
547,43765.0,Bangalore,Online,9,250.0,1
68,973.6,Delhi,ATM,18,46.15,0
713,2266.54,Bangalore,ATM,12,75.79,0
96,796.78,Hyderabad,ATM,22,15.21,0
604,1791.43,Mumbai,Online,10,104.46,0
9,2724.51,Hyderabad,ATM,15,32.04,0
508,2671.89,Bangalore,Online,22,7.6,0
716,2984.27,Delhi,POS,7,39.03,0
741,5637.69,Bangalore,Online,8,8.79,0
597,6926.88,Chennai,Online,14,55.4,0
493,132.32,Mumbai,POS,9,120.49,0
16,2990.98,Hyderabad,Online,23,31.76,0
47,6968.74,Bangalore,POS,22,113.89,0
309,1910.92,Bangalore,Online,19,15.18,0
668,1492.88,Mumbai,ATM,12,45.74,0
829,5843.57,Delhi,ATM,11,38.52,0
201,2315.17,Chennai,Online,11,84.9,0
190,25985.0,Chennai,POS,3,44.0,1
851,1071.49,Delhi,POS,9,61.55,0
808,1145.81,Bangalore,ATM,21,31.55,0
323,1669.31,Delhi,POS,10,7.21,0
881,877.84,Mumbai,Online,22,77.24,0
139,208.78,Delhi,Online,7,27.01,0
238,8372.98,Hyderabad,Online,11,58.89,0
49,5165.34,Mumbai,POS,6,18.26,0
680,3445.97,Chennai,Online,9,37.53,0
263,7425.54,Mumbai,Online,9,3.15,0
658,1435.83,Mumbai,POS,18,13.0,0
120,2885.36,Mumbai,Online,14,14.15,0
881,765.25,Delhi,ATM,10,85.1,0
191,6244.07,Delhi,ATM,20,49.27,0
6,1030.16,Hyderabad,POS,19,109.27,0
275,2669.11,Chennai,POS,17,60.18,0
769,1758.65,Bangalore,POS,13,122.7,0
587,1402.98,Delhi,Online,21,0.84,0
365,2335.73,Chennai,ATM,11,57.3,0
983,4869.53,Delhi,POS,8,49.45,0
783,122.34,Mumbai,ATM,13,25.34,0
524,1889.37,Bangalore,ATM,15,14.19,0
485,1251.22,Delhi,Online,13,48.87,0
596,738.93,Mumbai,ATM,20,14.46,0
972,396.06,Bangalore,ATM,16,33.32,0
347,2247.14,Hyderabad,POS,19,4.41,0
650,2559.04,Hyderabad,POS,16,39.58,0
158,2325.84,Bangalore,ATM,10,17.53,0
347,2519.14,Mumbai,POS,20,59.78,0
715,49410.0,Mumbai,ATM,17,410.0,1
963,654.3,Bangalore,POS,16,14.52,0
440,5503.24,Hyderabad,Online,19,56.28,0
403,2113.0,Mumbai,ATM,21,8.12,0
243,4852.54,Hyderabad,POS,8,43.73,0
363,154.9,Hyderabad,Online,9,29.74,0
801,4227.07,Mumbai,POS,20,17.7,0
251,1761.91,Mumbai,ATM,10,66.81,0
483,3087.17,Chennai,Online,14,76.71,0
434,102.09,Hyderabad,POS,6,66.91,0
144,423.25,Delhi,POS,12,48.88,0
126,21437.0,Delhi,ATM,5,49.0,1
332,2386.28,Mumbai,POS,11,21.76,0
720,3964.06,Bangalore,Online,12,3.36,0
472,3331.06,Hyderabad,POS,15,16.05,0
405,1161.31,Delhi,POS,8,52.31,0
113,1699.61,Bangalore,POS,18,14.48,0
581,2135.69,Hyderabad,ATM,20,141.83,0
27,5470.51,Hyderabad,Online,12,68.13,0
615,3316.64,Chennai,ATM,9,18.32,0
805,5198.25,Chennai,Online,18,23.95,0
253,568.28,Delhi,POS,7,83.74,0
84,1482.25,Mumbai,ATM,14,89.04,0
940,1895.03,Bangalore,POS,12,50.94,0
281,5330.32,Chennai,ATM,7,30.74,0
559,900.19,Delhi,Online,7,86.6,0
886,3280.61,Hyderabad,Online,7,53.45,0
258,28399.0,Delhi,POS,0,352.0,1
605,676.58,Chennai,Online,7,2.01,0
672,1052.49,Mumbai,Online,10,26.95,0
851,1313.18,Bangalore,Online,18,10.53,0
34,5430.75,Chennai,POS,7,49.01,0
148,3266.11,Mumbai,ATM,22,9.3,0
957,1009.54,Hyderabad,ATM,10,54.26,0
215,4647.04,Chennai,ATM,7,37.32,0
580,40914.0,Chennai,Online,18,464.0,1
392,1463.52,Delhi,ATM,9,24.06,0
905,1190.98,Bangalore,Online,12,39.25,0
802,2853.58,Hyderabad,POS,15,101.63,0
837,2600.84,Mumbai,ATM,20,3.88,0
5,735.51,Hyderabad,POS,8,40.21,0
123,2861.52,Hyderabad,ATM,15,27.32,0
931,119.85,Chennai,POS,12,26.71,0
488,2349.49,Delhi,ATM,18,13.25,0
439,5263.5,Chennai,Online,23,8.74,0
82,3893.04,Bangalore,ATM,9,93.23,0
389,2801.27,Hyderabad,ATM,11,17.94,0
156,3411.76,Delhi,Online,8,17.21,0
85,35862.0,Hyderabad,POS,13,263.0,1
678,496.73,Chennai,ATM,23,65.99,0
353,4788.77,Delhi,Online,21,9.3,0
915,2556.29,Mumbai,POS,17,41.8,0
738,3317.84,Bangalore,POS,23,28.1,0
629,1584.87,Hyderabad,ATM,19,53.89,0
290,4382.28,Hyderabad,Online,7,8.9,0
109,3314.39,Delhi,ATM,20,159.64,0
680,36980.0,Delhi,Online,16,343.0,1
189,7247.58,Chennai,ATM,10,46.13,0
137,269.61,Delhi,ATM,17,4.32,0
392,379.74,Bangalore,Online,7,73.19,0
880,18644.0,Bangalore,POS,2,0.0,1
985,2797.51,Mumbai,ATM,7,29.21,0
525,597.73,Chennai,Online,6,66.06,0
833,6810.29,Hyderabad,POS,7,86.42,0
996,4281.1,Chennai,ATM,10,2.63,0
8,7734.54,Mumbai,Online,22,24.86,0
125,2004.51,Mumbai,Online,13,17.0,0
152,2171.69,Hyderabad,Online,15,56.31,0
285,3682.23,Mumbai,POS,12,41.61,0
621,4057.02,Delhi,Online,6,57.33,0
40,3822.15,Hyderabad,ATM,20,10.5,0
119,1797.49,Chennai,POS,9,14.56,0
356,2333.1,Delhi,Online,16,59.91,0
967,3941.01,Mumbai,Online,22,113.87,0
946,8629.41,Bangalore,ATM,9,13.98,0
959,9519.97,Bangalore,POS,7,71.84,0
476,388.87,Chennai,Online,23,30.07,0
75,814.66,Delhi,Online,15,12.33,0
730,34872.0,Delhi,Online,19,269.0,1
523,3846.81,Chennai,POS,14,67.97,0
570,1243.16,Bangalore,ATM,10,27.16,0
180,3878.83,Hyderabad,POS,23,42.08,0
229,371.11,Mumbai,ATM,21,38.91,0
573,490.1,Chennai,POS,13,21.99,0
600,6466.43,Mumbai,Online,13,92.37,0
636,1347.81,Bangalore,ATM,13,56.63,0
413,2966.73,Chennai,ATM,16,58.35,0
981,3643.87,Bangalore,ATM,15,32.47,0
22,4773.08,Delhi,Online,6,13.99,0
618,56893.0,Delhi,ATM,1,353.0,1
157,712.09,Hyderabad,ATM,6,119.29,0
746,1270.29,Delhi,ATM,20,46.76,0
464,2029.14,Delhi,ATM,7,82.41,0
326,4143.89,Bangalore,Online,13,18.95,0
574,5178.3,Hyderabad,POS,7,49.41,0
226,4752.23,Hyderabad,ATM,12,39.35,0
409,6857.62,Mumbai,POS,18,38.24,0
309,2648.47,Bangalore,Online,16,9.48,0
832,1488.38,Delhi,POS,11,76.93,0
145,31966.0,Chennai,Online,16,327.0,1
466,125.33,Delhi,Online,16,57.48,0
965,2069.99,Hyderabad,Online,16,9.99,0
323,12142.15,Hyderabad,Online,18,43.83,0
511,781.98,Bangalore,Online,11,42.81,0
378,3650.87,Mumbai,Online,13,41.26,0
636,2354.83,Hyderabad,ATM,17,81.37,0
228,5375.07,Delhi,POS,23,21.45,0
143,1040.5,Mumbai,Online,14,23.44,0
849,454.09,Bangalore,ATM,11,95.92,0
707,1442.43,Chennai,ATM,11,5.68,0
303,40549.0,Delhi,ATM,4,13.0,1
476,4657.47,Mumbai,Online,17,0.23,0
605,4519.45,Bangalore,ATM,12,43.39,0
855,262.16,Mumbai,Online,17,49.64,0
995,2439.97,Mumbai,POS,11,62.89,0
310,413.57,Delhi,Online,11,9.43,0
429,1381.64,Hyderabad,Online,9,28.9,0
659,9389.62,Delhi,POS,13,49.07,0
499,602.86,Chennai,Online,7,66.78,0
189,1059.96,Delhi,ATM,9,78.72,0
189,4430.03,Bangalore,POS,14,137.16,0
66,1022.24,Delhi,ATM,15,57.22,1
461,2464.97,Hyderabad,Online,13,41.19,1
813,109.23,Mumbai,Online,13,85.31,0
395,1744.88,Bangalore,ATM,23,120.53,0
292,4424.8,Delhi,ATM,15,119.52,0
455,4657.19,Chennai,POS,15,61.37,0
362,7932.24,Hyderabad,POS,9,28.86,0
687,1448.32,Bangalore,ATM,19,61.63,0
349,6371.52,Mumbai,POS,21,14.0,0
778,174.71,Mumbai,Online,11,16.94,0
842,4504.5,Delhi,ATM,23,49.9,0
679,2282.5,Hyderabad,Online,10,105.58,0
71,86.51,Bangalore,ATM,23,3.25,0
453,717.96,Bangalore,POS,19,144.92,0
252,2736.21,Mumbai,POS,21,32.55,0
365,4601.77,Chennai,Online,18,48.46,0
530,1446.82,Hyderabad,ATM,19,52.03,0
510,485.88,Delhi,Online,15,14.65,0
42,4040.65,Mumbai,ATM,16,56.2,0
252,7432.89,Hyderabad,POS,10,92.07,0
720,2207.37,Mumbai,Online,14,93.15,0
614,1529.78,Hyderabad,ATM,18,2.17,0
130,59383.0,Delhi,ATM,8,52.0,1
207,2179.53,Bangalore,ATM,16,3.75,0
904,42163.0,Chennai,Online,1,285.0,1
684,1364.41,Bangalore,ATM,11,67.17,0
403,2460.41,Bangalore,ATM,13,45.62,0
378,5104.14,Mumbai,ATM,11,29.41,0
324,33156.0,Bangalore,ATM,11,375.0,1
396,920.81,Bangalore,ATM,22,57.64,0
301,2456.34,Mumbai,Online,14,1.44,0
592,2272.17,Delhi,Online,6,9.2,0
641,9760.72,Chennai,ATM,10,56.51,0
429,3979.84,Hyderabad,ATM,9,26.62,0
689,880.73,Bangalore,Online,20,25.8,0
729,3761.65,Hyderabad,Online,16,74.21,0
629,2531.68,Mumbai,ATM,14,17.84,0
75,3296.28,Chennai,ATM,19,48.52,0
673,8590.35,Chennai,Online,10,57.79,0
300,1839.63,Bangalore,POS,6,34.52,0
354,54587.0,Delhi,Online,14,439.0,1
885,317.13,Chennai,ATM,6,19.64,0
666,3975.7,Mumbai,Online,15,22.85,0
697,1980.95,Mumbai,Online,12,11.8,0
749,4642.64,Chennai,POS,14,27.58,0
735,28113.0,Bangalore,Online,4,0.0,1
225,3715.93,Hyderabad,ATM,12,29.15,1
69,25886.0,Hyderabad,ATM,1,460.0,1
275,6889.29,Delhi,POS,12,21.8,0
771,851.93,Bangalore,POS,18,35.79,0
809,2758.83,Hyderabad,POS,18,112.04,0
758,1457.13,Mumbai,ATM,6,0.29,0
656,2103.41,Hyderabad,ATM,19,36.41,0
614,4438.97,Hyderabad,ATM,19,21.54,0
733,2315.37,Chennai,Online,10,25.32,0
379,2287.88,Chennai,POS,12,72.14,0
845,2380.29,Chennai,Online,9,62.91,0
299,6900.39,Bangalore,ATM,22,28.52,0
917,242.24,Chennai,POS,7,52.67,0
537,3197.74,Hyderabad,POS,7,4.14,0
654,6732.44,Delhi,Online,14,7.3,0
357,522.14,Hyderabad,ATM,8,54.79,0
854,4785.85,Hyderabad,POS,9,18.43,0
662,4039.07,Delhi,ATM,16,8.12,0
52,2711.6,Hyderabad,POS,6,68.25,0
413,3885.96,Delhi,ATM,15,1.54,0
499,6067.09,Bangalore,POS,14,108.24,0
986,30071.0,Chennai,ATM,14,477.0,1
540,8166.22,Mumbai,ATM,9,75.3,0
110,128.72,Bangalore,ATM,22,7.95,0
116,1570.56,Hyderabad,ATM,18,60.32,0
594,1183.51,Hyderabad,Online,12,23.04,0
68,275.36,Chennai,POS,16,24.76,0
341,42795.0,Delhi,ATM,11,97.0,1
553,1815.68,Delhi,ATM,16,14.65,0
154,360.23,Mumbai,ATM,13,15.5,0
593,2871.82,Hyderabad,Online,15,57.19,0
410,215.16,Chennai,ATM,21,33.44,0
45,3850.38,Delhi,POS,14,8.37,0
439,4501.49,Hyderabad,Online,6,35.29,0
796,3348.32,Mumbai,POS,16,16.65,0
923,309.06,Mumbai,ATM,18,6.06,0
574,99.46,Mumbai,ATM,16,47.05,0
380,1145.55,Chennai,Online,16,17.52,0
531,2482.9,Delhi,ATM,9,19.75,0
5,1937.61,Bangalore,Online,6,35.53,0
578,48660.0,Bangalore,Online,0,465.0,1
733,396.97,Bangalore,ATM,21,79.97,0
765,28960.0,Delhi,Online,16,474.0,1
710,1300.39,Hyderabad,ATM,12,55.58,1
618,2574.22,Bangalore,Online,10,32.56,0
848,4006.0,Delhi,Online,12,120.48,0
298,369.72,Chennai,ATM,21,26.62,0
709,3276.52,Bangalore,Online,19,32.7,0
695,667.14,Bangalore,Online,18,21.24,0
625,1313.86,Bangalore,ATM,20,46.61,0
42,5031.91,Bangalore,POS,13,11.17,0
798,603.28,Chennai,POS,17,89.48,0
959,261.23,Delhi,Online,18,98.1,0
374,3385.17,Bangalore,POS,12,45.24,0
187,4975.83,Chennai,POS,8,9.06,0
250,36435.0,Delhi,ATM,14,10.0,1
490,3821.14,Bangalore,Online,9,80.08,0
808,1636.58,Chennai,Online,16,18.3,0
719,1782.99,Chennai,ATM,10,86.88,0
32,34.85,Mumbai,ATM,17,19.73,0
735,3444.42,Delhi,ATM,16,18.86,0
885,2467.58,Mumbai,Online,16,67.58,0
513,8652.99,Delhi,ATM,8,57.39,0
111,1044.74,Bangalore,ATM,8,8.38,0
394,7748.06,Hyderabad,ATM,18,56.24,0
696,7961.11,Mumbai,Online,12,47.86,0
973,3261.29,Mumbai,POS,19,39.23,0
150,3723.42,Mumbai,ATM,18,26.17,0
271,5809.98,Hyderabad,Online,21,38.55,0
298,1670.52,Chennai,POS,10,17.76,0
401,972.57,Chennai,ATM,18,47.07,0
328,3616.38,Chennai,POS,16,70.45,0
844,3349.63,Chennai,ATM,12,63.21,0
901,9526.35,Mumbai,Online,16,12.58,0
866,7695.45,Mumbai,ATM,12,3.16,0
92,48671.0,Chennai,POS,18,259.0,1
603,2127.23,Hyderabad,ATM,22,5.28,0
4,5154.61,Delhi,POS,7,31.91,0
660,36007.0,Chennai,ATM,8,428.0,1
966,208.98,Mumbai,POS,7,39.68,0
236,2019.18,Delhi,POS,13,39.23,0
428,2723.49,Mumbai,ATM,18,33.98,0
939,713.1,Hyderabad,Online,10,21.59,0
691,792.12,Hyderabad,Online,17,74.42,0
886,107.18,Delhi,ATM,14,66.44,0
868,1309.18,Delhi,POS,13,20.1,0
849,525.11,Chennai,Online,17,40.8,0
970,3244.28,Mumbai,Online,19,42.77,0
208,1038.27,Hyderabad,POS,15,20.59,0
97,5041.14,Chennai,POS,15,12.29,0
433,655.88,Bangalore,ATM,17,62.14,0
776,3450.19,Bangalore,ATM,19,79.16,0
888,5808.99,Bangalore,ATM,18,45.5,0
129,3925.63,Hyderabad,Online,19,94.88,0
443,3006.24,Delhi,Online,8,42.31,0
407,1047.65,Mumbai,ATM,18,58.1,0
163,61.55,Bangalore,ATM,20,9.54,0
708,2192.36,Hyderabad,POS,12,106.31,0
407,2253.83,Bangalore,ATM,11,68.94,0
939,704.77,Hyderabad,POS,6,5.58,0
595,1997.02,Delhi,POS,23,27.12,0
332,3590.94,Bangalore,ATM,20,10.38,0
331,27457.0,Hyderabad,Online,3,1.0,1
379,36807.0,Delhi,Online,10,15.0,1
964,39444.0,Delhi,ATM,12,277.0,1
193,4838.82,Mumbai,POS,17,19.06,0
360,952.64,Hyderabad,POS,20,117.41,0
117,1728.29,Delhi,POS,19,68.15,0
894,806.37,Chennai,Online,11,45.48,0
609,4794.05,Mumbai,POS,20,20.42,0
911,5073.45,Bangalore,Online,13,10.91,0
793,5701.38,Mumbai,Online,9,36.37,0
899,3347.52,Chennai,Online,22,76.11,0
641,171.37,Delhi,Online,6,30.57,0
659,3241.15,Mumbai,Online,11,70.73,0
194,1575.4,Mumbai,Online,23,30.29,0
173,2059.12,Chennai,ATM,12,39.35,0
140,4777.37,Mumbai,ATM,19,31.55,0
719,2531.84,Bangalore,ATM,13,20.91,0
812,2867.52,Delhi,Online,16,41.49,0
801,1212.24,Delhi,ATM,18,37.84,0
985,7602.15,Bangalore,POS,21,97.07,0
738,108.8,Bangalore,Online,17,0.47,0
260,33335.0,Chennai,ATM,23,334.0,1
440,6374.48,Hyderabad,POS,19,71.82,0
895,7817.58,Delhi,POS,12,16.79,0
576,1722.0,Mumbai,POS,17,0.1,0
968,701.21,Mumbai,ATM,21,62.41,0
402,1215.56,Hyderabad,ATM,13,27.27,0
882,857.46,Bangalore,ATM,17,28.11,0
5,45526.0,Delhi,POS,7,81.0,1
824,9767.93,Mumbai,POS,14,30.95,0
893,34564.0,Chennai,ATM,3,34.0,1
742,3849.8,Delhi,Online,17,66.89,0
33,2274.05,Hyderabad,ATM,18,97.61,0
751,5536.87,Chennai,ATM,12,28.44,0
940,42427.0,Delhi,POS,18,23.0,1
233,19649.0,Delhi,POS,5,20.0,1
354,632.9,Chennai,Online,23,39.09,0
65,2666.15,Delhi,POS,17,1.66,0
40,1974.01,Chennai,ATM,16,38.9,0
190,35212.0,Mumbai,Online,10,303.0,1
476,2501.7,Mumbai,Online,21,46.33,0
853,4091.12,Mumbai,Online,9,89.22,0
245,380.05,Hyderabad,Online,14,44.64,0
171,1158.88,Mumbai,ATM,14,69.52,0
445,5075.89,Bangalore,Online,17,20.56,0
53,991.41,Bangalore,Online,22,58.05,0
733,3950.71,Delhi,ATM,16,24.22,0
266,1993.4,Bangalore,Online,8,4.43,0
332,6556.24,Bangalore,POS,15,67.32,0
367,1346.98,Mumbai,POS,20,48.39,0
946,5834.05,Mumbai,ATM,11,46.78,0
111,3537.89,Mumbai,Online,20,20.8,0
98,27846.0,Bangalore,ATM,10,420.0,1
737,6861.13,Mumbai,ATM,14,28.52,0
178,5440.08,Chennai,POS,14,19.24,0
524,50485.0,Delhi,Online,12,81.0,1
956,2766.58,Hyderabad,Online,8,88.52,0
442,4618.74,Mumbai,POS,16,1.03,0
447,2750.72,Chennai,ATM,16,46.26,0
338,1276.08,Hyderabad,POS,10,38.07,0
129,59710.0,Delhi,Online,13,225.0,1
103,34188.0,Hyderabad,POS,7,450.0,1
40,3698.56,Delhi,Online,15,3.11,0
59,4350.61,Hyderabad,Online,18,48.71,0
48,942.2,Mumbai,POS,11,92.39,0
244,2214.97,Delhi,Online,21,16.32,0
380,8927.84,Bangalore,Online,8,59.97,0
340,4399.29,Chennai,POS,15,93.2,0
199,1035.43,Hyderabad,POS,12,52.98,0
255,956.06,Hyderabad,ATM,13,24.34,0
87,3164.9,Mumbai,POS,21,49.93,0
695,5372.81,Delhi,Online,19,88.48,0
599,1807.66,Bangalore,POS,10,69.68,0
802,39808.0,Hyderabad,Online,5,304.0,1
145,983.09,Chennai,POS,7,55.1,0
501,2632.47,Hyderabad,Online,11,32.28,0
564,3280.52,Hyderabad,Online,16,70.24,0
696,1382.37,Bangalore,Online,6,15.13,0
579,3071.84,Bangalore,ATM,6,51.56,0
300,4624.67,Hyderabad,POS,8,26.36,0
202,1373.4,Delhi,ATM,7,79.01,0
182,8121.63,Bangalore,POS,22,17.35,0
507,3541.61,Chennai,Online,15,20.09,0
902,3601.11,Hyderabad,ATM,22,4.02,0
780,1906.31,Mumbai,POS,7,55.29,0
620,9046.87,Mumbai,ATM,19,60.0,0
471,1698.56,Delhi,POS,8,49.02,0
741,6786.07,Bangalore,POS,22,19.39,0
78,2339.6,Hyderabad,POS,10,41.91,0
74,7242.93,Delhi,Online,13,43.18,0
385,2624.39,Hyderabad,ATM,11,30.46,0
101,6254.52,Hyderabad,Online,17,33.71,0
178,1674.46,Hyderabad,POS,12,12.63,0
79,1513.6,Bangalore,POS,9,6.42,0
653,5333.16,Bangalore,Online,13,38.33,0
693,3942.93,Chennai,POS,21,17.32,0
756,3579.97,Chennai,ATM,22,30.03,0
314,1081.47,Bangalore,ATM,11,19.6,0
24,2842.55,Chennai,ATM,9,26.01,0
990,1594.99,Chennai,ATM,9,8.87,0
276,11483.31,Chennai,POS,23,55.34,0
329,3249.44,Mumbai,ATM,6,1.66,0
83,656.34,Hyderabad,Online,14,3.46,0
312,2888.49,Delhi,ATM,21,84.02,0
405,2718.17,Bangalore,Online,11,21.84,0
511,2631.42,Bangalore,ATM,9,1.96,0
692,6444.36,Bangalore,Online,19,64.12,0
363,264.04,Mumbai,POS,18,86.0,0
391,32822.0,Delhi,ATM,2,1.0,1
470,2403.36,Hyderabad,POS,21,54.24,0
843,48902.0,Delhi,POS,6,285.0,1
71,8163.74,Bangalore,ATM,11,24.69,0
210,1712.06,Chennai,ATM,9,3.62,0
469,3873.78,Chennai,POS,15,5.52,0
688,4653.19,Mumbai,ATM,22,37.03,0
616,3867.25,Hyderabad,POS,19,8.78,0
946,41.71,Bangalore,Online,14,73.46,0
387,518.05,Hyderabad,ATM,22,24.7,0
950,2500.0,Bangalore,POS,23,83.09,0
237,4924.24,Delhi,POS,13,54.76,0
618,38158.0,Chennai,ATM,7,436.0,1
186,1572.66,Mumbai,POS,9,38.95,0
172,1816.99,Chennai,ATM,16,12.76,0
287,5056.88,Delhi,Online,18,19.37,0
703,2167.37,Chennai,Online,23,48.99,0
132,884.67,Delhi,ATM,9,88.43,0
21,374.14,Chennai,ATM,18,42.85,0
869,6311.5,Delhi,POS,20,58.86,0
747,979.99,Hyderabad,POS,14,67.11,0
489,5481.73,Hyderabad,POS,20,1.43,0
59,214.01,Mumbai,Online,21,57.8,0
286,5560.65,Bangalore,ATM,19,48.23,0
756,1621.74,Hyderabad,POS,9,21.26,0
913,17522.0,Delhi,ATM,4,13.0,1
97,28084.0,Bangalore,ATM,19,293.0,1
460,3898.08,Bangalore,Online,19,4.95,0
624,4047.88,Bangalore,POS,22,25.51,0
588,4354.08,Mumbai,POS,7,11.2,0
971,2199.7,Chennai,Online,12,3.79,0
14,1485.81,Bangalore,ATM,17,80.78,0
700,467.73,Chennai,ATM,13,54.88,0
708,5778.59,Chennai,Online,8,69.39,0
882,457.73,Delhi,POS,7,47.69,0
47,3499.9,Hyderabad,Online,13,41.76,0
168,3210.51,Delhi,ATM,22,90.7,0
516,610.65,Bangalore,Online,23,8.52,0
127,3471.65,Delhi,POS,12,48.37,0
158,2442.76,Delhi,ATM,9,26.54,0
279,2264.6,Hyderabad,POS,11,44.28,0
902,2948.6,Delhi,ATM,19,13.29,0
927,41970.0,Delhi,ATM,22,96.0,1
125,1204.89,Bangalore,Online,14,14.06,0
101,3463.77,Hyderabad,ATM,16,23.37,0
322,3152.48,Chennai,POS,13,77.14,1
791,2805.49,Hyderabad,ATM,22,22.45,0
346,4660.82,Hyderabad,Online,19,58.31,0
314,1254.24,Hyderabad,POS,20,26.79,0
285,43428.0,Hyderabad,Online,19,441.0,1
472,3559.19,Mumbai,ATM,8,52.25,0
521,861.55,Mumbai,Online,21,20.3,0
440,549.97,Bangalore,POS,10,57.18,0
673,4129.52,Delhi,Online,11,9.04,0
667,372.11,Mumbai,POS,14,57.48,0
632,6270.55,Mumbai,Online,19,39.61,0
252,130.01,Mumbai,ATM,16,45.98,0
15,1799.33,Hyderabad,Online,15,4.36,0
173,3315.63,Hyderabad,ATM,10,27.07,0
685,978.73,Delhi,Online,17,16.07,1
616,511.65,Bangalore,ATM,8,43.45,0
754,7617.2,Chennai,ATM,19,27.71,0
9,3005.38,Hyderabad,ATM,9,90.09,0
360,1558.6,Hyderabad,POS,8,23.16,0
479,2633.58,Delhi,POS,10,16.63,0
333,56756.0,Delhi,POS,19,28.0,1
184,2819.65,Chennai,POS,8,80.74,0
205,2897.8,Delhi,POS,14,16.77,0
592,732.55,Mumbai,Online,11,72.86,0
392,3424.17,Bangalore,POS,19,73.59,0
794,2843.95,Delhi,Online,13,32.37,0
96,2143.66,Chennai,Online,23,58.31,0
197,5183.88,Chennai,POS,13,14.09,0
313,3314.47,Mumbai,ATM,6,5.03,0
690,3399.9,Mumbai,ATM,19,6.65,0
826,1182.31,Hyderabad,POS,13,51.22,0
264,3709.62,Delhi,Online,22,22.42,0
925,4479.34,Chennai,POS,19,8.56,0
371,4953.45,Mumbai,ATM,13,9.35,0
181,7223.95,Hyderabad,Online,23,31.45,0
22,3026.27,Mumbai,ATM,6,3.58,0
356,1805.14,Hyderabad,POS,22,3.17,0
383,1103.19,Bangalore,POS,6,36.54,0
438,817.49,Hyderabad,ATM,15,43.79,0
331,1379.59,Bangalore,ATM,16,112.28,0
469,3601.03,Hyderabad,POS,12,25.22,1
781,1182.54,Hyderabad,ATM,14,41.17,0
521,34003.0,Hyderabad,POS,23,322.0,1
387,1660.29,Bangalore,ATM,20,20.71,0
626,939.86,Bangalore,Online,19,18.01,0
469,738.5,Chennai,ATM,7,28.28,0
268,4212.32,Chennai,Online,6,66.89,0
221,3704.33,Delhi,POS,20,44.22,0
402,648.93,Delhi,ATM,19,31.02,0
1,1340.92,Chennai,POS,22,24.1,0
21,1551.44,Bangalore,ATM,15,31.68,0
909,7298.94,Mumbai,Online,15,15.39,0
993,56960.0,Delhi,POS,13,294.0,1
905,25623.0,Delhi,ATM,1,41.0,1
725,3155.54,Mumbai,ATM,16,51.3,0
139,7059.94,Delhi,Online,23,29.64,0
483,1273.25,Hyderabad,POS,11,3.81,0
821,1365.57,Delhi,Online,10,42.14,0
883,2063.87,Mumbai,POS,16,5.01,0
503,1023.01,Mumbai,ATM,15,16.34,0
809,910.97,Bangalore,Online,22,18.84,0
587,2077.05,Bangalore,POS,7,39.33,0
201,3890.63,Delhi,Online,6,7.56,0
87,975.59,Chennai,Online,20,122.05,0
387,3439.29,Chennai,POS,12,2.34,1
302,6255.61,Hyderabad,ATM,10,102.09,0
926,1573.95,Bangalore,ATM,22,27.37,0
487,974.01,Mumbai,ATM,16,2.64,0
53,49843.0,Delhi,ATM,6,129.0,1
217,1412.81,Delhi,ATM,22,19.24,0
387,3008.28,Mumbai,Online,9,37.99,0
691,32285.0,Bangalore,Online,14,344.0,1
863,2722.93,Chennai,ATM,13,50.54,0
908,825.4,Delhi,ATM,20,17.32,0
439,1163.28,Bangalore,Online,18,62.54,0
402,1498.82,Delhi,POS,7,7.87,0
924,52003.0,Delhi,ATM,15,135.0,1
880,4869.03,Delhi,POS,15,4.99,0
964,3391.25,Hyderabad,POS,16,3.02,0
363,2780.35,Bangalore,POS,20,1.42,0
900,4011.2,Chennai,Online,21,67.25,0
430,920.06,Delhi,Online,14,24.83,0
24,28803.0,Chennai,ATM,4,22.0,1
360,3611.09,Chennai,Online,16,84.65,0
785,836.93,Mumbai,Online,7,83.97,0
659,32.93,Hyderabad,ATM,7,76.43,0
382,4462.4,Hyderabad,Online,13,35.67,0
740,2931.12,Mumbai,POS,16,7.44,0
433,3886.75,Delhi,Online,12,1.16,0
134,16045.0,Delhi,ATM,1,2.0,1
585,1088.26,Chennai,Online,13,78.45,0
599,47851.0,Delhi,Online,13,39.0,1
784,1713.84,Hyderabad,POS,18,51.32,0
83,1333.95,Chennai,POS,16,93.33,0
767,28165.0,Delhi,POS,4,4.0,1
460,45.0,Chennai,POS,19,20.71,0
685,6583.55,Bangalore,POS,19,12.25,0
667,6813.22,Bangalore,POS,10,54.59,0
17,1546.05,Mumbai,ATM,18,80.66,0
615,1952.05,Chennai,POS,8,15.08,0
169,5511.65,Mumbai,Online,11,89.42,0
191,64.96,Delhi,Online,16,50.06,0
493,4306.21,Hyderabad,POS,19,63.67,0
160,3506.07,Chennai,ATM,8,87.12,0
91,1543.73,Bangalore,Online,15,47.79,0
462,1402.18,Mumbai,POS,8,59.0,0
751,2925.45,Delhi,Online,14,67.4,0
886,3035.26,Mumbai,Online,12,54.92,0
269,5572.54,Chennai,POS,11,17.44,0
232,1368.22,Bangalore,POS,13,38.85,0
85,3111.88,Bangalore,ATM,15,26.74,0
886,1426.53,Delhi,Online,12,43.29,0
209,41563.0,Chennai,Online,6,422.0,1
383,2575.89,Bangalore,ATM,23,90.4,0
358,1116.81,Hyderabad,POS,23,54.05,0
172,2151.9,Bangalore,POS,16,44.73,0
638,700.46,Chennai,POS,22,63.58,0
908,2895.67,Chennai,Online,23,23.97,0
339,1973.93,Hyderabad,Online,18,1.98,0
777,3477.54,Mumbai,POS,12,48.99,0
100,1921.94,Delhi,POS,8,29.77,0
734,2109.07,Chennai,Online,23,77.35,0
265,4332.07,Mumbai,ATM,10,9.63,0
837,2660.07,Mumbai,Online,17,24.78,0
763,3219.9,Chennai,POS,9,81.28,0
528,1105.42,Bangalore,Online,15,64.22,0
90,5844.84,Bangalore,Online,12,6.96,0
341,1429.98,Delhi,ATM,12,54.84,0
976,3276.97,Mumbai,Online,12,46.43,0
315,1797.28,Bangalore,ATM,23,6.76,0
730,3243.6,Chennai,POS,19,24.51,0
563,1459.38,Delhi,ATM,20,4.25,0
860,2456.69,Mumbai,POS,15,67.58,0
908,1703.69,Hyderabad,POS,11,11.88,0
101,3211.92,Hyderabad,POS,14,29.4,0
57,3379.07,Chennai,POS,9,8.35,0
996,699.76,Bangalore,POS,18,38.67,0
96,6485.02,Hyderabad,POS,10,46.24,0
257,4778.93,Chennai,ATM,23,16.03,0
845,2802.86,Mumbai,Online,8,84.51,0
512,8173.54,Bangalore,Online,18,87.14,0
583,1002.64,Mumbai,Online,22,47.73,0
278,1207.05,Chennai,POS,6,74.19,0
583,1687.86,Delhi,ATM,10,90.28,0
565,1585.01,Chennai,POS,12,25.12,0
32,6136.79,Bangalore,ATM,23,10.2,0
506,8116.59,Delhi,Online,23,109.6,0
126,1616.67,Delhi,Online,15,18.88,0
923,4101.71,Chennai,ATM,22,7.38,0
823,1479.67,Mumbai,POS,22,74.06,0
826,5659.34,Delhi,POS,6,17.78,0
958,1798.59,Delhi,Online,19,51.48,0
868,2331.69,Bangalore,ATM,20,14.99,0
409,986.72,Hyderabad,ATM,7,61.1,0
24,4209.54,Chennai,POS,22,78.91,0
599,981.87,Bangalore,ATM,14,7.16,0
97,35545.0,Mumbai,Online,3,27.0,1
504,4286.95,Hyderabad,ATM,18,32.4,0
714,56428.0,Delhi,Online,7,37.0,1
982,6607.14,Mumbai,Online,6,31.03,0
101,7554.33,Mumbai,POS,18,37.0,1
287,5196.5,Hyderabad,ATM,20,6.18,0
82,2052.86,Hyderabad,Online,12,55.55,0
213,6848.93,Delhi,POS,16,46.46,0
574,1760.48,Hyderabad,ATM,15,78.87,0
729,4585.94,Delhi,ATM,7,61.11,0
239,4054.9,Mumbai,POS,13,10.71,0
904,3826.54,Bangalore,ATM,12,13.22,0
840,3722.84,Mumbai,Online,18,30.72,0
828,3721.46,Hyderabad,POS,18,59.72,0
542,5671.65,Bangalore,ATM,18,110.68,0
153,2742.3,Mumbai,ATM,23,23.7,0
894,2579.52,Hyderabad,Online,23,16.57,0
779,1430.75,Hyderabad,Online,10,62.52,0
215,177.0,Hyderabad,POS,16,49.82,0
745,2005.13,Bangalore,ATM,19,1.14,0
515,2756.68,Bangalore,ATM,16,9.56,0
225,722.89,Delhi,POS,14,75.24,0
851,1266.14,Delhi,Online,8,14.0,0
652,462.06,Bangalore,ATM,17,30.84,0
727,3985.9,Mumbai,POS,21,21.61,0
726,4996.25,Delhi,Online,8,38.78,0
299,37410.0,Bangalore,ATM,2,27.0,1
860,1124.83,Chennai,POS,21,13.14,0
343,2948.47,Hyderabad,ATM,17,38.69,0
74,6203.53,Bangalore,ATM,9,69.56,0
452,385.58,Bangalore,Online,6,4.9,0
52,4023.05,Mumbai,ATM,22,63.4,0
63,4826.91,Bangalore,Online,7,6.81,0
755,1772.07,Bangalore,POS,10,39.95,0
288,2827.9,Hyderabad,ATM,23,27.11,0
221,1306.04,Hyderabad,Online,21,12.23,0
567,3903.67,Hyderabad,ATM,19,47.56,0
51,52585.0,Delhi,Online,1,140.0,1
202,36164.0,Delhi,ATM,2,429.0,1
450,5324.99,Delhi,POS,18,8.88,0
765,5782.84,Delhi,ATM,14,16.67,0
902,1089.88,Mumbai,POS,10,12.91,0
42,1724.56,Bangalore,ATM,14,9.42,0
845,58954.0,Delhi,Online,4,253.0,1
341,1362.0,Bangalore,POS,15,26.7,0
65,1496.46,Mumbai,POS,22,6.69,0
358,3137.68,Mumbai,POS,17,29.58,0
175,25517.0,Mumbai,Online,2,35.0,1
465,1742.39,Delhi,POS,10,90.51,0
163,828.7,Bangalore,ATM,12,80.41,0
380,3864.21,Hyderabad,ATM,15,27.33,0
3,1035.3,Hyderabad,Online,21,66.49,0
85,6622.19,Hyderabad,POS,9,80.71,0
67,5472.37,Delhi,ATM,8,12.91,0
694,7002.58,Delhi,Online,15,13.8,0
170,538.16,Chennai,ATM,14,4.14,0
183,1372.69,Mumbai,POS,16,75.24,0
488,5167.64,Bangalore,ATM,17,82.15,0
327,2751.81,Chennai,ATM,6,54.33,0
311,2363.68,Delhi,POS,12,36.21,0
314,5649.54,Bangalore,POS,21,36.64,0
105,158.14,Bangalore,POS,11,70.11,0
744,5629.61,Hyderabad,ATM,7,23.45,0
970,34779.0,Delhi,Online,3,471.0,1
475,710.48,Chennai,POS,7,10.67,0
973,2869.16,Delhi,ATM,20,0.57,0
785,4826.87,Delhi,Online,8,66.49,0
676,2492.79,Hyderabad,ATM,10,19.04,0
966,535.37,Hyderabad,ATM,18,21.35,0
229,3314.17,Bangalore,ATM,9,10.98,0
337,1851.73,Delhi,ATM,12,42.67,0
322,2216.72,Mumbai,POS,17,3.37,0
358,5541.0,Hyderabad,ATM,21,55.62,0
309,3619.17,Delhi,POS,9,73.56,0
413,525.09,Hyderabad,ATM,9,50.63,0
421,4355.83,Mumbai,POS,15,6.73,0
308,1969.49,Chennai,ATM,18,45.34,0
1000,1110.92,Chennai,ATM,21,28.17,0
501,3160.37,Mumbai,ATM,9,39.55,0
731,5999.38,Delhi,Online,22,73.78,0
512,38392.0,Chennai,ATM,4,2.0,1
624,429.56,Chennai,Online,8,93.86,0
631,704.58,Chennai,Online,20,55.74,0
963,2667.21,Hyderabad,POS,14,13.77,0
501,517.61,Hyderabad,Online,22,44.79,0
697,10315.12,Mumbai,Online,17,2.58,0
800,3786.7,Hyderabad,POS,19,84.69,0
694,3843.21,Mumbai,ATM,21,28.32,0
377,809.36,Delhi,POS,22,43.67,0
47,1269.25,Bangalore,Online,10,86.3,0
220,7371.72,Chennai,Online,13,11.7,0
840,6496.72,Mumbai,POS,6,73.92,0
195,1013.03,Bangalore,ATM,11,61.66,0
318,39162.0,Mumbai,ATM,21,353.0,1
791,55.67,Bangalore,ATM,8,83.34,0
275,736.21,Chennai,Online,6,29.88,0
937,621.79,Mumbai,ATM,19,5.35,0
575,5440.7,Bangalore,Online,22,15.32,0
871,539.89,Bangalore,Online,21,45.1,0
969,2603.03,Chennai,Online,22,116.08,0
536,3295.06,Hyderabad,Online,8,29.59,0
689,2070.36,Mumbai,Online,8,54.59,0
674,27.18,Mumbai,ATM,8,26.82,0
600,2710.88,Hyderabad,POS,10,30.35,0
830,7869.18,Delhi,ATM,16,39.74,0
271,289.41,Delhi,ATM,17,25.5,0
186,2399.99,Delhi,ATM,15,43.15,0
113,3273.74,Hyderabad,POS,16,52.34,0
392,41751.0,Delhi,Online,0,497.0,1
566,3613.04,Hyderabad,Online,12,78.42,0
975,4995.5,Hyderabad,ATM,9,56.87,0
920,4500.48,Bangalore,Online,14,28.64,0
138,2670.57,Chennai,ATM,22,61.62,0
249,7780.54,Chennai,Online,9,37.65,0
174,5244.38,Bangalore,Online,12,5.69,1
494,1620.98,Bangalore,ATM,20,66.83,0
48,1155.63,Chennai,ATM,21,39.86,0
995,618.44,Bangalore,ATM,10,44.91,0
383,663.27,Bangalore,POS,21,10.31,0
68,2300.26,Mumbai,Online,21,70.74,0
289,2346.55,Hyderabad,ATM,23,28.1,0
307,402.31,Bangalore,POS,13,63.73,0
908,2685.81,Mumbai,ATM,15,40.34,0
815,6242.08,Hyderabad,ATM,20,5.49,0
603,286.54,Bangalore,Online,16,53.59,0
702,3538.54,Hyderabad,POS,6,0.63,0
934,6184.37,Hyderabad,Online,21,0.61,0
235,2108.32,Delhi,POS,9,11.06,0
611,813.78,Chennai,Online,23,13.88,0
885,6200.28,Hyderabad,Online,12,32.25,0
558,2103.19,Bangalore,ATM,6,1.91,0
180,3002.6,Delhi,Online,8,47.49,0
653,40539.0,Delhi,Online,10,487.0,1
4,3837.72,Chennai,ATM,6,6.59,0
523,2984.34,Delhi,POS,6,34.0,0
864,31520.0,Hyderabad,Online,11,447.0,1
848,1031.58,Hyderabad,POS,8,18.41,1
371,4493.91,Delhi,Online,21,34.13,0
941,3991.03,Hyderabad,Online,17,47.38,0
898,824.86,Chennai,ATM,7,25.45,0
784,6281.86,Hyderabad,Online,12,80.69,0
339,1922.48,Hyderabad,POS,21,16.97,0
13,39850.0,Chennai,ATM,5,29.0,1
84,5342.73,Chennai,Online,7,65.04,0
513,1040.77,Chennai,POS,15,76.78,0
260,48516.0,Delhi,Online,0,168.0,1
260,4935.6,Mumbai,POS,23,28.46,0
214,2527.5,Bangalore,POS,14,7.5,0
571,240.25,Bangalore,ATM,20,26.55,0
447,438.04,Chennai,ATM,14,41.29,0
333,59409.0,Delhi,POS,18,409.0,1
651,4204.6,Mumbai,Online,21,71.09,0
46,810.69,Mumbai,ATM,19,17.86,0
740,2003.29,Delhi,ATM,14,43.37,0
349,1787.19,Chennai,ATM,23,40.27,0
547,179.51,Hyderabad,ATM,20,28.33,0
223,397.15,Hyderabad,Online,17,97.32,0
878,5091.45,Delhi,Online,21,50.42,0
609,1651.02,Hyderabad,ATM,15,85.71,0
424,1355.98,Chennai,Online,7,8.44,0
590,2519.92,Delhi,ATM,17,45.09,0
762,3920.72,Delhi,ATM,10,13.76,0
810,411.02,Mumbai,ATM,12,42.0,0
346,4155.71,Chennai,Online,6,9.67,0
265,32315.0,Bangalore,Online,3,47.0,1
389,2771.56,Hyderabad,Online,19,0.37,0
532,3880.58,Bangalore,POS,21,100.27,0
786,1603.87,Bangalore,ATM,20,11.33,0
480,841.79,Mumbai,POS,19,77.79,0
229,1905.18,Hyderabad,Online,20,35.37,0
805,3686.09,Bangalore,Online,17,10.23,0
568,1683.16,Mumbai,Online,7,34.64,0
991,34418.0,Mumbai,Online,5,301.0,1
795,7212.13,Mumbai,Online,13,29.21,0
389,2333.28,Bangalore,POS,6,2.49,0
975,44473.0,Delhi,POS,22,116.0,1
409,2886.45,Mumbai,Online,16,24.01,0
902,2886.51,Mumbai,POS,15,15.74,0
518,4616.4,Bangalore,POS,7,11.16,0
392,943.82,Delhi,ATM,22,20.62,0
570,3947.06,Hyderabad,ATM,16,111.34,0
120,53048.0,Delhi,Online,0,131.0,1
987,4598.26,Mumbai,POS,6,31.5,0
998,1164.47,Delhi,Online,17,21.84,0
31,6637.64,Bangalore,POS,22,60.99,0
458,2353.43,Chennai,POS,11,4.57,0
740,4490.52,Mumbai,Online,9,4.8,0
77,28048.0,Delhi,POS,22,409.0,1
425,54896.0,Delhi,POS,21,67.0,1
580,3284.63,Bangalore,Online,22,2.56,0
847,926.49,Chennai,ATM,11,13.98,0
582,6312.53,Bangalore,Online,9,76.97,0
683,410.67,Delhi,ATM,9,17.63,0
241,865.11,Mumbai,POS,23,47.01,0
483,1489.37,Delhi,Online,7,30.79,0
500,132.68,Chennai,Online,6,21.5,0
164,4343.39,Chennai,Online,21,26.61,0
376,38053.0,Bangalore,POS,16,320.0,1
886,4354.07,Chennai,ATM,18,12.62,0
896,5146.38,Chennai,Online,17,0.07,0
698,3153.73,Bangalore,ATM,14,7.97,0
53,1721.36,Bangalore,Online,21,22.95,0
786,3620.42,Hyderabad,Online,12,52.48,0
991,6310.9,Bangalore,Online,13,82.98,0
222,64.44,Chennai,ATM,7,5.29,0
886,3247.07,Bangalore,POS,10,88.81,0
411,3584.87,Delhi,POS,23,15.38,0
721,4390.5,Bangalore,Online,9,11.58,0
740,2825.05,Bangalore,ATM,21,89.54,0
29,2371.9,Delhi,Online,10,62.2,0
869,3761.51,Hyderabad,POS,17,11.76,0
233,2236.88,Hyderabad,ATM,6,23.75,0
590,2486.31,Mumbai,ATM,16,74.76,0
608,32548.0,Chennai,Online,3,20.0,1
217,1523.81,Bangalore,Online,15,69.76,0
997,569.36,Bangalore,ATM,20,23.44,0
880,2638.05,Delhi,Online,15,7.75,0
479,712.02,Hyderabad,ATM,11,29.62,0
355,788.49,Hyderabad,POS,13,50.47,0
183,5738.48,Hyderabad,ATM,20,46.36,0
947,2207.67,Bangalore,ATM,11,93.26,0
265,1206.7,Delhi,Online,16,76.14,0
638,2536.72,Hyderabad,ATM,11,41.24,0
888,7554.12,Bangalore,Online,16,59.54,0
771,1646.94,Delhi,Online,22,46.36,0
664,798.89,Mumbai,POS,7,51.46,0
232,5183.24,Hyderabad,POS,6,40.99,0
129,4947.78,Hyderabad,ATM,7,2.48,0
739,2632.63,Delhi,Online,8,57.34,0
363,7553.6,Bangalore,ATM,10,69.53,0
172,1407.94,Mumbai,Online,17,10.23,0
158,38519.0,Mumbai,Online,19,450.0,1
87,5098.81,Delhi,POS,7,109.12,0
696,4871.28,Bangalore,Online,9,118.59,0
117,777.05,Mumbai,Online,18,30.97,0
68,1576.82,Delhi,ATM,6,32.09,0
650,2536.81,Delhi,Online,13,2.4,0
338,4437.78,Delhi,ATM,15,71.62,0
590,2586.99,Mumbai,POS,16,19.85,0
701,4470.43,Bangalore,ATM,8,13.39,0
256,404.62,Chennai,Online,11,60.93,0
935,1878.5,Delhi,ATM,13,5.08,0
11,2995.93,Mumbai,Online,6,18.69,0
721,39166.0,Bangalore,Online,14,326.0,1
661,4359.47,Mumbai,ATM,22,18.44,0
863,6235.86,Delhi,ATM,14,3.71,0
54,4023.81,Delhi,Online,13,47.3,0
635,127.38,Mumbai,POS,7,92.67,0
454,33707.0,Mumbai,ATM,2,39.0,1
701,3092.27,Hyderabad,Online,14,13.61,0
218,3677.48,Hyderabad,Online,17,1.33,0
481,718.72,Mumbai,ATM,20,110.42,0
848,2427.06,Hyderabad,Online,13,46.7,0
957,286.19,Delhi,ATM,13,6.79,0
859,1058.69,Chennai,Online,13,30.17,0
104,3723.67,Mumbai,ATM,21,79.53,0
23,3420.04,Hyderabad,ATM,12,15.17,0
470,969.32,Mumbai,Online,17,35.84,0
938,8479.05,Chennai,Online,13,9.03,0
335,882.05,Chennai,ATM,8,18.05,0
366,541.76,Bangalore,Online,14,127.26,0
716,3225.11,Mumbai,Online,15,32.28,0
403,2840.79,Chennai,POS,11,47.66,0
382,1256.05,Mumbai,ATM,13,6.93,0
833,6409.33,Bangalore,POS,8,60.46,0
865,2607.79,Delhi,Online,17,23.47,0
229,5458.46,Delhi,POS,14,68.72,0
998,3233.07,Bangalore,Online,16,39.05,0
879,4187.48,Delhi,ATM,9,49.93,0
402,4639.82,Mumbai,Online,22,5.59,0
135,23061.0,Bangalore,Online,1,50.0,1
138,5767.04,Chennai,POS,23,66.82,0
914,22780.0,Chennai,Online,3,8.0,1
963,2319.35,Chennai,ATM,10,12.57,0
622,928.48,Bangalore,POS,17,8.12,0
431,3719.28,Bangalore,Online,15,6.21,0
221,4602.5,Bangalore,Online,22,73.44,0
784,2580.67,Chennai,Online,8,8.98,0
784,4581.48,Chennai,Online,12,86.23,0
498,6415.73,Hyderabad,POS,23,31.71,0
609,2289.95,Delhi,ATM,9,34.96,0
249,2393.78,Chennai,ATM,22,41.79,0
549,512.26,Chennai,POS,17,83.66,0
954,658.9,Delhi,POS,7,30.34,0
391,5056.18,Bangalore,POS,23,48.59,0
390,5091.18,Hyderabad,Online,6,22.39,0
160,3097.35,Mumbai,Online,23,15.49,0
685,29661.0,Mumbai,ATM,2,40.0,1
431,2556.51,Bangalore,POS,13,54.59,0
730,1691.04,Hyderabad,Online,7,24.0,0
619,2564.89,Hyderabad,POS,17,130.08,0
262,599.57,Delhi,POS,23,112.01,0
473,8023.27,Delhi,ATM,21,5.13,0
37,32263.0,Bangalore,ATM,5,46.0,1
890,1115.54,Bangalore,Online,8,24.6,0
363,1805.39,Delhi,POS,17,60.34,0
213,49592.0,Chennai,POS,16,272.0,1
215,1781.28,Mumbai,Online,7,84.84,0
542,176.74,Delhi,ATM,16,2.04,0
220,3113.42,Bangalore,POS,21,28.7,0
248,2803.45,Mumbai,Online,18,13.19,0
571,1359.52,Hyderabad,Online,19,4.64,0
290,3515.7,Mumbai,Online,9,8.56,0
681,2954.92,Delhi,ATM,16,20.75,0
674,5380.28,Delhi,ATM,7,43.85,0
763,2588.59,Hyderabad,POS,23,85.92,0
582,3270.81,Bangalore,POS,20,75.25,0
523,3830.83,Delhi,ATM,9,82.1,0
14,5924.5,Delhi,Online,22,16.76,0
688,1854.14,Chennai,POS,8,24.07,0
321,975.05,Delhi,POS,13,21.35,0
504,234.37,Delhi,Online,20,73.71,0
580,25292.0,Bangalore,Online,3,26.0,1
509,1669.24,Delhi,Online,22,9.13,0
387,784.78,Delhi,Online,20,23.44,0
648,2571.32,Chennai,Online,10,29.42,0
133,1091.76,Delhi,Online,17,70.06,0
480,3886.77,Chennai,Online,17,84.23,0
378,1089.06,Chennai,ATM,9,89.47,0
872,2861.73,Hyderabad,Online,16,9.65,0
413,817.35,Hyderabad,Online,11,59.23,0
131,4973.19,Hyderabad,ATM,14,28.78,0
629,349.42,Hyderabad,ATM,12,59.6,0
335,3658.95,Bangalore,POS,16,66.18,0
830,1955.6,Delhi,ATM,15,24.66,0
149,3464.2,Delhi,POS,23,5.09,0
550,9601.11,Bangalore,Online,8,1.39,0
473,1317.64,Chennai,ATM,17,29.85,0
966,2381.72,Chennai,POS,7,40.75,0
390,5620.73,Hyderabad,Online,14,64.46,0
619,1272.01,Hyderabad,ATM,6,32.34,0
26,3771.17,Chennai,POS,9,10.33,0
835,3637.27,Hyderabad,Online,16,30.45,0
388,55636.0,Delhi,ATM,4,454.0,1
420,6683.72,Mumbai,ATM,8,59.63,0
226,2044.78,Delhi,Online,12,43.76,0
529,1150.77,Hyderabad,POS,9,43.9,0
972,47852.0,Mumbai,ATM,7,430.0,1
456,1864.18,Chennai,ATM,15,6.55,0
515,3374.11,Chennai,POS,14,6.69,0
827,29851.0,Hyderabad,ATM,1,18.0,1
71,2786.66,Chennai,ATM,17,43.29,0
400,3794.56,Bangalore,Online,10,20.66,0
678,44807.0,Delhi,POS,1,232.0,1
228,1036.14,Bangalore,ATM,14,21.89,0
595,2319.23,Hyderabad,ATM,6,11.2,0
236,261.88,Chennai,POS,13,4.98,0
993,17915.0,Bangalore,ATM,2,40.0,1
854,2016.55,Mumbai,Online,19,58.75,0
462,622.4,Chennai,POS,23,29.38,0
501,22911.0,Chennai,Online,1,43.0,1
547,1842.31,Delhi,ATM,19,67.83,0
170,5818.84,Bangalore,Online,18,52.26,0
22,6082.86,Bangalore,ATM,22,2.82,0
614,3265.54,Hyderabad,ATM,22,14.83,0
521,4779.13,Chennai,ATM,6,30.3,0
253,452.46,Chennai,Online,7,48.26,0
467,2390.91,Chennai,Online,20,19.4,0
979,3727.41,Mumbai,POS,21,42.55,0
930,1656.06,Mumbai,Online,7,47.85,0
106,56.22,Chennai,ATM,9,67.62,0
778,556.11,Chennai,Online,14,17.17,0
175,24391.0,Delhi,ATM,3,5.0,1
434,1236.95,Mumbai,Online,13,26.83,0
532,636.95,Hyderabad,POS,19,62.34,0
948,4330.67,Mumbai,Online,9,14.79,0
697,1630.01,Mumbai,POS,13,17.56,0
929,2268.3,Chennai,ATM,11,32.87,0
414,48571.0,Chennai,POS,22,348.0,1
664,2604.65,Mumbai,Online,20,26.26,0
582,2455.64,Bangalore,POS,10,5.09,0
508,4809.2,Mumbai,Online,23,13.18,0
867,4119.76,Delhi,POS,13,78.69,0
158,9777.2,Bangalore,POS,20,24.19,0
268,2284.3,Mumbai,ATM,12,0.62,0
917,1103.71,Hyderabad,ATM,20,89.37,0
441,3209.99,Delhi,POS,9,18.29,0
235,4520.97,Bangalore,POS,10,28.42,0
735,636.97,Mumbai,ATM,6,63.57,0
831,1339.25,Hyderabad,Online,17,26.16,0
403,2652.71,Mumbai,POS,23,20.2,0
459,2588.97,Delhi,POS,16,93.82,0
6,2704.92,Mumbai,POS,13,20.04,0
136,4478.05,Chennai,POS,23,26.77,0
408,40945.0,Delhi,Online,11,164.0,1
873,2550.92,Delhi,Online,11,37.81,0
55,237.54,Chennai,Online,7,72.25,0
335,1855.47,Bangalore,Online,20,28.77,0
265,1664.44,Hyderabad,POS,22,49.15,0
971,4811.43,Mumbai,Online,7,35.16,0
570,8926.91,Mumbai,POS,15,40.78,0
385,4477.72,Hyderabad,Online,23,55.58,0
490,2482.04,Mumbai,Online,7,58.83,0
269,4226.41,Bangalore,POS,20,0.25,0
251,320.37,Bangalore,ATM,16,25.1,0
72,3165.64,Mumbai,Online,22,66.03,0
900,1610.16,Bangalore,Online,8,20.27,0
408,2352.93,Chennai,ATM,18,10.09,0
645,1278.03,Mumbai,Online,10,65.42,0
269,2895.59,Bangalore,POS,13,29.74,0
194,429.53,Hyderabad,POS,8,12.96,0
474,1481.6,Chennai,Online,10,66.71,0
592,3074.1,Hyderabad,POS,13,20.04,0
352,3577.56,Hyderabad,Online,18,22.66,0
934,1066.42,Bangalore,POS,13,30.73,0
267,643.97,Hyderabad,POS,16,7.69,0
170,21062.0,Delhi,ATM,5,26.0,1
533,8506.56,Mumbai,POS,19,62.73,0
748,5084.32,Hyderabad,Online,9,68.43,0
802,26518.0,Chennai,POS,8,359.0,1
26,1006.46,Bangalore,ATM,8,51.12,0
325,1330.61,Hyderabad,POS,7,76.73,0
932,368.42,Mumbai,ATM,22,52.57,0
625,717.01,Delhi,POS,9,1.93,0
17,2815.24,Delhi,ATM,13,22.55,0
120,494.54,Bangalore,ATM,6,44.28,0
195,92.42,Delhi,Online,23,2.19,0
180,4070.32,Delhi,POS,21,22.09,0
233,301.95,Hyderabad,Online,17,39.58,0
874,583.2,Delhi,Online,10,9.24,0
463,3677.23,Chennai,Online,8,112.7,0
222,15388.0,Hyderabad,ATM,2,45.0,1
364,3826.21,Bangalore,ATM,9,33.63,0
374,38929.0,Mumbai,Online,2,13.0,1
557,3602.4,Bangalore,Online,7,43.66,0
521,2356.79,Hyderabad,Online,14,8.51,0
573,2974.75,Bangalore,Online,11,15.83,0
41,3149.1,Hyderabad,POS,12,5.57,0
652,2185.83,Bangalore,ATM,15,51.39,0
153,1050.28,Bangalore,Online,6,79.54,0
460,2966.43,Hyderabad,ATM,10,8.95,0
260,7698.37,Chennai,ATM,11,58.04,0
715,1338.37,Mumbai,POS,18,95.64,0
161,2147.88,Delhi,ATM,16,2.13,0
727,1607.61,Delhi,Online,7,32.38,0
634,3643.38,Hyderabad,ATM,10,44.72,0
899,1589.17,Chennai,Online,12,6.78,0
463,2777.93,Mumbai,ATM,7,45.96,0
670,5765.84,Chennai,POS,12,55.79,0
700,920.47,Delhi,Online,20,0.82,0
210,1600.73,Bangalore,POS,10,28.92,0
574,679.71,Hyderabad,Online,19,3.51,0
227,6848.61,Bangalore,POS,18,57.33,0
483,4813.96,Delhi,Online,13,28.5,0
2,1361.98,Delhi,ATM,8,7.93,0
399,4921.47,Bangalore,ATM,20,52.91,1
703,3919.66,Delhi,POS,16,126.13,0
103,5195.45,Chennai,ATM,19,80.7,0
595,41569.0,Delhi,POS,16,1.0,1
99,2665.02,Chennai,ATM,6,58.4,0
988,163.56,Hyderabad,POS,19,49.79,0
737,3973.16,Chennai,ATM,11,24.5,0
382,5958.02,Mumbai,POS,11,16.94,0
813,35629.0,Mumbai,ATM,17,378.0,1
652,1448.83,Delhi,ATM,7,14.77,0
872,1098.83,Bangalore,ATM,11,21.35,0
765,3166.79,Mumbai,POS,17,62.35,0
110,2149.91,Delhi,Online,16,16.04,0
703,513.12,Mumbai,ATM,20,1.73,0
566,4074.78,Bangalore,Online,13,37.39,0
456,126.61,Hyderabad,Online,13,32.3,0
931,52629.0,Delhi,POS,0,361.0,1
857,3980.7,Chennai,ATM,10,26.12,0
915,2189.73,Delhi,POS,15,16.19,0
374,2946.19,Mumbai,Online,16,52.91,0
362,1798.89,Bangalore,ATM,20,85.56,0
622,28505.0,Bangalore,POS,6,424.0,1
229,307.66,Delhi,ATM,20,100.08,0
147,8076.52,Delhi,ATM,9,101.56,0
399,1431.06,Hyderabad,ATM,22,79.11,0
934,36423.0,Mumbai,Online,5,418.0,1
207,5039.12,Hyderabad,POS,18,20.7,0
938,1415.78,Delhi,ATM,19,75.03,0
73,4613.42,Hyderabad,POS,22,21.37,0
739,679.53,Bangalore,ATM,18,38.04,0
759,2772.38,Mumbai,POS,21,44.85,0
881,3185.64,Mumbai,ATM,9,41.73,0
952,3962.0,Bangalore,Online,13,31.3,0
694,1222.0,Hyderabad,POS,17,29.22,0
150,4075.49,Hyderabad,POS,22,1.73,0
668,6777.44,Delhi,Online,20,35.06,0
249,550.11,Hyderabad,Online,6,9.49,0
509,2200.15,Hyderabad,POS,15,26.42,0
321,747.76,Delhi,ATM,14,45.07,0
987,4545.82,Bangalore,POS,11,40.19,0
139,6555.95,Delhi,ATM,13,17.09,0
463,7032.81,Hyderabad,Online,18,35.05,0
820,1048.06,Mumbai,ATM,22,78.0,0
626,672.61,Hyderabad,POS,7,15.19,0
621,3587.81,Hyderabad,ATM,17,22.19,0
322,1588.92,Mumbai,POS,21,9.64,0
682,38360.0,Delhi,POS,12,244.0,1
844,895.61,Delhi,POS,7,78.8,0
979,952.84,Chennai,ATM,9,28.54,0
861,6310.88,Bangalore,Online,12,19.57,0
27,3996.51,Chennai,ATM,22,64.93,0
398,5592.64,Mumbai,Online,12,75.06,0
514,4005.03,Chennai,Online,12,25.27,0
602,3497.3,Mumbai,POS,16,42.22,0
45,45.48,Mumbai,Online,10,5.27,0
700,217.86,Delhi,Online,11,15.52,0
322,5601.54,Delhi,Online,15,28.55,0
160,5012.46,Chennai,Online,10,29.08,0
252,552.88,Bangalore,Online,15,50.93,0
628,4775.81,Chennai,POS,13,52.57,0
322,1957.39,Bangalore,Online,10,13.3,0
421,4478.97,Delhi,Online,12,12.08,0
317,1231.08,Delhi,POS,14,32.92,0
819,154.42,Mumbai,Online,23,99.73,0
950,6644.52,Chennai,POS,10,40.2,0
750,6093.02,Chennai,ATM,16,13.24,0
753,4306.31,Mumbai,Online,10,83.89,0
555,2746.5,Chennai,ATM,18,2.76,0
430,3123.87,Delhi,Online,6,5.84,0
380,4480.27,Delhi,POS,16,57.28,0
993,3523.1,Delhi,ATM,6,17.06,0
499,3940.46,Hyderabad,POS,15,14.76,0
222,1096.97,Mumbai,ATM,19,5.65,0
197,3865.67,Hyderabad,Online,14,109.28,0
421,2380.59,Hyderabad,Online,13,0.84,0
387,1232.33,Mumbai,ATM,6,16.22,0
703,494.88,Chennai,POS,20,16.01,0
346,3362.44,Bangalore,Online,20,20.48,0
39,3382.63,Bangalore,Online,8,31.69,0
695,3325.69,Chennai,Online,12,41.84,0
214,23.04,Hyderabad,Online,20,44.79,0
488,1323.36,Chennai,ATM,11,31.68,0
565,1342.28,Mumbai,POS,13,74.1,0
651,3444.11,Chennai,POS,11,61.98,0
387,2429.46,Hyderabad,Online,9,21.92,1
346,4666.73,Bangalore,Online,11,99.08,0
428,2104.03,Chennai,POS,10,7.38,0
524,1180.99,Bangalore,ATM,14,31.69,0
799,2657.01,Delhi,POS,23,7.63,0
753,687.29,Bangalore,Online,23,45.82,0
64,4973.58,Mumbai,Online,22,32.96,0
766,4763.3,Chennai,Online,19,5.52,0
567,39.49,Delhi,ATM,19,43.92,0
375,3086.75,Delhi,Online,14,41.99,0
14,7555.99,Bangalore,POS,6,55.38,0
908,2830.98,Delhi,ATM,10,88.34,0
264,20796.0,Mumbai,ATM,3,29.0,1
712,3807.27,Bangalore,POS,23,18.78,0
453,915.45,Hyderabad,ATM,19,59.09,0
480,4320.15,Chennai,ATM,8,85.31,0
630,693.45,Hyderabad,ATM,10,46.95,0
159,5384.51,Chennai,POS,10,39.04,0
151,1669.03,Chennai,POS,18,89.96,0
449,4029.4,Delhi,Online,21,25.25,0
529,35967.0,Bangalore,POS,23,349.0,1
814,809.64,Bangalore,ATM,15,19.16,0
993,6226.94,Delhi,POS,8,20.04,0
597,4317.8,Chennai,Online,14,23.68,0
702,584.65,Delhi,POS,14,17.31,0
409,3698.73,Chennai,POS,8,4.63,0
570,1779.4,Hyderabad,Online,22,75.67,0
954,99.38,Bangalore,Online,22,103.21,0
702,23.92,Chennai,ATM,11,14.46,0
479,1166.39,Chennai,ATM,15,16.17,0
232,3343.78,Hyderabad,POS,17,31.69,0
612,269.35,Mumbai,POS,15,46.15,0
686,9519.52,Chennai,Online,7,14.2,0
585,47160.0,Chennai,ATM,1,370.0,1
371,4107.64,Mumbai,Online,17,70.38,0
357,1171.16,Hyderabad,ATM,11,3.64,0
953,3428.45,Hyderabad,Online,7,126.12,0
691,2508.42,Bangalore,ATM,21,47.49,0
472,2983.04,Delhi,POS,13,41.82,0
433,576.45,Bangalore,POS,15,3.68,0
779,1166.99,Mumbai,ATM,14,13.78,0
170,1590.13,Chennai,ATM,15,81.66,0
798,5063.87,Bangalore,ATM,7,54.8,0
806,1473.96,Delhi,Online,12,47.64,0
960,165.17,Hyderabad,Online,20,31.26,0
816,2688.71,Hyderabad,POS,20,65.9,0
118,1517.95,Bangalore,Online,22,2.49,0
509,3207.48,Bangalore,ATM,7,9.66,0
534,2112.61,Bangalore,POS,22,32.73,0
280,639.02,Chennai,POS,7,60.41,0
840,2241.24,Hyderabad,ATM,11,62.78,0
47,1301.43,Bangalore,ATM,14,21.13,0
579,3517.64,Hyderabad,ATM,12,70.6,0
383,2489.57,Delhi,Online,20,1.56,0
112,2859.39,Chennai,Online,7,4.9,0
531,5440.38,Chennai,POS,14,35.05,0
435,6568.01,Hyderabad,POS,16,15.83,0
839,1103.32,Mumbai,ATM,19,15.66,0
682,7319.74,Bangalore,POS,12,55.5,0
710,36272.0,Delhi,Online,1,452.0,1
880,3930.08,Mumbai,ATM,21,27.82,0
138,26.59,Delhi,ATM,23,0.03,0
843,1776.23,Bangalore,POS,9,37.48,0
145,30416.0,Hyderabad,ATM,3,38.0,1
396,6536.76,Mumbai,POS,13,65.92,0
982,2268.15,Hyderabad,ATM,21,21.2,0
901,4220.29,Delhi,ATM,8,40.94,0
512,122.3,Chennai,ATM,17,155.71,0
637,1841.25,Mumbai,ATM,20,44.16,0
860,2710.79,Hyderabad,POS,20,115.84,0
555,518.58,Bangalore,ATM,15,3.29,0
526,5241.88,Bangalore,ATM,8,9.11,0
5,1006.19,Hyderabad,Online,12,38.28,0
912,46757.0,Delhi,Online,19,222.0,1
341,2827.55,Chennai,POS,12,61.52,0
918,5884.41,Hyderabad,Online,9,25.35,0
286,2885.2,Hyderabad,ATM,15,20.71,0
249,3477.39,Delhi,ATM,9,12.76,0
72,33166.0,Mumbai,POS,4,8.0,1
889,2008.17,Bangalore,Online,19,69.83,0
259,6558.35,Delhi,Online,9,65.38,0
135,2040.06,Bangalore,POS,15,24.43,0
55,1077.09,Bangalore,POS,11,30.13,0
936,4018.32,Bangalore,Online,23,4.39,0
665,3750.02,Delhi,ATM,17,38.25,0
883,4699.5,Chennai,Online,8,127.02,0
716,5572.28,Hyderabad,Online,23,36.06,0
553,5958.53,Chennai,ATM,19,0.07,0
714,4194.22,Delhi,POS,22,31.52,0
411,5833.96,Delhi,ATM,16,56.24,0
304,21.93,Chennai,Online,23,14.34,0
181,411.49,Chennai,Online,22,30.96,0
391,4876.17,Chennai,ATM,14,49.88,0
945,691.45,Hyderabad,ATM,11,45.2,0
912,2480.74,Hyderabad,ATM,20,17.32,0
337,5494.51,Mumbai,Online,13,0.76,0
172,2527.24,Hyderabad,POS,20,52.0,0
752,7067.11,Mumbai,Online,11,22.31,0
213,574.34,Bangalore,POS,19,35.78,0
130,6875.62,Bangalore,POS,18,15.99,0
968,2007.35,Delhi,Online,21,41.57,0
474,4407.2,Chennai,POS,13,10.31,0
518,29707.0,Delhi,ATM,5,14.0,1
980,335.6,Bangalore,Online,23,59.72,0
228,3594.11,Delhi,POS,17,28.42,0
351,2157.28,Mumbai,Online,10,57.59,0
872,4067.67,Bangalore,POS,7,3.11,0
339,702.87,Hyderabad,ATM,21,8.36,0
965,2130.92,Bangalore,Online,10,54.75,0
353,3783.27,Bangalore,Online,15,2.18,0
808,4301.0,Mumbai,ATM,16,30.04,0
931,730.2,Hyderabad,POS,13,3.76,0
815,1565.33,Bangalore,POS,7,35.26,0
107,908.93,Hyderabad,POS,8,9.52,0
598,7916.27,Delhi,ATM,20,56.99,0
401,291.8,Delhi,ATM,6,38.55,0
989,2365.05,Delhi,POS,19,29.58,0
234,2422.02,Mumbai,POS,8,69.48,0
167,3046.86,Hyderabad,ATM,17,6.9,0
941,5136.57,Chennai,Online,19,21.66,0
245,2374.44,Delhi,ATM,14,25.7,0
432,1729.17,Bangalore,ATM,6,10.46,0
609,249.92,Chennai,Online,10,27.56,0
49,1005.71,Mumbai,POS,22,59.6,0
121,649.15,Hyderabad,ATM,8,1.29,0
385,2319.35,Mumbai,Online,17,3.56,0
640,5077.11,Hyderabad,Online,7,88.73,0
18,22158.0,Delhi,Online,2,29.0,1
470,5269.44,Bangalore,ATM,11,32.29,0
472,7732.47,Delhi,ATM,17,38.87,0
676,7672.88,Bangalore,POS,15,38.26,0
507,2726.21,Delhi,POS,17,53.69,0
27,2054.08,Delhi,POS,13,29.31,0
397,1545.93,Chennai,ATM,9,45.69,0
374,2307.04,Delhi,Online,23,16.12,0
354,46254.0,Delhi,POS,4,378.0,1
147,309.56,Chennai,ATM,22,50.55,0
513,48.77,Chennai,ATM,16,55.77,0
69,5678.14,Mumbai,Online,15,73.44,0
384,5408.78,Delhi,ATM,10,113.02,0
210,2766.01,Mumbai,ATM,18,39.95,0
903,5121.02,Mumbai,Online,22,3.77,0
561,2556.84,Chennai,Online,17,55.71,0
248,2425.91,Chennai,Online,15,34.91,0
293,3558.49,Mumbai,POS,12,63.27,0
447,334.41,Chennai,POS,14,16.63,0
817,7696.52,Hyderabad,Online,17,2.48,0
676,2610.1,Bangalore,POS,16,6.65,0
63,475.04,Delhi,ATM,14,91.18,0
820,30041.0,Bangalore,Online,9,333.0,1
922,426.9,Chennai,Online,15,46.36,0
748,31460.0,Chennai,Online,3,30.0,1
786,657.78,Bangalore,POS,11,90.09,0
438,56.14,Chennai,Online,21,38.41,0
840,3862.29,Chennai,Online,6,23.67,0
635,4673.41,Mumbai,POS,8,79.92,0
41,4353.53,Hyderabad,ATM,23,0.77,0
633,2433.34,Hyderabad,Online,23,66.25,0
541,1608.66,Hyderabad,ATM,19,33.02,0
370,4092.98,Chennai,POS,9,138.64,0
890,3509.46,Hyderabad,Online,8,89.56,0
197,926.31,Hyderabad,POS,12,16.12,0
983,2272.07,Bangalore,POS,18,26.54,0
308,58799.0,Delhi,ATM,2,466.0,1
879,2745.88,Hyderabad,POS,8,52.13,0
910,844.73,Bangalore,ATM,7,42.29,0
888,1056.99,Mumbai,POS,12,36.91,0
24,2118.39,Mumbai,ATM,14,98.24,0
441,332.81,Bangalore,Online,14,1.18,0
487,3001.84,Delhi,Online,21,18.27,0
770,2440.22,Delhi,POS,20,38.77,0
78,4891.84,Mumbai,Online,18,49.57,0
201,1494.57,Hyderabad,POS,8,2.67,0
996,9057.33,Chennai,ATM,20,57.49,0
995,775.47,Mumbai,POS,18,15.0,0
211,1004.57,Bangalore,ATM,6,3.23,0
609,1698.49,Bangalore,POS,18,10.6,0
620,7444.67,Mumbai,Online,12,38.95,0
61,5483.48,Chennai,POS,16,70.84,0
10,5278.89,Hyderabad,ATM,8,7.96,0
50,4161.79,Mumbai,Online,11,32.97,0
221,599.23,Bangalore,ATM,23,84.93,0
301,1194.81,Hyderabad,POS,22,83.49,0
639,1820.09,Mumbai,Online,20,6.07,0
750,5605.11,Hyderabad,ATM,11,10.72,0
872,745.25,Hyderabad,POS,10,62.25,0
564,44989.0,Delhi,Online,11,161.0,1
788,2372.37,Hyderabad,ATM,6,27.5,0
942,5474.99,Mumbai,Online,19,19.68,0
575,59279.0,Delhi,ATM,15,100.0,1
862,2018.78,Mumbai,Online,23,18.9,0
265,1222.01,Bangalore,ATM,20,16.38,0
319,2020.75,Delhi,POS,19,0.27,0
967,5827.29,Chennai,ATM,13,20.87,0
91,4574.71,Bangalore,Online,9,10.47,0
354,5178.87,Hyderabad,ATM,21,29.88,0
125,2050.26,Hyderabad,ATM,6,9.34,0
114,873.32,Delhi,ATM,8,35.35,0
183,1889.39,Delhi,POS,12,15.1,0
914,5329.39,Bangalore,POS,18,52.51,0
315,742.51,Chennai,Online,18,61.39,0
529,2956.57,Bangalore,POS,6,7.61,0
350,2763.01,Delhi,ATM,17,18.97,0
180,2559.99,Hyderabad,Online,18,7.46,0
262,41378.0,Delhi,Online,2,365.0,1
899,6859.56,Delhi,POS,16,22.97,0
347,1055.1,Delhi,POS,19,17.08,0
30,1748.95,Chennai,Online,8,19.16,0
424,3470.22,Mumbai,Online,21,19.87,0
980,4330.64,Hyderabad,ATM,21,42.55,0
704,988.98,Chennai,POS,20,1.29,0
823,3376.94,Hyderabad,Online,23,29.66,0
805,4756.96,Hyderabad,ATM,20,69.32,0
809,976.62,Delhi,Online,8,14.54,0
941,42812.0,Mumbai,ATM,2,279.0,1
810,414.21,Chennai,Online,14,141.62,0
644,720.3,Delhi,Online,21,93.88,0
35,1809.9,Bangalore,Online,21,39.48,0
339,69.81,Hyderabad,ATM,9,32.28,0
186,1206.3,Delhi,ATM,15,25.44,0
397,468.02,Delhi,ATM,10,67.92,0
760,5681.38,Bangalore,POS,17,57.46,0
134,3582.0,Mumbai,POS,6,14.64,0
115,518.91,Chennai,POS,20,37.66,0
314,3098.99,Delhi,POS,16,48.68,0
240,991.76,Chennai,ATM,12,67.65,0
844,7711.95,Delhi,POS,22,29.66,0
736,5329.37,Chennai,Online,8,2.29,0
477,2023.02,Chennai,Online,15,40.61,0
346,3717.87,Chennai,POS,13,13.58,0
278,1282.87,Hyderabad,ATM,23,58.11,0
716,20692.0,Delhi,Online,2,20.0,1
909,967.2,Hyderabad,Online,12,28.69,0
691,1034.32,Bangalore,POS,17,14.25,0
675,1273.68,Hyderabad,Online,12,24.21,0
142,127.27,Delhi,ATM,14,3.03,0
974,2472.12,Chennai,Online,16,14.36,0
134,5751.91,Chennai,POS,20,16.77,0
692,6633.96,Hyderabad,ATM,8,76.7,0
959,4343.21,Hyderabad,Online,9,13.73,0
123,2077.5,Bangalore,ATM,14,48.19,0
666,834.99,Chennai,POS,22,84.13,0
777,3486.01,Delhi,ATM,11,46.55,0
310,896.42,Bangalore,Online,22,10.01,0
879,1724.63,Delhi,POS,11,60.6,0
739,2506.47,Delhi,POS,21,58.31,0
58,1395.02,Hyderabad,Online,10,73.62,0
177,2690.51,Chennai,Online,8,115.87,0
745,776.22,Chennai,POS,11,17.28,0
416,3686.1,Hyderabad,Online,19,6.89,0
422,2695.45,Mumbai,POS,19,5.69,0
737,320.76,Hyderabad,Online,17,37.33,0
420,5401.58,Hyderabad,Online,9,11.54,0
2,6632.26,Mumbai,POS,21,16.32,1
776,705.62,Chennai,ATM,7,50.78,0
500,2878.92,Chennai,POS,22,50.67,0
427,50242.0,Delhi,Online,18,115.0,1
820,5302.45,Chennai,POS,22,48.6,0
517,3467.15,Mumbai,POS,19,103.43,0
312,2191.45,Bangalore,POS,11,19.21,0
356,2217.26,Bangalore,ATM,14,130.53,0
405,1208.05,Mumbai,ATM,21,32.42,0
694,3072.93,Hyderabad,POS,11,55.18,0
458,31331.0,Delhi,Online,4,36.0,1
826,847.53,Delhi,ATM,10,45.63,0
63,77.99,Mumbai,ATM,13,60.52,0
129,1903.19,Bangalore,POS,14,63.11,0
976,22296.0,Hyderabad,POS,2,0.0,1
473,5038.76,Delhi,Online,18,65.73,0
89,2832.12,Delhi,Online,10,3.3,0
410,1702.05,Delhi,Online,10,78.18,0
572,694.72,Hyderabad,POS,6,40.58,0
818,2122.69,Mumbai,ATM,19,2.4,0
214,8909.91,Bangalore,ATM,13,62.07,0
265,5877.4,Hyderabad,ATM,18,42.82,0
970,571.43,Mumbai,ATM,10,91.47,0
853,3554.33,Mumbai,ATM,11,16.09,0
769,1635.45,Chennai,Online,13,30.6,0
735,1349.19,Chennai,Online,23,31.65,0
320,1450.69,Mumbai,ATM,7,13.97,0
457,3175.94,Mumbai,Online,13,3.43,0
202,1275.9,Hyderabad,POS,12,150.07,0
376,548.5,Chennai,Online,17,100.88,0
913,536.3,Chennai,ATM,20,53.36,0
104,4488.44,Delhi,POS,9,26.08,0
432,3206.14,Bangalore,POS,6,8.5,0
669,1171.95,Delhi,ATM,17,8.55,0
746,1766.42,Mumbai,Online,17,51.77,0
714,3018.23,Mumbai,ATM,11,35.01,0
31,3508.68,Mumbai,POS,20,54.22,0
993,50046.0,Delhi,ATM,16,271.0,1
270,2874.45,Mumbai,POS,23,27.94,0
823,5576.42,Mumbai,POS,20,23.25,0
622,577.23,Hyderabad,Online,12,49.3,0
382,2558.74,Mumbai,Online,22,82.69,0
596,3396.46,Bangalore,ATM,17,4.54,0
698,5413.92,Chennai,Online,16,23.6,0
447,1400.05,Hyderabad,ATM,7,66.11,0
469,6159.41,Delhi,ATM,19,24.01,0
892,2555.34,Hyderabad,POS,23,24.72,0
146,3130.96,Delhi,POS,8,3.13,0
1,5854.15,Delhi,Online,15,84.49,0
481,746.61,Mumbai,Online,16,32.4,0
778,3381.67,Bangalore,ATM,12,77.64,0
425,5604.68,Hyderabad,ATM,16,4.28,0
296,5909.61,Hyderabad,POS,17,25.7,0
762,4802.66,Delhi,ATM,17,100.53,0
482,5654.83,Bangalore,Online,7,15.29,0
757,1014.66,Chennai,POS,10,66.43,0
968,2941.62,Mumbai,ATM,18,45.76,0
761,39111.0,Bangalore,Online,4,42.0,1
847,389.4,Mumbai,ATM,22,49.54,0
578,628.82,Chennai,ATM,18,8.6,1
99,2830.84,Chennai,POS,6,20.03,0
532,5217.85,Chennai,POS,20,0.41,0
880,373.17,Bangalore,ATM,15,21.31,0
459,7900.66,Hyderabad,POS,12,26.76,0
527,921.43,Delhi,POS,14,66.37,0
442,1351.76,Hyderabad,POS,6,21.75,0
508,847.26,Bangalore,ATM,17,73.27,0
573,561.7,Delhi,ATM,21,82.73,0
733,6312.0,Bangalore,POS,15,34.33,0
506,4028.27,Mumbai,POS,20,48.93,0
904,6222.95,Delhi,Online,22,22.26,0
31,4858.92,Bangalore,ATM,17,75.75,0
90,4042.91,Bangalore,POS,15,9.62,0
454,4565.79,Hyderabad,POS,22,55.74,0
456,2207.35,Delhi,ATM,7,20.04,0
413,4349.09,Hyderabad,Online,22,6.99,0
162,628.35,Chennai,Online,13,36.01,0
882,2441.49,Hyderabad,POS,18,15.51,0
822,5318.08,Mumbai,ATM,13,18.89,0
896,420.7,Delhi,POS,18,50.24,0
182,28346.0,Bangalore,Online,11,425.0,1
517,507.43,Chennai,POS,23,14.77,0
339,1471.11,Bangalore,POS,15,48.96,0
1,37920.0,Delhi,ATM,6,244.0,1
283,2741.69,Hyderabad,Online,8,32.51,0
191,2924.74,Delhi,Online,13,2.98,0
836,5644.28,Delhi,ATM,23,15.27,0
728,477.95,Chennai,POS,7,53.59,0
849,5215.65,Delhi,POS,13,5.57,0
382,4064.14,Hyderabad,ATM,18,43.85,1
835,6143.92,Delhi,ATM,6,117.44,0
27,3573.65,Delhi,ATM,12,94.22,0
12,335.31,Chennai,Online,11,40.64,0
831,745.55,Bangalore,Online,23,73.61,0
384,3774.47,Bangalore,POS,8,25.32,0
623,2106.79,Hyderabad,Online,12,34.69,0
641,1462.25,Delhi,Online,17,17.73,0
590,5534.29,Hyderabad,Online,19,115.8,0
84,2303.56,Bangalore,Online,21,86.16,1
12,1274.48,Hyderabad,Online,12,65.92,0
770,2148.63,Hyderabad,POS,17,47.45,0
941,44666.0,Mumbai,POS,2,358.0,1
833,6492.43,Mumbai,ATM,17,20.07,0
139,1430.53,Delhi,Online,7,88.92,0
847,2088.56,Chennai,ATM,21,13.56,0
570,3926.87,Mumbai,POS,20,25.42,0
8,704.84,Chennai,Online,11,63.9,0
808,48619.0,Mumbai,Online,20,258.0,1
607,17406.0,Bangalore,POS,4,20.0,1
113,4883.88,Bangalore,Online,8,45.42,0
921,2720.98,Mumbai,POS,13,26.84,0
630,455.6,Mumbai,Online,7,16.91,0
366,963.24,Hyderabad,ATM,10,151.63,0
807,6534.93,Chennai,ATM,16,40.01,0
569,772.74,Hyderabad,POS,9,62.74,0
903,4925.79,Bangalore,POS,9,17.17,0
415,489.1,Chennai,ATM,17,9.61,0
168,7044.54,Mumbai,Online,12,6.35,0
7,1464.8,Bangalore,ATM,9,37.07,0
912,3693.74,Chennai,ATM,14,2.0,0
827,2986.46,Chennai,POS,8,64.98,0
512,16249.0,Delhi,ATM,5,15.0,1
270,4755.49,Delhi,Online,18,46.25,0
697,267.78,Delhi,POS,7,9.83,0
135,1574.9,Bangalore,ATM,16,3.92,0
609,3234.29,Hyderabad,POS,23,35.16,0
357,4812.42,Chennai,ATM,14,31.67,0
281,1050.5,Mumbai,POS,6,90.05,0
368,6679.25,Bangalore,ATM,11,56.64,0
196,7065.67,Hyderabad,ATM,20,88.95,0
400,4394.28,Hyderabad,ATM,12,110.32,0
401,31232.0,Bangalore,Online,2,33.0,1
301,5722.39,Bangalore,POS,16,88.92,0
15,4645.96,Bangalore,Online,20,77.43,0
87,7992.37,Bangalore,ATM,10,20.83,0
554,2726.69,Chennai,Online,15,5.37,0
131,3179.84,Bangalore,POS,19,13.74,0
48,1749.69,Delhi,ATM,11,71.55,0
764,233.49,Delhi,Online,11,50.39,0
373,6751.02,Bangalore,Online,12,55.83,0
961,5182.28,Mumbai,ATM,11,5.96,0
349,3236.25,Bangalore,Online,6,12.76,0
764,1233.71,Hyderabad,ATM,18,14.85,0
464,2174.08,Delhi,Online,16,32.07,0
9,4569.05,Mumbai,ATM,12,3.91,0
193,3721.28,Hyderabad,ATM,17,14.14,0
18,2141.13,Hyderabad,Online,15,71.14,0
249,306.58,Chennai,Online,8,35.63,0
944,2880.26,Delhi,ATM,13,12.2,0
812,4801.6,Chennai,ATM,6,23.04,0
552,31777.0,Mumbai,POS,2,16.0,1
477,284.44,Bangalore,POS,23,9.4,0
895,89.56,Mumbai,Online,9,35.4,0
544,149.58,Chennai,Online,21,21.32,0
580,1709.48,Hyderabad,Online,22,20.75,0
16,54574.0,Delhi,ATM,12,77.0,1
419,630.78,Bangalore,POS,19,6.95,0
696,2298.03,Hyderabad,ATM,20,20.1,0
795,19177.0,Delhi,POS,4,13.0,1
546,1997.39,Bangalore,POS,10,95.27,0
303,982.21,Mumbai,POS,16,6.79,0
120,2730.89,Bangalore,POS,23,28.6,0
567,1355.74,Chennai,Online,14,3.92,0
236,893.81,Hyderabad,Online,22,24.04,0
163,351.63,Delhi,ATM,18,19.77,0
389,37450.0,Delhi,POS,17,65.0,1
508,6317.57,Hyderabad,ATM,8,24.23,0
133,326.85,Bangalore,ATM,12,2.54,0
863,6946.06,Bangalore,POS,17,1.76,0
106,77.83,Mumbai,ATM,10,24.25,0
671,362.62,Delhi,POS,8,19.72,0
978,1848.94,Chennai,POS,9,46.21,0
397,497.96,Delhi,ATM,10,39.58,0
889,866.29,Delhi,ATM,20,0.36,0
954,5820.26,Chennai,POS,21,74.75,0
126,1163.63,Delhi,Online,13,21.54,0
909,603.29,Hyderabad,ATM,11,44.64,0
863,1395.88,Chennai,Online,6,9.32,0
765,450.99,Delhi,Online,15,28.48,0
615,2970.17,Hyderabad,POS,17,55.77,0
735,4994.61,Chennai,POS,22,16.69,0
95,1561.09,Bangalore,POS,18,56.85,0
728,28788.0,Hyderabad,Online,18,343.0,1
262,1972.9,Bangalore,Online,22,6.42,0
925,1859.76,Chennai,Online,12,83.59,0
172,2543.09,Hyderabad,ATM,14,29.73,0
952,143.96,Chennai,ATM,20,39.76,0
121,53215.0,Delhi,ATM,6,408.0,1
318,5906.08,Bangalore,ATM,6,24.1,0
227,4076.14,Bangalore,ATM,18,40.49,0
689,38496.0,Hyderabad,Online,2,10.0,1
991,6267.19,Hyderabad,Online,9,87.48,0
951,4011.66,Hyderabad,ATM,23,59.19,0
569,2026.17,Bangalore,Online,19,34.28,0
810,562.35,Mumbai,Online,6,26.44,0
740,564.85,Hyderabad,ATM,11,22.13,0
38,36631.0,Delhi,POS,4,2.0,1
238,4607.02,Mumbai,ATM,14,64.07,0
349,523.47,Delhi,POS,23,32.24,0
990,5957.47,Delhi,ATM,17,42.34,0
991,2258.59,Chennai,Online,18,33.67,0
479,1920.59,Chennai,ATM,6,36.23,0
728,1001.8,Mumbai,ATM,14,23.44,0
542,2541.64,Bangalore,POS,16,24.39,0
948,41.03,Hyderabad,POS,17,8.72,0
265,789.54,Hyderabad,Online,21,16.68,0
203,38438.0,Bangalore,ATM,22,299.0,1
182,2553.24,Bangalore,ATM,22,37.44,0
500,1762.46,Mumbai,ATM,23,75.26,0
214,514.49,Delhi,Online,21,26.83,0
610,380.93,Delhi,Online,23,24.85,0
561,1786.22,Delhi,Online,19,27.18,0
876,2319.06,Mumbai,POS,6,37.51,0
502,410.88,Chennai,ATM,6,9.1,0
77,1903.74,Hyderabad,Online,16,16.35,0
991,1080.98,Delhi,Online,12,4.28,0
258,6885.99,Mumbai,Online,14,58.08,0
619,7086.94,Chennai,POS,22,2.99,0
100,2116.11,Bangalore,ATM,20,44.34,0
19,323.81,Hyderabad,POS,8,15.15,0
928,1147.08,Hyderabad,POS,6,0.45,0
628,30131.0,Bangalore,Online,2,24.0,1
599,788.95,Chennai,Online,11,102.54,0
470,1507.92,Delhi,Online,11,15.13,0
522,2753.54,Hyderabad,POS,20,43.52,0
918,4070.48,Delhi,POS,21,9.92,0
865,5487.17,Delhi,ATM,20,42.99,0
161,1360.82,Bangalore,ATM,6,42.39,0
698,4073.71,Hyderabad,Online,20,7.36,0
211,4763.32,Mumbai,POS,19,70.51,1
990,75.21,Hyderabad,ATM,19,49.66,0
705,276.38,Hyderabad,ATM,8,121.66,0
775,88.87,Hyderabad,ATM,12,61.3,0
513,4541.37,Bangalore,POS,15,25.8,0
972,21.63,Mumbai,ATM,14,2.43,0
509,4470.76,Bangalore,Online,10,21.22,0
860,3058.85,Bangalore,ATM,18,16.67,0
818,6929.92,Delhi,POS,20,53.28,0
397,254.27,Delhi,POS,14,24.58,0
763,2878.02,Delhi,POS,13,1.49,0
454,36226.0,Mumbai,ATM,1,45.0,1
374,3915.74,Bangalore,Online,6,41.31,0
280,3840.71,Hyderabad,POS,18,33.74,0
233,3142.66,Delhi,ATM,6,0.9,0
825,7502.23,Delhi,POS,7,34.66,0
494,915.01,Delhi,Online,23,22.42,0
747,4267.45,Bangalore,POS,12,19.41,0
622,5277.82,Bangalore,POS,18,29.1,0
759,5037.44,Delhi,Online,21,24.98,0
215,791.91,Delhi,Online,17,36.86,1
902,4842.64,Mumbai,POS,14,19.76,0
322,7005.76,Mumbai,ATM,17,1.06,0
891,3884.45,Hyderabad,ATM,12,50.25,0
299,24212.0,Bangalore,ATM,4,17.0,1
254,1717.96,Mumbai,ATM,12,48.94,0
585,225.98,Delhi,Online,16,11.13,0
802,1947.47,Hyderabad,ATM,8,22.07,0
91,2985.76,Bangalore,ATM,7,68.96,0
547,4383.42,Hyderabad,ATM,9,4.24,0
531,1544.54,Bangalore,ATM,21,31.64,0
202,38995.0,Delhi,Online,8,272.0,1
458,5342.26,Delhi,ATM,21,47.76,0
216,5263.43,Chennai,ATM,11,0.59,0
191,610.14,Chennai,POS,18,26.85,0
482,1842.31,Bangalore,Online,21,6.07,0
867,58288.0,Delhi,Online,3,482.0,1
245,2630.03,Bangalore,Online,12,3.54,0
131,1609.12,Bangalore,ATM,17,28.83,0
603,4834.86,Delhi,POS,9,13.83,0
990,1486.67,Mumbai,ATM,19,27.37,0
457,2005.74,Hyderabad,Online,21,75.4,0
777,3673.92,Bangalore,POS,17,71.2,0
31,4299.43,Delhi,Online,21,56.12,0
466,2383.13,Hyderabad,POS,15,89.91,0
749,2660.16,Mumbai,Online,13,60.84,0
862,3105.51,Bangalore,Online,19,22.24,0
337,200.11,Chennai,ATM,14,38.68,0
491,3013.0,Chennai,POS,6,59.53,0
888,644.37,Hyderabad,Online,18,39.25,0
263,1668.53,Chennai,ATM,21,31.65,0
334,2501.77,Hyderabad,ATM,14,27.13,0
911,491.73,Hyderabad,POS,16,46.65,0
602,1335.96,Mumbai,Online,7,63.75,0
909,1997.21,Chennai,POS,16,52.97,0
635,6376.2,Chennai,Online,17,19.4,0
854,29270.0,Hyderabad,ATM,19,405.0,1
225,1450.28,Hyderabad,Online,13,118.56,0
988,6343.03,Delhi,Online,13,73.62,0
612,3171.44,Chennai,ATM,14,10.03,0
862,4489.36,Mumbai,POS,20,27.25,0
168,528.83,Mumbai,POS,17,23.8,0
572,15143.0,Mumbai,Online,1,18.0,1
971,294.21,Chennai,POS,18,50.77,0
130,1553.6,Chennai,ATM,22,21.13,0
801,3377.04,Hyderabad,Online,7,60.36,0
355,5823.09,Delhi,POS,20,6.35,0
529,1116.15,Bangalore,POS,20,32.66,0
601,6433.45,Mumbai,ATM,16,30.43,0
336,102.63,Chennai,ATM,8,70.94,0
498,1355.38,Mumbai,POS,10,13.66,0
282,44.02,Hyderabad,ATM,9,19.75,0
190,351.23,Delhi,POS,20,42.91,0
793,1541.09,Hyderabad,POS,8,88.12,0
347,4676.96,Mumbai,Online,22,96.53,0
434,3629.85,Hyderabad,ATM,15,11.5,0
514,5980.02,Chennai,POS,16,8.35,0
726,2672.53,Hyderabad,POS,15,7.86,0
118,6850.71,Delhi,POS,6,90.24,0
140,3483.01,Delhi,ATM,15,26.49,0
940,1824.67,Bangalore,ATM,17,18.17,0
361,218.16,Mumbai,ATM,16,40.83,0
80,1931.3,Hyderabad,POS,10,19.3,0
458,3694.72,Delhi,ATM,20,0.07,0
463,3122.6,Bangalore,ATM,17,39.57,0
185,907.48,Chennai,Online,12,21.84,0
152,4045.65,Hyderabad,Online,21,83.74,0
631,3576.06,Bangalore,Online,15,17.16,0
915,1431.58,Delhi,POS,15,56.98,0
755,564.85,Delhi,POS,9,58.31,0
136,2108.59,Hyderabad,ATM,19,9.14,0
501,1660.53,Delhi,ATM,13,34.46,0
31,29120.0,Hyderabad,POS,4,16.0,1
385,3331.48,Mumbai,Online,21,6.25,0
495,5288.88,Mumbai,Online,15,58.52,0
972,3250.12,Mumbai,ATM,9,12.73,0
952,3981.96,Chennai,Online,16,25.71,0
374,5192.4,Mumbai,ATM,17,54.98,0
987,1064.76,Delhi,ATM,11,44.3,0
435,43034.0,Delhi,POS,6,190.0,1
994,113.75,Bangalore,ATM,22,58.81,0
841,2738.93,Delhi,Online,15,29.74,0
762,3097.63,Chennai,POS,19,68.13,0
53,2551.02,Chennai,ATM,8,57.16,0
338,888.06,Hyderabad,ATM,11,49.1,0
736,396.17,Hyderabad,Online,13,0.85,0
393,1506.32,Hyderabad,POS,13,83.53,0
685,1985.84,Chennai,POS,22,77.31,0
560,5565.49,Chennai,Online,7,54.92,0
810,91.3,Mumbai,POS,8,27.12,0
379,1842.11,Mumbai,Online,11,55.55,0
50,1788.05,Mumbai,POS,13,10.47,0
964,1681.23,Mumbai,ATM,7,113.88,0
3,1125.62,Mumbai,POS,23,65.64,0
532,801.5,Chennai,POS,23,1.53,0
541,3976.66,Bangalore,POS,9,100.28,0
423,5985.01,Bangalore,ATM,13,38.62,0
280,3837.71,Mumbai,POS,6,127.98,0
307,8816.97,Chennai,Online,15,19.42,0
785,1821.46,Delhi,ATM,14,58.16,0
836,1686.05,Delhi,Online,14,4.35,0
573,4693.38,Mumbai,ATM,19,26.72,0
453,1567.44,Delhi,POS,8,6.24,0
563,3993.46,Delhi,ATM,11,35.51,0
540,2796.05,Chennai,ATM,14,56.67,0
625,924.85,Hyderabad,POS,16,18.93,0
830,8136.74,Bangalore,ATM,15,12.48,0
201,4301.71,Chennai,Online,18,9.52,0
598,611.32,Hyderabad,POS,18,42.07,0
979,5020.1,Bangalore,ATM,22,37.42,0
919,4486.24,Hyderabad,Online,10,76.31,0
810,1528.65,Mumbai,ATM,18,4.01,0
141,1168.28,Chennai,Online,20,20.8,0
498,971.69,Delhi,Online,18,52.48,0
66,3748.55,Bangalore,ATM,15,98.86,0
534,31431.0,Delhi,ATM,2,3.0,1
395,3461.52,Delhi,POS,20,7.88,0
668,4730.5,Delhi,ATM,22,62.59,0
694,15.9,Delhi,ATM,8,3.95,0
135,51695.0,Delhi,ATM,20,217.0,1
964,6106.68,Mumbai,ATM,13,7.68,0
38,3360.16,Chennai,ATM,19,19.48,0
904,3470.53,Delhi,Online,7,93.86,0
155,4996.58,Hyderabad,ATM,20,5.93,0
733,4036.47,Delhi,Online,7,38.88,0
85,3529.76,Chennai,POS,22,65.6,0
967,5323.43,Delhi,ATM,17,3.64,0
242,3935.64,Hyderabad,ATM,7,9.15,0
641,779.22,Mumbai,Online,11,3.47,0
513,1781.17,Bangalore,ATM,19,73.08,0
210,4591.0,Bangalore,POS,7,128.37,0
132,10154.45,Hyderabad,Online,6,85.09,0
943,56172.0,Delhi,ATM,2,377.0,1
373,1226.97,Hyderabad,Online,22,10.47,0
471,45682.0,Delhi,ATM,18,425.0,1
613,2918.92,Mumbai,ATM,6,19.46,0
360,2587.86,Bangalore,Online,9,2.8,0
221,1727.18,Hyderabad,Online,7,19.07,0
889,1950.58,Bangalore,ATM,17,11.98,0
42,2500.34,Chennai,POS,10,16.44,0
144,1362.51,Hyderabad,POS,20,66.89,0
823,18612.0,Mumbai,Online,3,28.0,1
252,949.04,Mumbai,ATM,15,21.37,0
90,5901.89,Bangalore,ATM,17,6.03,0
45,2653.39,Mumbai,ATM,8,5.18,0
992,5722.11,Hyderabad,Online,19,2.89,0
257,5860.06,Delhi,ATM,10,4.82,0
963,588.38,Chennai,POS,13,43.97,0
914,1096.0,Chennai,Online,20,41.03,0
116,6198.21,Delhi,POS,19,10.26,0
43,631.18,Chennai,ATM,20,43.16,0
792,350.28,Mumbai,Online,22,18.69,0
393,1866.04,Hyderabad,Online,11,58.37,0
374,2958.82,Mumbai,POS,13,78.31,0
942,2852.79,Delhi,ATM,22,50.45,0
597,5293.69,Chennai,ATM,16,71.82,0
58,7620.42,Hyderabad,ATM,12,14.96,0
111,165.45,Mumbai,Online,10,49.17,0
406,4134.8,Bangalore,POS,22,48.78,0
644,39222.0,Chennai,Online,1,36.0,1
312,7677.85,Chennai,ATM,15,10.57,0
34,3288.47,Chennai,Online,13,39.02,0
401,8415.96,Mumbai,Online,19,6.83,0
244,1085.35,Bangalore,POS,17,7.34,0
199,75.31,Chennai,Online,23,26.47,0
123,438.89,Delhi,Online,20,58.29,0
34,365.95,Mumbai,Online,20,107.45,0
990,4216.97,Bangalore,Online,9,56.3,0
350,5541.63,Hyderabad,Online,23,101.71,0
855,3324.27,Mumbai,POS,21,51.49,0
658,421.17,Hyderabad,ATM,18,13.49,0
465,1108.29,Bangalore,ATM,7,12.35,0
97,2667.93,Mumbai,POS,13,11.76,0
719,178.5,Chennai,POS,17,98.78,0
914,988.61,Chennai,ATM,23,17.46,0
735,1268.76,Bangalore,POS,12,46.48,0
385,537.58,Bangalore,Online,22,46.55,0
837,1632.54,Delhi,Online,18,43.65,0
735,556.71,Delhi,ATM,10,55.43,0
343,1549.5,Delhi,ATM,6,33.32,0
873,27080.0,Delhi,ATM,1,36.0,1
13,4730.35,Delhi,ATM,10,30.29,0
739,1800.44,Chennai,POS,11,29.87,0
779,3151.56,Bangalore,POS,8,44.54,0
447,2438.07,Chennai,POS,9,90.19,0
621,3388.91,Mumbai,ATM,6,55.68,0
70,2410.7,Hyderabad,Online,23,43.78,0
479,400.34,Mumbai,Online,21,12.92,0
683,3058.09,Chennai,ATM,22,27.1,0
844,3532.84,Bangalore,Online,8,65.02,0
603,2284.91,Bangalore,POS,10,38.72,0
103,2698.72,Delhi,ATM,18,26.22,0
29,21628.0,Delhi,ATM,3,38.0,1
577,12143.3,Hyderabad,Online,10,35.79,0
887,1775.01,Chennai,Online,17,15.77,0
877,57721.0,Delhi,ATM,14,408.0,1
802,569.51,Mumbai,ATM,7,11.51,0
366,2345.95,Bangalore,POS,14,12.83,0
740,1190.54,Bangalore,Online,17,77.21,0
565,6163.51,Chennai,ATM,21,22.6,0
461,31355.0,Mumbai,ATM,4,38.0,1
629,58219.0,Delhi,POS,10,335.0,1
550,2033.78,Bangalore,POS,21,36.93,0
182,6672.85,Chennai,Online,12,78.49,0
390,4213.28,Bangalore,POS,9,81.12,0
830,2170.15,Hyderabad,Online,19,41.41,0
590,52.33,Delhi,Online,7,24.61,0
79,5998.6,Hyderabad,ATM,23,19.47,0
329,594.33,Hyderabad,Online,22,14.87,0
742,1330.01,Delhi,Online,13,42.46,0
340,650.22,Mumbai,Online,10,95.92,0
284,1879.03,Bangalore,ATM,21,72.69,0
117,304.55,Mumbai,ATM,12,79.8,0
378,2723.63,Mumbai,POS,11,2.73,0
141,1338.83,Chennai,ATM,20,74.07,0
344,33005.0,Delhi,POS,20,395.0,1
865,1984.92,Chennai,ATM,16,58.79,0
710,3764.86,Bangalore,POS,8,12.84,0
209,3446.54,Mumbai,POS,15,8.64,0
657,2299.17,Delhi,Online,22,61.04,0
79,1400.49,Delhi,ATM,17,1.97,0
602,4562.95,Bangalore,Online,7,47.87,0
528,3825.4,Mumbai,ATM,17,4.01,0
361,45047.0,Mumbai,POS,6,315.0,1
549,2151.96,Bangalore,Online,22,30.6,0
333,3585.51,Hyderabad,ATM,13,109.43,0
594,513.01,Delhi,ATM,9,24.55,0
735,2365.05,Delhi,Online,21,30.17,0
608,1895.6,Hyderabad,Online,17,0.53,0
599,1532.55,Chennai,Online,22,25.82,0
518,93.04,Hyderabad,ATM,9,44.01,0
160,3150.2,Hyderabad,Online,17,38.56,0
977,321.85,Hyderabad,ATM,22,86.03,0
80,1066.2,Delhi,POS,21,86.51,0
194,83.62,Delhi,ATM,7,91.33,0
892,24381.0,Mumbai,ATM,2,24.0,1
343,28638.0,Mumbai,Online,2,0.0,1
350,3216.59,Bangalore,POS,11,22.43,0
256,2113.18,Chennai,ATM,8,22.11,0
253,1906.28,Mumbai,ATM,18,15.56,0
64,47158.0,Delhi,POS,8,241.0,1
678,1102.95,Chennai,Online,22,52.08,0
79,2562.65,Hyderabad,ATM,9,40.5,0
346,1314.39,Delhi,POS,8,7.1,0
1,34537.0,Bangalore,ATM,3,412.0,1
393,1470.45,Hyderabad,ATM,19,8.5,0
850,7973.34,Delhi,ATM,9,19.51,0
691,1764.38,Bangalore,ATM,6,38.18,0
349,38206.0,Delhi,ATM,10,463.0,1
901,1203.97,Chennai,ATM,9,27.38,0
745,4549.37,Mumbai,POS,7,7.16,0
182,3048.51,Delhi,POS,11,50.42,0
834,1448.5,Chennai,POS,9,73.81,0
164,3123.62,Hyderabad,ATM,22,10.91,0
113,1951.41,Chennai,Online,22,25.68,0
711,378.05,Hyderabad,POS,12,31.37,0
292,2166.08,Bangalore,ATM,10,39.65,1
124,844.48,Chennai,Online,20,51.28,0
44,4893.28,Hyderabad,POS,15,73.65,0
447,265.26,Hyderabad,POS,22,32.78,0
373,3448.18,Hyderabad,Online,23,41.63,0
192,40083.0,Delhi,ATM,7,338.0,1
685,9333.77,Hyderabad,Online,19,40.48,0
280,7761.86,Hyderabad,Online,16,51.45,0
154,235.53,Hyderabad,POS,6,9.09,0
101,3775.31,Hyderabad,ATM,10,31.88,0
368,277.97,Hyderabad,Online,13,65.5,0
557,11873.28,Chennai,POS,10,2.94,0
744,1032.78,Delhi,ATM,11,15.67,0
489,1281.81,Mumbai,Online,6,16.14,0
321,5870.84,Delhi,Online,13,3.77,0
452,1498.13,Bangalore,ATM,18,1.92,0
792,616.79,Mumbai,POS,23,81.19,0
724,38210.0,Delhi,Online,4,30.0,1
718,5523.36,Bangalore,ATM,10,15.38,0
460,1846.21,Mumbai,ATM,7,51.29,0
853,2055.37,Chennai,ATM,8,26.82,0
690,886.13,Hyderabad,POS,21,14.01,0
149,231.6,Bangalore,Online,17,8.83,0
443,5158.29,Chennai,ATM,23,45.07,0
213,128.85,Bangalore,ATM,13,70.38,0
327,451.44,Mumbai,POS,9,19.02,0
174,2689.63,Hyderabad,POS,12,74.9,0
664,5797.73,Mumbai,ATM,23,7.12,0
529,583.55,Chennai,ATM,11,23.19,0
238,1286.81,Bangalore,POS,13,11.7,0
629,3670.88,Hyderabad,Online,8,31.02,0
743,3785.4,Hyderabad,POS,11,72.96,0
667,7598.61,Mumbai,ATM,20,16.23,0
355,5308.39,Bangalore,POS,6,7.58,0
384,5565.02,Hyderabad,POS,15,63.08,0
675,5035.25,Hyderabad,ATM,12,14.7,0
468,15.07,Bangalore,POS,19,59.73,0
73,1889.89,Chennai,ATM,17,86.65,0
800,1080.47,Hyderabad,ATM,17,49.26,0
176,4541.85,Delhi,POS,16,4.18,0
201,5959.03,Mumbai,POS,7,135.43,0
628,1678.25,Delhi,Online,19,35.78,0
706,469.15,Chennai,Online,19,26.81,0
351,2880.11,Mumbai,ATM,13,29.7,0
365,3798.24,Chennai,ATM,6,37.51,0
504,1664.53,Mumbai,Online,13,29.82,0
430,119.3,Bangalore,POS,20,68.52,0
981,4924.03,Mumbai,POS,11,79.76,0
846,6681.48,Mumbai,POS,8,19.35,0
909,3887.8,Hyderabad,POS,13,78.49,0
882,85.75,Bangalore,POS,16,65.53,0
978,2836.19,Chennai,Online,20,55.69,0
971,2568.28,Mumbai,ATM,12,74.81,0
314,2680.57,Mumbai,Online,9,64.2,0
548,6365.78,Mumbai,Online,7,37.38,0
750,5769.17,Hyderabad,ATM,6,5.49,0
834,41693.0,Mumbai,POS,0,455.0,1
561,39036.0,Delhi,Online,21,19.0,1
513,5538.03,Chennai,POS,14,66.74,0
90,3300.43,Mumbai,POS,14,35.43,0
65,3277.89,Hyderabad,ATM,23,90.69,0
812,2364.99,Mumbai,Online,15,45.8,0
588,2523.56,Chennai,Online,10,47.15,0
287,1564.86,Delhi,POS,21,90.25,0
742,5218.34,Delhi,Online,9,9.79,0
370,2564.31,Chennai,Online,15,2.4,0
2,3719.63,Delhi,Online,12,23.8,0
345,4991.22,Bangalore,POS,15,2.65,0
739,750.46,Mumbai,POS,10,11.09,0
612,39740.0,Chennai,ATM,4,8.0,1
800,236.56,Hyderabad,POS,23,26.43,0
568,397.91,Hyderabad,ATM,21,33.43,0
754,5658.02,Delhi,Online,12,25.97,0
476,1618.27,Mumbai,Online,23,33.07,0
995,702.43,Hyderabad,ATM,11,33.22,0
519,3676.2,Chennai,ATM,17,64.16,0
259,192.03,Hyderabad,ATM,22,37.14,0
87,1087.27,Bangalore,POS,13,38.39,0
552,3703.49,Chennai,ATM,18,48.09,0
746,9009.05,Mumbai,POS,9,74.8,0
497,2047.73,Hyderabad,ATM,12,53.37,0
109,2920.41,Hyderabad,POS,16,136.17,0
401,239.36,Chennai,ATM,14,3.98,0
616,3577.8,Mumbai,POS,11,34.31,0
691,1329.03,Delhi,Online,19,15.08,0
322,377.18,Bangalore,Online,10,43.89,0
757,423.08,Chennai,ATM,12,21.29,0
673,1854.47,Chennai,POS,17,27.44,0
665,3999.82,Delhi,Online,16,140.12,0
960,3442.77,Chennai,ATM,22,35.86,0
694,908.66,Bangalore,POS,22,11.58,0
551,41398.0,Delhi,POS,20,366.0,1
997,961.73,Chennai,POS,7,55.15,0
144,2662.42,Chennai,ATM,6,55.39,0
634,1066.67,Chennai,Online,11,76.28,0
109,1510.54,Delhi,POS,21,38.56,0
16,8541.96,Delhi,Online,6,81.25,0
319,226.22,Bangalore,ATM,8,21.35,0
264,39201.0,Delhi,ATM,9,282.0,1
265,9534.92,Bangalore,ATM,8,100.34,0
17,51177.0,Delhi,Online,14,398.0,1
161,6491.78,Chennai,POS,15,6.53,0
230,9288.53,Chennai,ATM,13,28.42,0
861,4941.79,Bangalore,POS,21,18.98,0
263,1861.6,Chennai,Online,7,2.59,0
984,1381.08,Chennai,ATM,20,40.42,0
900,3111.6,Hyderabad,POS,10,8.43,0
862,6538.57,Delhi,ATM,6,138.34,0
541,3539.66,Mumbai,Online,8,45.89,0
787,29453.0,Delhi,ATM,2,313.0,1
836,5450.89,Hyderabad,Online,11,6.76,0
609,2633.76,Bangalore,Online,6,59.3,0
248,23873.0,Mumbai,ATM,2,46.0,1
826,6483.5,Delhi,Online,16,5.03,0
142,2810.93,Mumbai,Online,9,93.93,0
345,4382.08,Chennai,Online,6,24.5,0
29,6407.51,Bangalore,Online,13,64.63,0
666,3577.34,Chennai,Online,17,12.43,0
181,655.46,Delhi,ATM,11,19.56,0
435,6654.02,Bangalore,POS,13,21.42,0
375,2314.27,Hyderabad,ATM,10,27.69,0
435,4538.32,Bangalore,Online,16,16.94,0
637,1717.22,Hyderabad,ATM,14,74.17,0
424,2850.1,Chennai,POS,14,10.38,0
338,1985.47,Bangalore,ATM,23,115.25,0
412,4194.57,Hyderabad,ATM,7,30.01,0
277,2060.1,Hyderabad,POS,15,8.26,0
188,1322.44,Mumbai,Online,17,37.9,0
608,981.96,Delhi,POS,7,4.34,0
972,7865.79,Delhi,POS,11,13.9,0
31,5558.7,Bangalore,ATM,7,35.35,0
734,5351.59,Chennai,POS,20,130.0,0
370,1096.63,Delhi,Online,17,75.36,0
721,294.79,Bangalore,ATM,21,98.12,0
798,48796.0,Delhi,POS,8,406.0,1
314,6461.67,Chennai,Online,19,13.46,1
582,500.51,Hyderabad,Online,18,40.68,0
445,121.22,Bangalore,ATM,17,51.63,0
509,3296.43,Mumbai,POS,17,62.8,0
887,3821.2,Bangalore,Online,9,41.4,0
23,2993.61,Delhi,Online,20,87.49,0
370,3550.83,Delhi,POS,12,47.48,0
45,286.0,Bangalore,Online,13,41.12,0
648,5389.18,Bangalore,Online,20,5.07,0
407,36903.0,Bangalore,ATM,1,45.0,1
703,8015.77,Chennai,Online,10,12.2,0
665,5432.36,Hyderabad,ATM,13,24.65,0
612,3766.56,Hyderabad,ATM,14,73.57,0
471,3123.16,Delhi,Online,13,26.75,0
806,549.19,Hyderabad,ATM,19,97.21,0
345,34808.0,Hyderabad,ATM,3,45.0,1
751,1368.69,Chennai,Online,20,40.17,0
744,932.61,Delhi,POS,10,55.02,0
110,6311.65,Mumbai,Online,14,24.78,0
166,3597.9,Mumbai,ATM,10,77.81,0
105,509.54,Delhi,POS,6,36.6,0
284,38868.0,Delhi,Online,4,21.0,1
566,1100.26,Hyderabad,Online,9,132.29,0
359,4819.14,Mumbai,POS,10,0.37,0
618,328.5,Bangalore,POS,15,4.3,0
347,990.05,Mumbai,POS,10,107.65,0
954,1686.6,Bangalore,ATM,14,16.74,0
640,1954.99,Delhi,Online,13,4.13,0
902,1684.15,Mumbai,POS,20,4.2,0
222,4629.2,Hyderabad,Online,8,40.45,0
353,3266.73,Chennai,Online,18,141.7,1
452,2909.38,Chennai,ATM,12,72.78,0
642,3948.96,Hyderabad,ATM,18,83.72,0
949,788.72,Mumbai,ATM,8,3.09,0
366,211.93,Chennai,Online,17,71.77,0
574,2295.08,Mumbai,Online,23,96.42,0
32,3251.26,Hyderabad,ATM,7,22.12,0
215,2214.62,Bangalore,ATM,13,50.9,0
134,3223.06,Mumbai,ATM,8,14.27,0
530,1799.86,Mumbai,POS,20,46.27,0
383,1446.9,Chennai,POS,10,41.94,0
734,2032.05,Hyderabad,Online,21,44.14,0
29,3785.79,Bangalore,Online,11,46.36,0
125,3747.18,Delhi,ATM,11,33.35,0
659,5918.79,Hyderabad,ATM,7,23.25,0
215,2303.34,Delhi,POS,22,6.5,0
969,967.5,Bangalore,ATM,20,32.11,0
31,1770.45,Mumbai,Online,23,20.58,0
59,3518.02,Chennai,POS,15,12.06,0
477,1419.13,Mumbai,POS,14,21.58,0
227,39539.0,Hyderabad,ATM,20,381.0,1
358,41.9,Bangalore,ATM,16,65.58,0
347,44257.0,Chennai,ATM,18,336.0,1
304,6821.6,Bangalore,Online,13,43.97,0
637,2663.08,Bangalore,Online,20,85.26,0
440,42700.0,Delhi,POS,3,483.0,1
316,6737.16,Mumbai,POS,23,10.94,0
679,5978.78,Chennai,POS,14,17.58,0
150,3608.74,Bangalore,ATM,12,28.01,0
620,7197.9,Hyderabad,ATM,9,64.55,0
900,48375.0,Delhi,Online,14,131.0,1
916,2008.56,Bangalore,POS,22,11.71,0
886,32462.0,Delhi,POS,3,28.0,1
770,471.08,Bangalore,POS,19,12.18,0
155,18003.0,Hyderabad,Online,5,28.0,1
461,2226.75,Delhi,Online,20,18.11,0
75,33841.0,Bangalore,POS,2,7.0,1
693,2276.18,Hyderabad,Online,14,20.75,0
959,5230.1,Chennai,ATM,20,53.48,1
41,439.21,Hyderabad,Online,18,52.56,0
822,1157.44,Bangalore,ATM,18,88.39,0
183,55316.0,Delhi,Online,4,387.0,1
793,3946.79,Mumbai,POS,11,45.2,0
214,18860.0,Bangalore,ATM,2,23.0,1
75,4679.57,Mumbai,Online,6,31.04,0
350,2371.83,Hyderabad,POS,17,43.12,0
118,371.5,Mumbai,POS,15,60.72,0
795,4178.99,Chennai,Online,23,71.89,0
875,1364.7,Delhi,ATM,23,51.1,0
670,7052.3,Mumbai,Online,12,9.89,0
276,464.01,Mumbai,POS,18,16.15,0
194,358.4,Hyderabad,ATM,19,20.84,0
549,3309.55,Hyderabad,ATM,20,70.19,0
29,2341.79,Chennai,ATM,7,10.96,0
279,34109.0,Mumbai,ATM,7,451.0,1
53,1943.07,Hyderabad,Online,21,27.18,0
914,37698.0,Chennai,POS,14,393.0,1
846,7635.68,Bangalore,Online,22,15.23,0
470,3804.52,Chennai,ATM,21,38.78,0
820,4313.81,Chennai,POS,16,16.32,0
384,2224.26,Bangalore,ATM,9,4.56,0
298,5108.92,Bangalore,ATM,8,55.5,0
501,4859.72,Mumbai,POS,8,0.67,0
744,3415.59,Hyderabad,POS,21,17.61,0
213,5706.61,Hyderabad,Online,8,31.87,0
140,318.46,Mumbai,POS,22,106.27,0
837,35290.0,Chennai,ATM,0,394.0,1
126,1298.06,Mumbai,POS,6,61.4,0
280,26505.0,Bangalore,Online,4,29.0,1
848,833.86,Chennai,POS,20,11.42,0
389,3274.08,Delhi,ATM,19,40.76,0
858,3879.71,Chennai,Online,18,91.86,0
757,1491.56,Bangalore,POS,18,46.45,0
806,1810.2,Bangalore,ATM,17,101.22,0
737,3020.71,Bangalore,ATM,21,32.61,0
48,7036.91,Mumbai,Online,22,0.3,0
951,3235.46,Mumbai,POS,19,33.06,0
902,940.72,Mumbai,Online,21,66.26,0
295,1425.63,Hyderabad,POS,21,5.27,0
608,2907.6,Bangalore,Online,20,21.18,0
759,2260.04,Mumbai,Online,19,6.67,0
717,1015.5,Chennai,ATM,11,14.02,0
550,2131.57,Mumbai,POS,22,48.06,0
703,1648.07,Chennai,ATM,21,7.49,0
425,1467.58,Bangalore,Online,7,25.73,0
820,930.27,Delhi,Online,7,111.56,0
558,748.04,Hyderabad,Online,13,3.93,0
919,847.53,Chennai,POS,14,2.36,0
411,1016.28,Hyderabad,POS,16,23.96,0
511,3140.53,Mumbai,POS,15,61.86,0
584,3907.75,Delhi,Online,14,52.14,0
624,4817.23,Delhi,ATM,20,38.85,0
536,1282.0,Chennai,ATM,23,139.01,0
514,3639.77,Chennai,POS,13,80.38,0
993,78.97,Bangalore,POS,19,7.34,0
254,2771.05,Mumbai,POS,17,55.74,0
763,1605.03,Delhi,Online,20,25.88,0
946,1321.28,Bangalore,Online,9,22.98,0
768,4331.63,Chennai,POS,19,52.05,0
882,3733.16,Hyderabad,ATM,21,14.87,0
972,4153.65,Mumbai,ATM,23,25.45,0
442,2411.83,Delhi,Online,21,20.58,0
469,519.37,Bangalore,POS,7,13.69,0
899,9329.62,Bangalore,Online,7,25.06,0
636,176.43,Mumbai,Online,12,31.62,0
677,534.7,Chennai,Online,9,118.86,0
821,812.23,Chennai,POS,7,55.34,0
921,882.22,Bangalore,Online,15,23.06,0
741,4385.24,Mumbai,Online,7,18.6,0
345,86.67,Mumbai,POS,13,92.94,0
695,4963.78,Hyderabad,Online,15,49.53,0
135,4371.83,Delhi,Online,23,32.98,0
284,8063.33,Chennai,POS,21,12.2,0
968,3741.79,Hyderabad,ATM,8,62.55,0
916,484.88,Mumbai,ATM,22,50.04,0
772,40986.0,Chennai,POS,11,321.0,1
756,5832.19,Mumbai,POS,7,117.63,0
656,55926.0,Delhi,Online,14,12.0,1
5,803.07,Mumbai,Online,6,139.69,0
13,503.86,Chennai,POS,23,14.55,0
694,6164.61,Mumbai,Online,21,29.83,0
659,509.42,Bangalore,ATM,16,63.3,0
408,2063.5,Mumbai,ATM,17,11.88,0
231,1618.01,Delhi,POS,9,39.5,0
961,485.29,Bangalore,ATM,19,12.32,0
913,2243.66,Hyderabad,Online,10,87.2,0
184,3165.17,Chennai,Online,8,125.38,0
957,2797.93,Mumbai,ATM,13,62.5,0
584,907.91,Mumbai,ATM,23,30.61,0
660,19.99,Hyderabad,Online,15,58.76,0
485,2620.45,Hyderabad,Online,10,60.54,0
619,3080.0,Mumbai,ATM,9,121.85,0
113,1998.08,Bangalore,ATM,13,4.23,0
807,5580.37,Bangalore,POS,8,5.05,0
822,3938.15,Chennai,ATM,11,46.03,0
35,2242.09,Bangalore,POS,16,54.46,0
47,9648.16,Delhi,ATM,12,95.62,0
898,442.44,Delhi,ATM,14,62.56,0
165,791.55,Hyderabad,ATM,8,37.35,0
161,3364.04,Chennai,POS,7,49.06,0
154,1791.53,Bangalore,ATM,22,51.9,0
161,1707.91,Chennai,POS,22,37.32,0
943,5534.44,Hyderabad,ATM,21,83.95,0
617,42708.0,Mumbai,Online,11,442.0,1
603,1026.61,Chennai,POS,19,7.92,0
999,2057.73,Hyderabad,POS,19,19.02,0
488,24295.0,Hyderabad,ATM,4,23.0,1
170,3841.32,Delhi,ATM,6,8.23,0
281,905.83,Mumbai,Online,11,10.38,0
840,175.45,Bangalore,POS,15,49.38,0
790,70.41,Delhi,POS,19,52.34,0
341,2067.0,Delhi,ATM,12,16.06,0
775,3865.22,Hyderabad,ATM,9,26.37,0
864,33641.0,Hyderabad,ATM,4,22.0,1
419,3924.55,Bangalore,Online,7,20.64,0
656,48112.0,Delhi,Online,14,306.0,1
864,221.03,Delhi,POS,14,36.43,0
91,3649.77,Mumbai,Online,10,67.88,0
750,4908.44,Delhi,ATM,17,34.56,0
203,1392.77,Mumbai,Online,21,132.43,0
47,2220.85,Delhi,Online,19,57.46,0
59,3303.85,Bangalore,Online,23,48.71,0
810,1637.1,Mumbai,POS,23,6.06,0
17,5926.75,Mumbai,ATM,10,25.67,0
688,1224.16,Mumbai,Online,17,106.8,0
734,46014.0,Delhi,Online,18,201.0,1
27,7214.29,Bangalore,POS,16,43.52,0
56,32645.0,Delhi,ATM,2,42.0,1
704,2990.73,Chennai,ATM,22,4.93,0
311,1716.0,Bangalore,ATM,15,50.49,0
228,7023.79,Chennai,POS,15,22.57,0
419,3975.23,Delhi,POS,6,26.44,0
344,5062.59,Delhi,POS,19,13.15,0
489,5236.17,Bangalore,ATM,10,65.52,0
936,5257.61,Delhi,ATM,11,23.01,0
648,49528.0,Delhi,POS,17,419.0,1
170,1504.99,Chennai,POS,14,21.97,0
198,2122.53,Mumbai,ATM,14,89.75,0
441,1973.17,Chennai,Online,17,24.2,0
980,278.99,Bangalore,Online,23,56.34,0
388,197.91,Bangalore,Online,22,20.96,0
396,4030.29,Hyderabad,POS,22,18.09,0
966,33907.0,Hyderabad,ATM,8,498.0,1
773,3050.17,Hyderabad,ATM,8,6.85,0
438,3498.75,Delhi,ATM,8,84.14,0
307,4124.37,Hyderabad,POS,13,50.48,0
241,2892.05,Hyderabad,Online,23,65.16,0
405,1144.0,Mumbai,ATM,21,32.74,0
70,1977.18,Mumbai,ATM,21,31.99,0
804,7039.27,Hyderabad,POS,6,46.3,0
690,5786.66,Mumbai,Online,8,14.73,0
99,431.65,Delhi,Online,6,7.11,1
157,424.26,Chennai,ATM,10,87.91,0
951,4381.17,Bangalore,POS,12,36.03,0
299,5717.83,Hyderabad,POS,11,91.0,0
497,3774.41,Mumbai,Online,23,55.53,0
437,1988.23,Chennai,Online,11,5.59,0
619,3995.21,Mumbai,Online,20,21.41,0
328,6045.35,Hyderabad,POS,6,20.09,1
6,4137.34,Hyderabad,POS,8,18.11,0
386,2915.87,Mumbai,Online,15,35.93,0
543,1560.37,Mumbai,POS,21,65.61,0
936,3401.17,Delhi,POS,21,48.38,0
634,1589.05,Bangalore,POS,7,110.89,0
707,2343.67,Chennai,Online,21,6.37,0
991,3485.22,Chennai,ATM,7,48.17,0
244,641.49,Hyderabad,Online,23,35.13,0
207,1023.33,Hyderabad,POS,9,45.97,0
210,2519.08,Bangalore,POS,6,34.1,0
882,287.55,Mumbai,Online,14,31.06,0
560,4846.49,Delhi,Online,20,6.03,0
370,2865.1,Chennai,Online,8,5.32,0
102,4706.18,Hyderabad,ATM,15,20.39,0
978,30487.0,Bangalore,POS,12,477.0,1
768,1603.2,Bangalore,ATM,22,49.3,0
823,5528.9,Bangalore,POS,23,16.19,0
139,30882.0,Delhi,Online,3,331.0,1
896,7889.05,Mumbai,ATM,20,25.66,0
17,1138.78,Chennai,POS,15,28.45,0
703,861.0,Delhi,Online,6,31.7,0
690,1881.43,Mumbai,Online,22,13.71,0
77,744.78,Delhi,Online,20,59.5,0
328,1478.38,Delhi,POS,16,45.44,0
299,3112.08,Bangalore,ATM,7,90.14,0
509,952.22,Bangalore,ATM,21,45.05,0
8,5230.02,Mumbai,Online,20,50.73,0
676,1076.38,Chennai,ATM,22,44.55,0
336,4632.64,Chennai,Online,21,3.14,0
453,5544.26,Hyderabad,ATM,13,46.21,0
141,4110.63,Hyderabad,Online,9,37.51,0
561,25356.0,Chennai,Online,3,342.0,1
198,2328.22,Bangalore,Online,18,45.39,0
75,31.51,Hyderabad,Online,17,18.52,0
311,764.73,Delhi,Online,8,45.26,0
654,2715.95,Delhi,ATM,8,12.83,0
472,6685.05,Bangalore,ATM,23,43.12,0
832,81.06,Hyderabad,ATM,22,5.71,0
975,1782.3,Chennai,Online,14,14.02,0
459,9583.53,Hyderabad,Online,15,28.54,0
557,4117.71,Mumbai,POS,22,17.14,0
64,49676.0,Delhi,POS,8,492.0,1
815,3807.12,Bangalore,ATM,19,6.49,0
599,3971.93,Mumbai,ATM,18,33.58,0
99,2572.16,Hyderabad,Online,9,29.21,0
314,2011.62,Bangalore,ATM,7,25.15,0
157,1696.35,Hyderabad,Online,14,59.71,0
359,29814.0,Bangalore,ATM,5,10.0,1
331,3550.56,Mumbai,Online,17,106.11,0
660,3237.64,Hyderabad,ATM,22,11.3,0
486,2294.2,Delhi,POS,22,35.4,0
470,55912.0,Delhi,POS,6,110.0,1
718,3369.12,Chennai,Online,14,63.66,0
836,2792.6,Hyderabad,POS,18,49.99,0
201,4133.03,Hyderabad,ATM,18,35.33,0
293,34.58,Bangalore,Online,23,18.7,0
741,555.13,Delhi,Online,13,10.87,0
567,3002.59,Bangalore,POS,20,93.94,0
808,23156.0,Mumbai,ATM,3,14.0,1
962,1939.2,Mumbai,Online,9,34.08,0
200,6453.71,Chennai,Online,14,47.94,0
137,4508.84,Bangalore,POS,12,39.38,0
706,38618.0,Mumbai,POS,12,304.0,1
187,5905.0,Mumbai,ATM,20,44.37,0
283,2167.78,Delhi,POS,9,9.68,0
906,4493.49,Delhi,Online,14,71.53,0
957,5672.15,Chennai,Online,20,11.67,0
911,897.69,Delhi,POS,16,6.38,0
296,2166.06,Chennai,POS,23,16.36,0
307,3684.7,Delhi,ATM,13,1.37,0
921,4839.58,Mumbai,POS,9,32.3,0
932,189.11,Bangalore,POS,11,76.76,0
677,2084.77,Mumbai,POS,22,5.39,0
178,4910.75,Mumbai,ATM,12,26.15,0
637,2938.67,Bangalore,ATM,9,37.17,0
875,591.57,Bangalore,ATM,9,6.38,0
967,1540.49,Hyderabad,Online,14,17.59,0
583,8915.02,Mumbai,Online,16,28.16,0
833,5024.79,Mumbai,ATM,16,9.64,0
79,1269.91,Hyderabad,Online,10,15.14,0
308,49339.0,Bangalore,Online,17,372.0,1
763,3957.28,Chennai,ATM,19,56.03,0
431,6696.8,Hyderabad,ATM,9,157.26,0
387,2761.54,Hyderabad,POS,19,23.15,0
457,39356.0,Delhi,Online,4,409.0,1
503,3368.62,Chennai,ATM,16,3.31,1
80,4787.9,Delhi,ATM,8,54.86,0
10,9115.0,Mumbai,ATM,6,52.8,0
196,3062.01,Chennai,Online,14,25.45,0
192,20408.0,Hyderabad,ATM,5,39.0,1
986,4458.24,Mumbai,POS,10,68.82,0
177,1826.71,Bangalore,Online,14,45.65,0
632,3852.02,Mumbai,ATM,7,5.53,0
634,5346.14,Bangalore,POS,20,17.58,0
268,2530.77,Chennai,POS,8,17.31,0
285,195.84,Mumbai,ATM,18,41.48,0
488,665.98,Bangalore,Online,13,28.63,0
547,48540.0,Hyderabad,ATM,11,500.0,1
722,39243.0,Hyderabad,ATM,5,45.0,1
332,4073.01,Bangalore,Online,21,18.5,0
624,1527.29,Hyderabad,Online,6,49.42,0
511,2591.4,Bangalore,POS,23,61.35,0
214,1363.3,Bangalore,Online,21,23.41,0
641,2829.93,Delhi,POS,12,50.22,0
748,8179.76,Chennai,ATM,6,13.54,0
837,3978.35,Hyderabad,Online,13,48.46,0
828,1591.21,Chennai,Online,22,40.34,0
565,2747.46,Hyderabad,POS,18,60.88,0
16,1013.18,Bangalore,Online,17,20.63,0
480,15560.0,Chennai,Online,4,20.0,1
91,624.76,Mumbai,ATM,11,55.2,0
389,5389.3,Delhi,Online,22,90.1,0
804,4944.01,Delhi,ATM,15,73.53,0
358,56748.0,Delhi,ATM,7,164.0,1
345,976.1,Delhi,POS,13,21.81,0
465,345.76,Hyderabad,ATM,7,42.2,0
741,2691.19,Delhi,ATM,20,6.14,0
498,5895.45,Delhi,POS,17,30.25,0
768,525.97,Chennai,Online,11,24.05,0
961,4055.98,Hyderabad,ATM,19,62.09,0
607,3665.04,Chennai,Online,21,104.84,0
792,6915.02,Mumbai,ATM,11,32.05,0
577,525.74,Bangalore,ATM,11,55.5,0
640,847.85,Delhi,POS,7,47.66,0
840,7489.94,Hyderabad,ATM,14,30.87,0
1,5516.17,Delhi,Online,16,2.27,0
85,19702.0,Delhi,ATM,4,36.0,1
227,3878.31,Hyderabad,ATM,8,51.17,0
207,3948.78,Hyderabad,ATM,18,10.67,0
342,4859.1,Delhi,ATM,8,23.72,0
741,1599.55,Mumbai,Online,14,111.51,0
363,912.66,Bangalore,Online,12,6.42,0
418,661.77,Hyderabad,POS,21,17.15,0
194,3529.16,Hyderabad,Online,18,43.53,0
618,5077.76,Mumbai,POS,12,55.71,0
43,1096.13,Hyderabad,Online,21,38.61,0
906,3477.7,Chennai,Online,12,33.59,0
756,859.75,Mumbai,Online,22,6.38,0
299,194.99,Hyderabad,POS,15,48.41,0
669,771.47,Bangalore,Online,11,52.5,0
646,2633.56,Mumbai,Online,13,7.75,0
567,39.87,Mumbai,POS,8,57.78,0
247,38752.0,Bangalore,ATM,4,31.0,1
874,67.04,Bangalore,ATM,15,6.5,0
306,5117.07,Chennai,Online,14,0.13,0
517,4783.07,Delhi,POS,14,38.36,0
791,521.38,Chennai,Online,7,12.35,0
640,341.51,Delhi,ATM,12,17.44,0
51,6630.32,Mumbai,Online,13,58.42,0
969,3572.38,Mumbai,ATM,8,14.64,0
671,4259.82,Delhi,POS,6,74.34,0
147,1252.94,Chennai,ATM,10,39.19,0
433,4231.26,Bangalore,ATM,9,43.49,0
127,2894.49,Delhi,ATM,22,0.21,0
161,3623.93,Bangalore,ATM,23,37.64,0
753,40450.0,Delhi,POS,14,356.0,1
56,544.03,Delhi,Online,19,13.09,0
845,2529.59,Mumbai,ATM,11,81.28,0
162,3375.44,Delhi,POS,12,48.64,0
787,1778.14,Delhi,POS,11,128.72,0
544,55745.0,Delhi,POS,2,302.0,1
736,58.81,Delhi,POS,17,8.05,0
394,824.8,Delhi,POS,8,6.19,0
718,1023.83,Delhi,ATM,15,60.34,0
443,370.36,Delhi,Online,13,5.12,0
7,5695.72,Chennai,ATM,11,120.11,0
160,53246.0,Delhi,POS,12,253.0,1
262,6016.42,Chennai,Online,22,28.77,0
781,97.43,Delhi,Online,9,2.03,0
309,7363.68,Chennai,POS,13,1.73,0
147,1992.52,Delhi,Online,10,15.06,0
715,4281.17,Delhi,POS,8,44.5,0
922,1409.35,Bangalore,Online,14,44.17,0
434,4829.52,Mumbai,Online,19,15.19,0
680,4592.06,Bangalore,POS,10,31.64,0
764,519.02,Delhi,ATM,21,83.32,0
182,6779.69,Delhi,POS,11,26.01,0
729,29112.0,Bangalore,ATM,17,444.0,1
515,2733.13,Chennai,ATM,7,40.2,0
906,6546.2,Hyderabad,Online,17,2.31,0
480,391.71,Delhi,ATM,19,18.65,0
83,5862.24,Bangalore,POS,15,1.49,0
580,874.61,Mumbai,ATM,14,67.04,0
15,1673.89,Delhi,ATM,9,53.22,0
120,1048.13,Chennai,Online,12,20.38,0
426,29315.0,Chennai,POS,11,316.0,1
405,157.9,Chennai,POS,10,14.25,0
149,1291.63,Bangalore,POS,20,3.66,0
914,6057.97,Bangalore,POS,21,86.9,0
539,2840.07,Hyderabad,POS,19,26.38,0
88,340.59,Mumbai,Online,17,2.41,0
643,2937.84,Mumbai,ATM,11,0.64,0
356,2701.38,Chennai,ATM,14,43.65,0
5,40816.0,Hyderabad,POS,12,322.0,1
114,2893.73,Mumbai,Online,8,22.34,0
515,122.4,Mumbai,ATM,6,61.99,0
372,571.76,Mumbai,ATM,6,108.1,0
154,386.01,Chennai,ATM,12,49.67,0
482,2969.78,Delhi,ATM,20,4.48,0
636,1423.22,Mumbai,POS,22,80.45,0
67,3657.38,Delhi,Online,7,16.5,0
763,736.57,Mumbai,Online,12,15.13,0
316,4634.22,Mumbai,POS,20,5.41,0
712,49515.0,Mumbai,POS,10,453.0,1
806,3389.46,Bangalore,Online,9,7.58,0
708,2621.08,Chennai,Online,23,119.21,1
864,907.0,Hyderabad,ATM,22,1.91,0
423,38198.0,Delhi,Online,17,171.0,1
991,2784.61,Chennai,POS,9,4.43,0
953,1139.91,Chennai,ATM,21,31.09,0
31,6588.65,Mumbai,POS,18,48.38,0
403,6445.54,Hyderabad,ATM,21,42.33,0
76,2962.09,Mumbai,ATM,16,17.76,0
287,3063.27,Mumbai,Online,21,78.81,0
735,1347.63,Hyderabad,ATM,6,10.28,0
503,3611.94,Delhi,POS,12,78.91,0
111,1299.44,Mumbai,POS,14,3.29,0
130,771.08,Bangalore,POS,16,62.85,0
851,1196.72,Delhi,Online,13,3.21,0
413,2889.47,Hyderabad,Online,20,77.67,0
129,1978.33,Bangalore,ATM,10,56.81,0
875,4111.79,Hyderabad,POS,8,16.17,0
164,1278.54,Hyderabad,POS,13,61.73,0
922,2329.52,Chennai,POS,8,17.13,0
284,4767.78,Bangalore,ATM,19,47.29,0
92,1456.17,Chennai,ATM,17,47.89,0
860,3542.21,Hyderabad,Online,10,40.9,0
825,285.39,Chennai,POS,16,38.97,0
726,36776.0,Delhi,ATM,4,288.0,1
270,1594.5,Delhi,Online,14,68.51,0
328,1994.88,Bangalore,ATM,8,12.16,0
244,50317.0,Delhi,ATM,10,320.0,1
755,48168.0,Chennai,POS,18,479.0,1
355,2586.84,Bangalore,POS,12,37.61,0
214,351.21,Delhi,POS,12,15.88,0
16,45331.0,Delhi,POS,2,78.0,1
426,947.34,Hyderabad,ATM,13,51.91,0
723,1538.29,Hyderabad,Online,20,7.05,0
685,3467.24,Mumbai,POS,12,115.35,0
563,4675.34,Chennai,Online,6,5.57,0
592,2019.59,Bangalore,ATM,19,16.24,0
454,859.99,Chennai,Online,20,17.64,0
793,326.45,Mumbai,ATM,17,42.67,0
1,1223.58,Chennai,POS,6,76.66,0
676,4266.14,Bangalore,ATM,12,11.03,0
501,2010.96,Delhi,ATM,18,17.86,0
207,2820.25,Chennai,ATM,14,64.4,0
6,119.47,Delhi,ATM,19,66.67,0
670,4119.65,Mumbai,POS,7,26.22,0
530,32491.0,Mumbai,ATM,1,3.0,1
97,1370.6,Hyderabad,Online,19,26.67,0
430,587.31,Delhi,ATM,22,26.23,0
703,1038.95,Delhi,POS,7,3.33,0
870,57.62,Delhi,ATM,9,27.91,0
623,1323.65,Chennai,Online,6,18.38,0
594,1061.11,Chennai,ATM,12,67.93,0
961,3534.26,Bangalore,ATM,13,69.54,0
746,3581.18,Mumbai,ATM,13,40.28,0
652,55804.0,Delhi,Online,8,53.0,1
544,705.8,Hyderabad,ATM,21,64.76,0
225,2034.2,Mumbai,Online,17,9.61,0
955,1374.94,Delhi,POS,11,62.56,0
70,1747.34,Hyderabad,POS,7,1.65,0
362,758.2,Chennai,POS,15,5.83,0
592,1318.33,Mumbai,ATM,20,11.74,0
757,3609.98,Chennai,POS,13,7.5,0
143,3025.92,Hyderabad,POS,20,13.63,0
480,1220.48,Bangalore,Online,18,23.36,0
862,2966.51,Hyderabad,ATM,8,72.94,0
800,15547.0,Hyderabad,ATM,2,36.0,1
547,4287.04,Delhi,POS,12,45.61,0
103,6687.55,Bangalore,Online,11,7.56,0
583,1749.18,Hyderabad,POS,20,47.1,0
185,3054.29,Bangalore,Online,22,9.56,0
5,1720.04,Delhi,ATM,23,90.64,0
334,107.73,Mumbai,Online,8,13.0,0
522,6269.53,Delhi,ATM,20,23.53,0
464,2829.81,Hyderabad,Online,23,35.27,0
139,1499.01,Mumbai,Online,10,80.34,0
455,478.6,Bangalore,ATM,7,158.48,0
640,6412.13,Mumbai,Online,6,29.83,0
14,2070.04,Bangalore,POS,21,47.68,0
893,4360.98,Delhi,POS,21,32.12,0
180,5766.48,Delhi,ATM,8,3.85,0
415,909.85,Bangalore,ATM,14,7.34,0
98,4585.12,Delhi,ATM,13,28.26,0
784,2883.85,Bangalore,POS,15,49.76,0
305,4163.16,Hyderabad,POS,10,25.5,0
331,2665.71,Bangalore,POS,7,93.44,0
836,2595.76,Chennai,Online,9,87.86,0
444,2236.23,Mumbai,Online,23,34.45,0
77,7037.76,Bangalore,ATM,19,38.04,0
38,3211.1,Chennai,POS,19,22.11,0
867,44939.0,Hyderabad,POS,6,389.0,1
70,559.57,Mumbai,ATM,19,8.58,0
62,156.54,Bangalore,ATM,22,7.77,0
53,5017.79,Delhi,POS,17,31.45,0
705,1644.79,Mumbai,POS,10,6.81,0
639,19535.0,Delhi,ATM,3,49.0,1
79,2669.27,Delhi,POS,21,61.68,0
962,38186.0,Hyderabad,Online,17,299.0,1
208,7797.81,Delhi,POS,10,4.86,0
387,1572.47,Hyderabad,POS,18,38.27,0
733,56707.0,Delhi,ATM,12,296.0,1
257,2081.84,Mumbai,Online,21,79.35,0
701,5117.75,Delhi,ATM,23,52.72,0
771,3649.2,Mumbai,ATM,22,7.93,0
889,2360.49,Chennai,POS,10,0.05,0
586,48354.0,Mumbai,Online,5,496.0,1
714,1302.39,Bangalore,Online,17,62.44,0
594,2938.17,Chennai,POS,17,90.62,0
377,5602.47,Hyderabad,POS,11,12.82,0
920,3395.39,Mumbai,Online,14,79.28,0
53,6088.16,Delhi,ATM,13,58.31,0
927,40936.0,Delhi,Online,13,243.0,1
311,6537.72,Chennai,ATM,20,29.11,0
774,2492.06,Bangalore,ATM,20,90.74,0
849,6044.06,Hyderabad,POS,19,42.57,0
95,3429.65,Delhi,Online,22,40.82,0
871,809.83,Hyderabad,ATM,18,7.24,0
641,716.95,Bangalore,ATM,7,6.65,0
537,910.1,Hyderabad,Online,12,21.77,0
175,2420.24,Hyderabad,ATM,11,6.2,0
811,3516.7,Delhi,ATM,20,71.12,0
681,1669.94,Mumbai,Online,18,16.58,0
17,1078.11,Delhi,ATM,7,1.38,0
162,2765.74,Mumbai,POS,6,27.82,0
213,3952.82,Bangalore,ATM,7,34.68,0
830,5126.18,Bangalore,ATM,8,20.08,0
444,3446.04,Mumbai,ATM,13,17.8,0
697,4072.65,Chennai,Online,9,68.86,0
241,690.74,Bangalore,Online,10,89.34,0
372,5391.31,Delhi,Online,15,2.99,0
547,5526.82,Bangalore,POS,18,5.34,0
917,794.97,Chennai,Online,6,16.47,0
540,950.64,Chennai,ATM,19,11.54,0
758,60.14,Chennai,Online,18,65.43,0
304,6279.79,Chennai,POS,9,3.33,0
628,2169.47,Mumbai,POS,9,16.19,0
737,1458.03,Mumbai,ATM,14,35.28,0
25,1034.04,Bangalore,POS,23,28.46,0
482,3542.03,Mumbai,Online,8,56.95,0
58,145.22,Delhi,Online,12,56.66,0
586,11862.35,Delhi,POS,14,49.17,0
15,1208.99,Chennai,POS,6,53.45,0
775,1636.63,Hyderabad,ATM,6,53.36,0
678,2488.18,Delhi,POS,6,14.56,0
445,1669.25,Delhi,POS,16,62.37,0
228,7824.28,Chennai,ATM,8,37.08,0
589,2090.07,Delhi,ATM,8,0.64,0
942,894.42,Hyderabad,POS,11,7.41,0
777,4073.29,Mumbai,Online,11,59.77,0
688,36683.0,Mumbai,Online,20,451.0,1
881,19544.0,Bangalore,POS,1,28.0,0
996,4454.19,Bangalore,POS,19,5.28,0
989,2158.78,Delhi,Online,21,30.39,0
730,3283.36,Hyderabad,Online,13,38.53,0
303,2381.9,Mumbai,POS,11,112.02,0
760,796.45,Bangalore,ATM,18,0.76,0
808,43548.0,Delhi,ATM,16,491.0,1
777,43601.0,Delhi,ATM,15,328.0,1
216,319.12,Hyderabad,ATM,10,21.5,0
576,8832.28,Hyderabad,Online,12,57.02,0
27,2657.61,Delhi,Online,15,85.21,0
672,5589.73,Mumbai,POS,7,4.06,0
832,2930.09,Chennai,ATM,22,9.25,0
677,7927.74,Hyderabad,Online,16,29.81,0
129,30998.0,Chennai,POS,2,6.0,1
260,2448.03,Bangalore,POS,13,11.41,0
709,2309.12,Chennai,ATM,14,119.58,0
11,1554.7,Delhi,ATM,18,21.01,0
912,3232.1,Delhi,POS,18,9.95,0
956,3275.91,Mumbai,ATM,15,31.24,0
614,3770.41,Bangalore,Online,20,3.45,0
404,5490.25,Chennai,ATM,21,78.09,0
152,249.77,Chennai,POS,6,13.84,0
530,2560.36,Hyderabad,POS,10,40.97,0
879,2053.15,Hyderabad,POS,15,19.51,1
222,1279.78,Delhi,Online,18,15.76,0
406,5903.82,Delhi,ATM,20,42.3,0
707,33371.0,Chennai,Online,3,35.0,1
102,4113.77,Bangalore,ATM,22,46.15,0
323,1548.57,Hyderabad,Online,13,25.94,0
500,1265.52,Delhi,Online,22,73.44,0
628,6358.88,Mumbai,POS,17,5.64,0
376,5432.69,Bangalore,Online,22,58.19,0
355,3209.34,Hyderabad,POS,20,24.04,0
298,903.59,Chennai,Online,8,57.3,0
830,2604.17,Delhi,ATM,16,91.72,0
502,939.28,Bangalore,ATM,7,58.77,0
603,43871.0,Hyderabad,Online,14,356.0,1
374,3356.83,Bangalore,ATM,21,97.41,0
239,7057.94,Chennai,Online,12,7.11,0
257,9519.71,Bangalore,Online,18,11.22,0
870,898.01,Chennai,Online,22,21.68,0
21,4780.18,Chennai,POS,21,90.35,0
322,6794.29,Delhi,Online,7,40.78,0
731,47436.0,Hyderabad,ATM,21,378.0,1
822,1326.35,Bangalore,POS,9,14.78,0
519,891.06,Mumbai,ATM,13,77.76,0
72,1378.93,Delhi,POS,16,6.05,0
570,29721.0,Bangalore,ATM,1,9.0,1
711,844.77,Chennai,POS,10,21.14,0
601,6298.56,Mumbai,ATM,23,5.15,0
869,2521.33,Delhi,POS,11,46.34,0
979,3672.43,Chennai,POS,18,20.72,0
543,2299.13,Delhi,POS,23,37.38,0
897,1395.05,Bangalore,POS,13,73.18,0
814,6304.77,Bangalore,ATM,12,26.14,0
329,2591.01,Bangalore,ATM,6,42.11,0
127,373.16,Hyderabad,ATM,14,34.08,0
945,2499.77,Delhi,POS,15,63.4,1
61,3387.48,Delhi,Online,20,45.01,0
47,4827.61,Chennai,Online,19,23.56,0
795,1526.14,Hyderabad,ATM,11,78.61,0
537,3499.14,Mumbai,POS,23,43.97,0
920,1054.75,Delhi,Online,20,19.97,0
761,3193.93,Hyderabad,POS,21,27.91,0
759,539.31,Delhi,Online,21,48.36,0
832,2854.75,Delhi,ATM,20,0.91,0
376,8481.65,Bangalore,POS,13,11.83,0
496,47965.0,Hyderabad,POS,6,332.0,1
364,7452.76,Hyderabad,Online,19,48.52,0
508,2729.64,Hyderabad,ATM,12,46.0,0
3,5577.39,Chennai,ATM,15,97.81,0
718,356.54,Chennai,Online,17,13.03,0
813,1516.94,Delhi,Online,12,80.58,0
419,4165.24,Bangalore,ATM,17,21.15,0
796,18620.0,Hyderabad,POS,2,28.0,1
480,2041.46,Bangalore,Online,16,60.0,1
895,6929.87,Delhi,Online,20,15.17,0
738,3610.88,Chennai,POS,15,62.73,0
561,1438.42,Bangalore,POS,19,24.57,0
139,39365.0,Delhi,ATM,4,258.0,1
74,2991.23,Mumbai,POS,8,17.73,0
317,30810.0,Bangalore,Online,2,21.0,1
394,3493.57,Hyderabad,Online,7,46.53,0
447,2602.12,Bangalore,POS,9,15.69,0
815,2705.02,Chennai,POS,11,13.62,0
67,1829.64,Chennai,POS,21,55.89,0
886,4652.8,Chennai,POS,19,50.88,0
446,4492.97,Delhi,ATM,6,52.18,0
754,2930.37,Delhi,Online,9,96.66,0
422,22250.0,Mumbai,POS,3,14.0,1
936,1090.13,Hyderabad,POS,6,18.52,0
911,2416.55,Hyderabad,Online,16,1.14,0
192,3116.75,Bangalore,ATM,23,10.58,0
935,2372.31,Bangalore,ATM,17,21.95,0
382,4956.03,Chennai,ATM,9,11.54,0
12,36810.0,Chennai,ATM,3,31.0,1
161,2001.95,Delhi,Online,23,28.55,0
505,964.6,Delhi,ATM,8,59.7,0
196,1883.2,Hyderabad,POS,23,0.69,0
672,1755.99,Delhi,POS,18,49.27,0
896,54.14,Delhi,ATM,6,5.0,0
664,6450.55,Delhi,Online,17,35.44,0
820,2894.76,Hyderabad,ATM,17,78.48,0
600,1817.07,Hyderabad,ATM,16,50.64,0
856,21484.0,Delhi,ATM,3,48.0,1
21,3955.64,Hyderabad,ATM,19,12.11,0
115,2506.15,Delhi,ATM,8,25.34,0
700,7234.15,Delhi,Online,19,152.13,0
255,1174.25,Mumbai,Online,14,27.65,0
793,2302.25,Hyderabad,Online,6,2.98,0
541,506.21,Mumbai,POS,20,44.25,0
572,1416.79,Chennai,POS,14,30.26,0
787,450.98,Delhi,POS,9,118.91,0
916,3344.57,Chennai,ATM,13,8.09,1
15,6050.02,Chennai,ATM,22,28.66,0
607,2446.02,Chennai,ATM,22,101.48,0
124,168.42,Mumbai,Online,15,21.26,0
26,4839.48,Chennai,POS,9,9.56,0
915,5411.07,Bangalore,POS,13,56.24,0
657,4905.79,Bangalore,POS,7,46.05,0
985,4064.7,Mumbai,Online,9,76.13,0
425,2290.38,Bangalore,Online,10,29.6,0
77,604.69,Delhi,ATM,20,73.76,0
795,1567.56,Hyderabad,Online,10,51.6,0
742,4471.82,Hyderabad,POS,12,38.71,0
163,7960.12,Delhi,POS,22,21.58,0
803,3971.68,Hyderabad,POS,16,66.36,0
868,8363.19,Chennai,POS,10,51.23,1
230,5084.66,Delhi,POS,19,39.74,0
992,153.03,Bangalore,POS,9,49.44,0
401,5092.66,Hyderabad,POS,9,53.56,0
293,47316.0,Delhi,Online,1,155.0,1
584,5281.42,Bangalore,ATM,9,62.25,0
361,823.86,Bangalore,Online,16,89.93,0
909,2380.57,Mumbai,Online,6,21.24,0
152,54107.0,Delhi,ATM,15,197.0,1
191,3447.01,Mumbai,POS,17,32.68,0
955,2801.46,Bangalore,ATM,16,22.05,0
122,1448.78,Chennai,POS,16,51.62,0
205,1324.92,Delhi,Online,22,21.58,0
278,5449.42,Delhi,Online,21,49.53,0
362,4368.05,Hyderabad,Online,11,47.46,0
627,3584.38,Bangalore,POS,12,33.92,0
681,19655.0,Mumbai,Online,4,27.0,1
552,1854.24,Mumbai,ATM,16,6.41,0
261,722.89,Mumbai,POS,17,49.53,0
651,37072.0,Delhi,Online,5,463.0,1
19,4453.61,Bangalore,ATM,8,85.13,0
28,494.91,Hyderabad,ATM,17,62.99,0
19,622.11,Bangalore,POS,15,32.76,0
229,1283.14,Mumbai,ATM,9,19.49,0
860,5910.53,Mumbai,POS,8,105.24,0
223,5720.62,Mumbai,POS,9,17.21,0
442,1775.67,Bangalore,ATM,7,16.37,0
433,6638.66,Delhi,ATM,21,51.55,0
140,2045.21,Chennai,Online,7,36.37,0
565,2843.01,Delhi,Online,20,35.99,0
178,1565.46,Chennai,POS,23,34.33,0
729,456.78,Hyderabad,ATM,13,7.49,0
956,3958.74,Delhi,Online,10,7.14,0
606,5245.28,Hyderabad,Online,10,39.89,0
369,1765.77,Bangalore,ATM,20,106.32,0
467,36.13,Delhi,ATM,16,55.55,0
110,3236.16,Hyderabad,POS,17,63.76,0
103,32246.0,Chennai,Online,3,27.0,1
195,986.09,Hyderabad,ATM,23,2.69,0
853,1532.39,Delhi,Online,6,60.65,0
815,1471.41,Bangalore,ATM,23,127.2,0
680,2411.28,Hyderabad,ATM,20,63.09,0
58,4425.72,Hyderabad,POS,13,8.18,0
182,249.09,Mumbai,Online,7,26.6,0
997,28346.0,Bangalore,POS,1,26.0,1
422,3540.3,Bangalore,POS,20,18.63,0
813,2509.02,Hyderabad,POS,19,71.81,0
425,8219.84,Chennai,Online,16,52.72,0
298,7598.28,Delhi,POS,10,21.47,0
67,4115.65,Hyderabad,ATM,20,76.93,0
976,699.0,Chennai,Online,14,14.28,0
507,7223.71,Bangalore,Online,18,38.75,0
518,48421.0,Delhi,POS,11,149.0,1
899,2033.39,Bangalore,POS,8,86.4,0
568,5600.29,Mumbai,Online,6,31.61,0
736,1872.87,Chennai,Online,9,11.93,0
183,2855.85,Bangalore,POS,19,88.99,0
405,2725.7,Chennai,ATM,21,118.35,0
349,703.83,Hyderabad,Online,18,9.02,0
648,890.82,Chennai,POS,22,44.26,1
731,1550.75,Delhi,POS,21,30.87,0
280,3582.69,Mumbai,ATM,15,118.52,0
738,3403.4,Bangalore,ATM,17,67.51,0
132,2208.28,Hyderabad,Online,7,93.9,0
354,9205.35,Chennai,POS,20,36.55,0
340,987.98,Mumbai,ATM,12,17.44,0
241,2855.8,Bangalore,ATM,17,32.82,0
697,4105.28,Bangalore,Online,14,33.01,0
806,2030.95,Bangalore,ATM,23,21.81,0
331,3213.41,Chennai,Online,15,102.75,0
605,5069.79,Chennai,ATM,6,36.74,0
489,5098.7,Mumbai,POS,6,8.55,0
423,485.2,Hyderabad,POS,7,27.39,0
271,38199.0,Bangalore,POS,4,38.0,1
156,1634.14,Chennai,ATM,9,11.1,0
175,5634.82,Mumbai,ATM,18,13.77,0
673,418.17,Chennai,Online,10,107.13,0
202,655.87,Hyderabad,ATM,10,17.68,0
334,3363.97,Bangalore,ATM,12,46.83,0
11,5716.45,Hyderabad,Online,7,41.86,0
181,6685.15,Mumbai,POS,15,23.96,0
862,2307.38,Bangalore,POS,8,11.97,0
388,2801.67,Hyderabad,POS,12,62.73,0
687,43779.0,Bangalore,ATM,5,351.0,1
306,2342.51,Hyderabad,Online,16,61.32,0
620,3085.0,Bangalore,ATM,12,96.43,0
64,3564.76,Mumbai,ATM,10,50.93,0
121,369.48,Chennai,ATM,8,39.39,0
58,5822.54,Bangalore,POS,7,26.38,0
860,27962.0,Delhi,Online,23,302.0,1
705,4626.27,Mumbai,POS,19,1.69,0
164,10048.89,Mumbai,POS,16,20.23,0
558,7243.49,Bangalore,ATM,7,6.93,0
306,2973.53,Hyderabad,POS,7,34.14,0
187,2954.29,Hyderabad,ATM,9,42.57,0
721,776.66,Bangalore,Online,7,8.77,0
588,3059.24,Chennai,Online,10,113.53,0
586,5169.36,Delhi,ATM,6,14.72,0
256,2005.24,Hyderabad,POS,15,57.05,0
512,1939.15,Mumbai,POS,8,70.81,0
177,3323.86,Delhi,Online,17,9.92,0
771,1551.81,Bangalore,POS,17,34.14,0
615,769.41,Mumbai,POS,17,32.63,0
133,3839.73,Delhi,POS,21,2.78,0
891,21388.0,Mumbai,Online,1,50.0,1
891,2110.7,Hyderabad,Online,13,64.47,0
148,1668.37,Bangalore,POS,21,10.75,0
744,211.05,Delhi,POS,19,31.54,0
966,3059.48,Hyderabad,POS,15,55.04,0
511,272.61,Delhi,POS,17,12.89,0
466,4386.41,Hyderabad,Online,9,22.61,0
946,47580.0,Delhi,Online,23,350.0,1
51,25357.0,Delhi,ATM,4,47.0,1
766,728.65,Hyderabad,Online,6,75.33,0
11,3105.35,Hyderabad,POS,23,49.21,0
844,1805.64,Hyderabad,ATM,14,104.29,0
446,2643.8,Mumbai,ATM,23,67.61,0
748,1765.1,Bangalore,ATM,12,8.33,0
805,2566.19,Bangalore,ATM,13,41.6,0
240,723.2,Bangalore,ATM,14,30.79,0
419,40712.0,Mumbai,POS,4,397.0,1
914,3958.81,Chennai,POS,8,75.37,0
186,257.31,Delhi,Online,23,162.03,0
511,914.04,Delhi,Online,16,67.39,0
119,252.15,Chennai,ATM,6,35.45,0
134,3973.07,Chennai,POS,21,66.45,0
657,1409.24,Mumbai,POS,8,109.44,0
973,241.99,Bangalore,Online,19,21.71,0
586,2745.83,Delhi,POS,9,46.1,0
96,1152.38,Delhi,ATM,13,18.08,0
374,713.64,Bangalore,POS,22,132.05,0
537,525.87,Delhi,POS,17,68.97,0
894,4579.38,Chennai,Online,9,9.31,0
627,605.63,Delhi,ATM,18,28.41,0
446,456.1,Hyderabad,ATM,11,79.29,0
257,1020.4,Bangalore,ATM,13,64.12,0
162,6047.63,Mumbai,POS,14,40.92,0
456,4367.92,Chennai,POS,8,39.44,0
775,2510.9,Hyderabad,ATM,16,83.03,0
607,177.71,Hyderabad,Online,10,15.33,0
834,4251.18,Chennai,Online,16,56.06,0
328,11299.77,Chennai,ATM,13,11.43,0
564,2435.97,Chennai,ATM,8,72.84,0
284,4754.87,Mumbai,ATM,19,11.9,0
674,2400.39,Bangalore,Online,10,65.21,0
240,340.6,Chennai,ATM,16,35.86,0
381,3341.68,Mumbai,POS,17,71.06,0
484,1648.5,Hyderabad,POS,23,59.36,0
406,41507.0,Chennai,POS,23,297.0,1
1,5180.19,Hyderabad,ATM,16,81.8,0
517,4704.73,Hyderabad,Online,21,1.82,0
477,5143.16,Bangalore,Online,7,181.45,0
481,2355.46,Hyderabad,POS,22,55.59,0
889,251.14,Bangalore,ATM,6,41.27,0
674,2824.41,Bangalore,POS,16,18.47,0
1000,3151.01,Chennai,POS,15,86.76,0
373,5940.58,Bangalore,POS,10,53.23,0
161,36891.0,Delhi,Online,21,41.0,1
627,4498.04,Mumbai,POS,10,56.05,0
152,4126.54,Mumbai,ATM,15,22.8,0
17,3200.67,Delhi,POS,8,28.84,0
436,1510.47,Chennai,ATM,20,90.75,0
599,2001.25,Bangalore,Online,14,29.89,0
324,9885.92,Hyderabad,POS,20,1.56,0
519,5891.26,Delhi,Online,21,68.45,0
323,419.73,Hyderabad,Online,17,14.84,0
402,734.46,Bangalore,Online,19,11.11,0
892,1356.15,Delhi,Online,20,1.7,0
998,7575.36,Chennai,Online,7,28.91,0
426,3448.53,Chennai,Online,23,36.98,0
398,3847.88,Hyderabad,ATM,6,5.86,0
188,1047.76,Hyderabad,ATM,13,18.34,0
899,5480.41,Mumbai,Online,15,66.31,0
743,1288.8,Delhi,Online,13,48.39,0
491,1426.25,Bangalore,POS,12,11.69,0
849,32389.0,Bangalore,POS,2,2.0,1
944,589.43,Bangalore,POS,9,0.92,0
166,6033.99,Bangalore,ATM,16,14.62,0
48,30753.0,Hyderabad,ATM,3,22.0,1
250,2415.85,Delhi,ATM,9,62.36,0
327,57924.0,Delhi,POS,14,246.0,1
13,1082.27,Mumbai,ATM,23,2.07,0
756,497.43,Chennai,Online,23,11.08,0
826,722.45,Bangalore,Online,12,14.0,0
516,2374.51,Delhi,ATM,10,37.79,0
22,813.89,Chennai,Online,15,13.87,0
61,5562.9,Delhi,POS,13,22.84,0
389,24.19,Chennai,ATM,9,29.95,0
651,7132.65,Bangalore,ATM,8,55.84,0
292,3652.58,Delhi,ATM,17,46.28,0
43,6329.86,Delhi,ATM,23,63.78,0
972,3710.28,Hyderabad,Online,10,63.43,0
24,1254.95,Hyderabad,POS,7,65.11,0
394,2481.3,Delhi,POS,13,13.43,0
665,378.27,Hyderabad,Online,13,51.29,0
404,3598.59,Mumbai,ATM,15,16.74,0
892,555.13,Delhi,ATM,22,71.82,0
100,6494.19,Hyderabad,POS,13,57.96,0
67,244.98,Delhi,POS,11,55.4,0
663,3948.14,Hyderabad,POS,19,45.41,0
254,4057.47,Chennai,Online,7,24.49,0
217,9009.11,Hyderabad,Online,14,30.2,0
894,53817.0,Delhi,ATM,23,213.0,1
863,1586.27,Delhi,Online,18,32.83,0
449,242.73,Hyderabad,POS,20,31.29,0
510,6123.3,Hyderabad,POS,9,10.9,0
993,3705.74,Hyderabad,POS,9,85.71,0
19,5085.39,Hyderabad,ATM,18,73.94,0
696,2176.19,Chennai,ATM,7,31.75,0
259,495.21,Bangalore,ATM,10,27.76,0
238,3476.54,Delhi,Online,19,129.23,0
452,5019.94,Hyderabad,ATM,18,73.28,0
888,1434.0,Hyderabad,ATM,21,20.01,0
655,352.41,Delhi,ATM,14,14.41,0
569,4168.35,Hyderabad,POS,22,26.25,0
463,328.94,Mumbai,POS,13,1.23,0
345,2405.25,Chennai,ATM,7,28.12,0
177,1965.22,Chennai,ATM,14,19.07,0
919,3900.08,Chennai,ATM,14,18.77,0
379,927.35,Delhi,ATM,17,33.3,0
513,4737.86,Mumbai,POS,19,56.93,0
293,4280.86,Delhi,ATM,8,3.32,0
860,444.13,Chennai,Online,20,27.36,0
261,2532.5,Bangalore,ATM,10,59.59,0
194,1485.87,Mumbai,ATM,13,52.32,0
954,489.47,Mumbai,ATM,11,33.35,0
687,2139.07,Bangalore,ATM,9,63.37,0
268,966.03,Delhi,Online,11,102.63,0
127,1442.46,Mumbai,ATM,10,2.19,0
350,1335.24,Hyderabad,Online,10,21.37,0
441,2662.32,Chennai,Online,23,13.31,0
126,1935.51,Delhi,ATM,8,30.63,0
590,720.5,Delhi,Online,17,14.33,0
888,6150.37,Chennai,ATM,18,37.97,0
516,4490.84,Hyderabad,ATM,22,71.31,0
714,3587.83,Mumbai,ATM,8,56.42,0
193,2748.04,Chennai,POS,11,20.21,0
217,1461.84,Chennai,POS,13,93.88,0
482,4792.94,Mumbai,Online,10,21.52,0
129,3128.38,Bangalore,ATM,15,18.38,0
630,3372.99,Hyderabad,POS,9,40.94,0
865,3090.05,Bangalore,POS,20,1.41,0
469,2857.35,Hyderabad,POS,10,26.22,0
297,254.81,Hyderabad,Online,8,68.69,0
501,1164.64,Bangalore,Online,18,38.89,0
267,1855.26,Hyderabad,Online,16,28.59,0
665,665.09,Bangalore,POS,22,15.25,0
192,2525.2,Chennai,ATM,9,40.4,0
729,8172.29,Chennai,ATM,20,32.97,0
350,249.69,Chennai,Online,23,30.91,0
227,3711.99,Chennai,POS,16,59.72,0
681,39140.0,Delhi,Online,16,8.0,1
287,1628.53,Chennai,Online,13,58.82,0
551,4125.34,Chennai,POS,13,42.82,0
857,2501.61,Hyderabad,POS,17,26.48,0
74,745.35,Delhi,POS,13,22.97,0
558,30882.0,Chennai,ATM,2,16.0,1
87,138.48,Bangalore,ATM,6,3.85,0
867,5084.32,Bangalore,ATM,7,55.45,0
39,36398.0,Delhi,ATM,2,9.0,1
620,1001.18,Delhi,Online,23,42.86,0
150,776.48,Bangalore,POS,9,8.66,0
795,36.3,Chennai,ATM,10,62.03,0
543,3052.17,Chennai,ATM,21,30.3,0
912,1809.62,Chennai,ATM,10,68.36,0
906,6470.51,Chennai,POS,21,51.7,0
189,4812.94,Bangalore,POS,18,11.62,0
384,5828.73,Hyderabad,Online,19,6.85,0
782,2197.3,Mumbai,Online,15,26.98,0
977,11569.72,Mumbai,Online,22,77.22,0
465,4113.39,Delhi,Online,6,35.64,0
11,2440.77,Mumbai,Online,7,30.66,0
810,4476.33,Bangalore,Online,18,17.02,0
494,1383.57,Mumbai,POS,15,14.06,0
526,558.25,Bangalore,POS,22,17.56,0
864,587.23,Mumbai,Online,13,11.37,0
234,4261.41,Delhi,Online,10,7.35,0
847,837.34,Mumbai,POS,20,20.16,0
179,23386.0,Delhi,POS,1,7.0,1
693,4101.55,Delhi,ATM,17,45.36,0
657,2791.97,Hyderabad,ATM,15,75.88,0
275,3730.97,Chennai,Online,21,12.89,0
852,3929.21,Mumbai,POS,14,32.62,0
222,4270.8,Hyderabad,POS,13,91.2,0
359,2670.37,Delhi,POS,6,60.24,0
941,2525.84,Mumbai,POS,21,30.08,0
14,953.85,Bangalore,POS,20,39.81,0
632,3058.95,Mumbai,Online,20,20.05,0
98,8341.03,Chennai,Online,17,21.24,0
724,6330.33,Delhi,Online,12,27.62,0
826,26.93,Bangalore,POS,19,49.96,0
119,3707.22,Delhi,ATM,6,11.79,0
633,2808.89,Mumbai,ATM,11,19.85,1
959,487.36,Mumbai,ATM,7,47.97,0
213,1338.18,Bangalore,POS,14,6.0,0
396,2849.46,Mumbai,Online,9,23.26,0
300,2297.98,Hyderabad,Online,12,74.31,0
66,2373.55,Bangalore,Online,15,0.13,0
944,3302.54,Chennai,ATM,9,21.83,0
653,4311.19,Chennai,POS,8,36.9,0
727,4163.54,Delhi,ATM,20,77.55,0
239,4660.87,Mumbai,ATM,13,1.98,0
378,1378.7,Bangalore,Online,17,93.39,0
113,1296.83,Chennai,Online,11,13.66,0
996,3220.18,Bangalore,ATM,9,26.92,0
425,2456.66,Bangalore,Online,11,65.76,0
172,29606.0,Delhi,Online,4,28.0,1
594,3369.82,Bangalore,Online,21,14.91,0
155,10080.95,Bangalore,POS,21,18.47,0
694,704.42,Mumbai,ATM,9,33.74,0
476,56461.0,Delhi,POS,22,465.0,1
732,5843.63,Hyderabad,Online,9,8.64,0
109,184.74,Chennai,Online,8,45.35,0
741,2151.06,Mumbai,ATM,22,41.26,0
374,7354.2,Bangalore,ATM,12,38.33,0
689,17436.0,Delhi,Online,4,45.0,1
945,3923.69,Bangalore,ATM,16,53.5,0
967,7139.12,Chennai,POS,17,70.49,0
834,3329.01,Delhi,Online,9,55.19,0
815,667.8,Bangalore,ATM,8,48.81,0
397,1026.67,Chennai,Online,9,8.35,0
463,7257.69,Mumbai,Online,22,30.07,0
666,78.38,Mumbai,Online,13,65.56,0
482,3180.58,Delhi,ATM,14,66.2,0
66,1260.79,Delhi,ATM,10,61.92,0
741,8327.57,Bangalore,POS,10,48.21,0
77,4381.05,Delhi,Online,14,18.48,0
177,435.99,Chennai,Online,14,48.06,0
485,2528.25,Delhi,POS,18,10.89,0
148,3323.17,Hyderabad,Online,10,25.18,0
864,3936.14,Bangalore,ATM,10,35.27,0
816,2162.74,Hyderabad,ATM,18,18.52,0
531,3667.59,Hyderabad,ATM,9,8.63,0
347,54.05,Mumbai,ATM,19,22.95,0
151,3808.74,Bangalore,ATM,19,33.03,0
193,195.96,Mumbai,Online,19,94.35,0
277,1127.63,Delhi,Online,19,44.39,0
332,2247.61,Delhi,Online,9,37.56,0
219,2323.63,Chennai,Online,15,2.77,0
761,7026.13,Mumbai,POS,9,34.86,0
13,55615.0,Delhi,POS,21,23.0,1
439,3528.91,Delhi,ATM,18,53.24,0
571,2175.62,Hyderabad,Online,6,36.49,0
713,6915.11,Delhi,POS,15,77.48,0
858,4170.67,Mumbai,ATM,13,36.05,0
671,188.03,Hyderabad,ATM,13,31.38,0
618,123.08,Chennai,POS,19,20.24,0
369,771.75,Delhi,Online,8,85.81,0
862,2720.71,Delhi,Online,14,71.61,0
815,2126.75,Bangalore,Online,8,14.47,0
119,2511.01,Hyderabad,ATM,23,46.67,0
459,6110.24,Chennai,POS,17,25.66,0
22,682.09,Delhi,Online,17,12.78,0
585,7460.38,Chennai,POS,14,77.38,0
157,4736.29,Hyderabad,Online,18,49.78,0
759,4108.35,Hyderabad,POS,11,67.94,0
437,27961.0,Delhi,Online,11,402.0,1
739,640.11,Bangalore,Online,21,57.75,0
914,2217.01,Chennai,POS,23,30.88,0
764,1175.06,Bangalore,POS,12,26.01,0
126,9465.94,Chennai,ATM,16,16.81,0
900,3095.72,Mumbai,Online,13,51.12,0
190,3541.26,Bangalore,ATM,10,30.95,0
845,6324.59,Mumbai,POS,17,26.71,0
914,3805.79,Bangalore,Online,20,46.93,0
981,31208.0,Bangalore,POS,5,321.0,1
194,235.95,Delhi,POS,21,79.4,0
502,111.58,Mumbai,Online,15,80.31,0
13,3336.91,Mumbai,Online,20,79.45,0
918,254.03,Chennai,ATM,22,79.25,0
633,5499.85,Delhi,Online,16,8.76,0
881,4695.03,Hyderabad,Online,16,28.79,0
891,43831.0,Hyderabad,ATM,11,343.0,1
820,43331.0,Delhi,POS,12,151.0,1
501,398.51,Hyderabad,ATM,20,64.19,0
534,7043.9,Chennai,ATM,8,15.36,0
153,1129.71,Delhi,Online,9,9.97,0
652,2549.84,Mumbai,Online,9,55.23,0
337,5864.75,Chennai,Online,14,13.69,0
591,2076.2,Hyderabad,ATM,9,92.22,0
143,1964.28,Mumbai,Online,13,40.49,0
929,3143.14,Bangalore,Online,22,97.67,0
908,6038.87,Bangalore,Online,15,1.54,0
851,3428.86,Mumbai,ATM,6,5.83,0
999,8174.43,Bangalore,POS,12,67.45,0
174,2519.06,Chennai,ATM,23,20.02,0
385,6344.55,Hyderabad,Online,12,38.98,0
382,6685.88,Mumbai,Online,20,99.68,0
309,3393.68,Hyderabad,POS,23,15.77,0
824,7279.13,Chennai,Online,20,87.32,0
666,2108.51,Mumbai,POS,9,86.78,0
813,7359.34,Chennai,POS,14,13.72,0
406,9425.8,Delhi,ATM,15,8.43,0
877,1366.44,Chennai,Online,16,53.29,0
941,948.63,Hyderabad,POS,10,14.27,0
940,6238.3,Chennai,POS,9,10.96,0
29,3095.05,Mumbai,POS,13,28.37,0
330,98.88,Mumbai,POS,23,53.26,0
493,4098.57,Hyderabad,Online,16,83.57,0
754,4732.6,Bangalore,Online,17,64.51,0
302,17.29,Mumbai,Online,7,50.2,0
17,7915.35,Bangalore,POS,21,24.43,0
912,7409.21,Bangalore,Online,13,17.47,0
587,565.91,Chennai,POS,19,24.81,0
107,46891.0,Delhi,Online,10,380.0,1
251,4157.73,Chennai,Online,14,55.59,0
236,895.29,Hyderabad,Online,20,31.73,1
971,66.66,Hyderabad,POS,12,64.45,0
100,796.21,Hyderabad,Online,7,27.55,0
294,31952.0,Bangalore,Online,2,2.0,1
401,3574.79,Delhi,ATM,15,67.61,0
442,2429.62,Bangalore,Online,10,27.6,0
809,38913.0,Mumbai,POS,10,491.0,1
25,1540.09,Mumbai,ATM,20,41.45,0
123,141.81,Bangalore,Online,7,42.57,0
489,4408.99,Hyderabad,Online,13,19.35,0
999,1062.11,Chennai,POS,9,101.0,0
772,4849.65,Bangalore,POS,14,51.05,0
446,2026.37,Bangalore,POS,23,66.38,0
845,5638.11,Delhi,ATM,11,23.31,0
323,649.94,Delhi,Online,17,125.6,0
682,120.91,Bangalore,ATM,6,47.11,0
179,3696.28,Bangalore,POS,21,29.51,0
616,2856.0,Mumbai,Online,6,28.82,0
906,2825.82,Chennai,ATM,7,7.4,0
645,6543.85,Bangalore,POS,21,55.63,0
74,5074.37,Delhi,ATM,17,51.12,0
264,4105.2,Chennai,Online,7,65.85,0
39,1732.2,Bangalore,ATM,17,83.45,0
474,1793.12,Mumbai,ATM,23,39.56,0
360,205.58,Bangalore,Online,15,52.12,0
565,577.97,Mumbai,ATM,18,19.83,0
324,5142.71,Chennai,Online,12,45.01,0
714,8670.97,Delhi,POS,8,40.31,0
520,1401.23,Chennai,ATM,17,7.26,0
674,747.04,Hyderabad,POS,9,14.5,0
338,1898.98,Delhi,Online,9,32.05,0
23,7058.67,Chennai,ATM,14,64.36,0
444,4164.99,Bangalore,ATM,18,4.94,0
839,7712.5,Chennai,POS,7,27.04,0
915,930.28,Mumbai,POS,13,2.39,0
470,2129.72,Chennai,Online,17,47.14,0
385,310.61,Hyderabad,ATM,15,79.25,0
608,778.93,Delhi,POS,22,14.7,0
778,2910.53,Delhi,Online,23,88.97,0
521,1598.36,Chennai,Online,13,38.17,0
648,1521.26,Delhi,ATM,11,21.69,0
469,773.52,Delhi,POS,8,17.04,0
273,32375.0,Chennai,Online,5,19.0,1
317,99.81,Hyderabad,ATM,18,18.69,0
994,8933.06,Mumbai,POS,15,27.18,0
864,1055.57,Bangalore,POS,6,7.42,0
489,72.06,Bangalore,ATM,21,64.91,0
261,5122.66,Bangalore,Online,20,16.55,0
330,4464.94,Mumbai,ATM,9,4.7,0
876,472.52,Chennai,ATM,10,32.04,0
586,4729.03,Bangalore,ATM,20,20.53,0
711,47677.0,Hyderabad,Online,2,406.0,1
916,413.66,Bangalore,ATM,10,32.81,0
674,803.85,Mumbai,Online,20,47.26,0
594,6459.78,Chennai,POS,17,120.28,0
878,2343.2,Hyderabad,Online,6,76.79,0
867,9335.37,Mumbai,POS,19,13.41,0
678,4249.12,Delhi,ATM,21,8.23,0
939,419.25,Chennai,ATM,7,36.1,0
462,6767.04,Bangalore,Online,10,57.8,0
975,7840.75,Chennai,ATM,17,12.77,0
263,2873.76,Chennai,POS,23,3.36,0
832,1148.75,Delhi,ATM,12,42.09,0
973,54008.0,Delhi,ATM,8,182.0,1
727,2262.03,Bangalore,ATM,19,29.46,0
848,3335.73,Delhi,Online,6,18.5,0
342,2873.05,Hyderabad,ATM,12,93.76,0
703,1896.85,Bangalore,POS,21,47.84,0
641,8164.53,Mumbai,ATM,18,75.33,0
689,5469.51,Hyderabad,ATM,7,5.33,0
569,2698.93,Delhi,Online,19,55.91,0
24,3506.74,Bangalore,POS,23,23.72,0
652,2080.16,Bangalore,ATM,15,61.36,0
177,1633.32,Hyderabad,ATM,12,91.74,0
48,4715.29,Bangalore,POS,18,6.47,0
443,1563.81,Bangalore,ATM,20,34.03,0
263,6572.55,Bangalore,Online,19,15.08,0
578,39660.0,Delhi,POS,12,98.0,1
342,2442.09,Bangalore,Online,16,10.91,0
353,7356.07,Bangalore,POS,8,8.44,0
628,1921.48,Chennai,ATM,22,83.17,0
55,2451.03,Chennai,Online,22,66.85,0
221,743.84,Delhi,POS,6,0.26,0
970,6463.3,Delhi,Online,11,23.82,0
443,1556.1,Mumbai,ATM,15,22.83,0
4,977.46,Bangalore,POS,17,10.69,0
628,2347.91,Mumbai,POS,15,12.33,0
270,5851.06,Chennai,Online,23,87.07,0
474,33623.0,Hyderabad,ATM,11,361.0,1
85,578.25,Chennai,Online,13,15.56,0
928,4032.74,Chennai,ATM,18,85.82,0
697,4165.47,Hyderabad,ATM,10,24.55,0
971,43272.0,Bangalore,ATM,6,422.0,1
693,4009.63,Delhi,Online,22,43.69,0
395,793.14,Bangalore,Online,15,19.64,0
646,6387.48,Chennai,POS,13,0.37,1
749,2398.34,Bangalore,ATM,10,2.13,0
82,42696.0,Delhi,Online,2,205.0,1
972,4951.58,Delhi,Online,11,11.03,0
633,2915.38,Delhi,POS,15,15.62,0
720,1473.91,Bangalore,Online,18,34.03,0
736,4302.56,Bangalore,POS,13,108.63,0
901,6157.3,Hyderabad,ATM,8,57.22,0
876,4573.88,Bangalore,ATM,11,23.16,0
492,263.2,Hyderabad,ATM,8,13.1,0
19,4128.2,Mumbai,POS,18,57.96,0
981,1715.91,Delhi,Online,15,5.95,0
325,3402.79,Chennai,POS,22,38.4,0
19,5538.68,Delhi,Online,6,54.22,0
105,2070.08,Mumbai,POS,14,43.4,0
705,1857.17,Chennai,Online,19,1.31,0
542,35326.0,Delhi,ATM,4,14.0,1
597,1869.75,Mumbai,Online,8,29.99,0
117,2471.87,Hyderabad,ATM,17,94.72,0
864,1616.46,Chennai,Online,21,11.55,0
48,37.81,Chennai,POS,20,76.13,0
196,588.31,Bangalore,ATM,19,80.84,0
822,6881.53,Mumbai,Online,11,87.55,0
723,21983.0,Mumbai,POS,4,13.0,1
649,2287.14,Chennai,Online,9,9.98,0
967,6745.41,Mumbai,ATM,11,62.23,0
819,41179.0,Delhi,POS,5,486.0,1
268,4334.81,Chennai,ATM,8,110.96,0
391,4718.03,Hyderabad,ATM,18,26.18,0
938,1946.0,Chennai,ATM,13,94.13,0
740,8454.72,Delhi,ATM,8,19.34,0
571,4009.96,Chennai,Online,15,94.91,0
85,5975.64,Mumbai,Online,9,7.65,0
336,2559.73,Bangalore,Online,10,79.53,0
615,269.57,Delhi,ATM,21,4.77,0
428,2633.52,Delhi,ATM,22,9.93,0
341,1121.98,Delhi,ATM,17,29.23,1
280,5634.97,Delhi,ATM,14,22.24,0
397,3846.47,Delhi,POS,22,34.94,0
113,6871.47,Bangalore,ATM,14,16.16,0
757,609.71,Bangalore,ATM,9,27.45,0
308,11867.17,Chennai,ATM,7,44.76,0
570,10217.88,Chennai,POS,21,38.44,0
884,120.34,Bangalore,Online,23,27.4,0
504,7351.92,Bangalore,ATM,7,101.48,0
752,283.99,Delhi,ATM,10,22.66,0
947,2297.8,Mumbai,POS,18,51.23,0
645,6670.06,Hyderabad,Online,17,11.99,0
67,12.15,Chennai,Online,20,28.01,0
674,3262.38,Mumbai,ATM,22,14.06,0
633,16409.0,Delhi,Online,3,9.0,1
577,2546.15,Chennai,ATM,10,1.31,0
950,4997.86,Bangalore,POS,23,46.81,0
670,959.31,Bangalore,POS,8,40.53,0
226,1246.88,Hyderabad,ATM,10,46.84,0
232,2454.17,Bangalore,ATM,19,22.16,0
700,2794.56,Delhi,Online,20,6.54,0
331,4651.46,Bangalore,ATM,6,26.65,0
852,1064.17,Delhi,Online,23,21.58,0
6,5955.14,Bangalore,POS,14,18.48,0
291,29960.0,Hyderabad,POS,4,6.0,1
495,3217.97,Chennai,ATM,19,6.48,0
705,3290.95,Mumbai,Online,23,22.73,0
307,2341.01,Chennai,ATM,12,65.39,0
651,821.02,Mumbai,Online,17,56.47,0
975,1884.37,Delhi,POS,21,48.53,0
201,3795.97,Bangalore,ATM,7,60.29,0
695,1116.31,Mumbai,POS,7,40.91,0
599,3259.98,Delhi,POS,20,9.28,0
792,2582.77,Hyderabad,POS,6,15.36,0
688,1337.28,Delhi,ATM,10,0.54,0
222,8716.28,Chennai,POS,23,50.47,0
367,9451.95,Chennai,Online,18,14.85,0
173,1755.1,Bangalore,POS,13,56.61,0
232,35285.0,Chennai,ATM,3,39.0,1
449,438.7,Chennai,ATM,19,105.1,0
587,443.9,Delhi,POS,18,105.96,0
765,1740.09,Chennai,Online,17,42.67,0
883,986.31,Bangalore,Online,10,6.81,0
634,4779.26,Delhi,ATM,17,32.54,0
563,37688.0,Chennai,POS,8,407.0,1
820,46280.0,Bangalore,Online,17,470.0,1
549,45421.0,Delhi,Online,3,386.0,1
656,761.05,Bangalore,ATM,23,3.33,0
295,48314.0,Mumbai,Online,18,443.0,1
284,1052.81,Mumbai,POS,16,35.73,0
732,673.89,Hyderabad,POS,21,61.39,0
394,3494.49,Mumbai,ATM,17,90.87,0
6,981.02,Bangalore,POS,7,28.63,0
970,4229.28,Hyderabad,Online,7,84.26,0
16,5362.9,Hyderabad,POS,6,35.09,0
467,5270.59,Delhi,Online,12,75.82,1
967,444.51,Delhi,POS,7,35.56,0
122,5683.92,Hyderabad,ATM,21,9.17,0
494,4546.22,Hyderabad,POS,6,36.79,0
185,596.92,Chennai,ATM,11,19.35,0
514,5891.45,Chennai,ATM,11,28.77,0
230,2384.6,Delhi,POS,10,29.13,0
370,1068.14,Delhi,Online,9,7.69,0
161,358.6,Chennai,Online,20,38.02,0
486,2868.82,Delhi,Online,17,32.24,0
887,441.97,Chennai,POS,14,36.95,0
26,1776.28,Chennai,ATM,9,57.19,0
992,6529.59,Chennai,ATM,14,26.3,0
43,48244.0,Delhi,ATM,2,169.0,1
937,8460.93,Mumbai,Online,21,40.24,0
640,5260.65,Bangalore,POS,14,26.08,0
524,622.77,Hyderabad,Online,7,27.24,0
155,1852.66,Mumbai,Online,7,39.0,0
53,4019.6,Mumbai,ATM,7,37.2,0
153,978.98,Chennai,Online,21,35.83,0
866,1675.94,Chennai,Online,16,0.51,0
834,860.53,Mumbai,ATM,18,23.48,0
891,8797.71,Delhi,Online,19,15.24,0
710,709.46,Delhi,POS,16,37.98,0
611,27216.0,Chennai,ATM,4,35.0,1
557,333.55,Chennai,ATM,18,43.45,0
809,165.63,Chennai,POS,20,101.61,0
593,3044.32,Bangalore,Online,13,21.0,0
778,243.92,Mumbai,Online,14,15.69,0
845,6128.25,Mumbai,POS,22,53.44,0
778,13.83,Hyderabad,ATM,6,18.08,0
333,1962.94,Mumbai,ATM,6,3.56,0
25,2483.68,Mumbai,POS,19,9.99,0
440,1711.35,Bangalore,Online,21,21.4,0
399,4070.33,Mumbai,ATM,16,55.97,0
519,1774.84,Bangalore,Online,19,21.53,0
366,4493.17,Bangalore,Online,22,11.06,0
569,5024.47,Mumbai,Online,12,11.17,0
45,221.79,Chennai,Online,23,123.88,0
476,7467.23,Bangalore,ATM,9,33.38,0
945,5426.73,Chennai,Online,22,101.3,0
898,372.65,Bangalore,Online,18,13.5,0
957,41563.0,Chennai,ATM,20,416.0,1
588,1302.06,Chennai,ATM,18,14.5,0
517,5660.08,Hyderabad,Online,11,29.3,0
49,3640.96,Mumbai,ATM,11,90.09,0
273,374.93,Hyderabad,Online,19,33.51,0
77,6049.95,Hyderabad,Online,11,4.68,0
104,4713.34,Hyderabad,ATM,20,20.59,1
127,8440.33,Chennai,POS,12,2.83,0
743,2450.98,Hyderabad,ATM,14,58.16,0
544,54792.0,Delhi,ATM,1,483.0,1
547,2871.66,Delhi,ATM,16,88.97,0
940,4091.09,Mumbai,ATM,7,46.22,0
222,6087.87,Hyderabad,POS,6,41.0,0
433,2491.69,Bangalore,ATM,7,38.19,0
656,3336.84,Hyderabad,ATM,15,33.26,0
25,5185.95,Hyderabad,Online,12,27.35,0
178,46958.0,Delhi,Online,22,472.0,1
130,1552.5,Hyderabad,POS,21,18.33,0
917,4301.84,Delhi,ATM,23,7.75,0
101,1967.59,Bangalore,Online,8,86.57,0
172,40663.0,Bangalore,Online,10,421.0,1
609,1396.89,Delhi,Online,12,129.65,0
509,39731.0,Chennai,ATM,23,307.0,1
632,4178.33,Bangalore,Online,7,19.43,0
845,1465.02,Bangalore,POS,14,2.37,0
411,5511.59,Chennai,Online,16,14.53,0
302,3740.76,Bangalore,Online,9,7.42,0
715,7830.47,Delhi,ATM,16,47.11,0
324,45853.0,Delhi,ATM,4,134.0,1
433,5746.67,Mumbai,POS,11,19.22,0
57,29432.0,Bangalore,POS,13,433.0,1
444,5184.41,Chennai,ATM,14,5.63,0
530,2340.1,Mumbai,POS,19,91.75,0
539,1138.33,Mumbai,POS,10,20.16,0
855,3324.02,Hyderabad,POS,18,36.0,0
367,657.65,Delhi,ATM,22,114.31,0
192,1894.8,Bangalore,Online,7,82.94,0
412,5655.2,Delhi,POS,23,105.04,0
936,2774.68,Bangalore,POS,8,33.44,0
853,6485.83,Mumbai,ATM,10,83.85,0
642,2829.38,Bangalore,Online,7,14.42,0
153,2585.98,Bangalore,ATM,18,89.61,0
38,1454.2,Bangalore,Online,15,20.41,0
38,2944.17,Chennai,Online,7,33.48,0
441,3333.72,Hyderabad,ATM,15,1.1,0
319,26269.0,Bangalore,POS,3,263.0,1
875,3875.26,Bangalore,POS,15,35.88,0
667,6270.81,Chennai,POS,16,19.35,0
732,1042.43,Hyderabad,POS,22,65.91,0
469,1400.35,Mumbai,Online,21,1.27,0
204,2423.28,Bangalore,ATM,17,12.07,0
923,2312.29,Chennai,Online,20,0.62,0
545,2208.03,Bangalore,Online,9,19.07,0
96,1995.06,Delhi,Online,10,18.28,0
974,6132.41,Delhi,Online,10,4.05,0
431,23034.0,Delhi,POS,3,36.0,1
144,58472.0,Delhi,ATM,11,31.0,1
292,1524.45,Bangalore,POS,14,3.65,0
422,505.91,Hyderabad,ATM,17,39.73,0
859,53612.0,Delhi,ATM,23,255.0,1
655,25368.0,Mumbai,Online,5,47.0,1
72,1566.03,Delhi,Online,22,95.49,0
861,26629.0,Bangalore,ATM,3,456.0,1
21,45551.0,Hyderabad,ATM,4,497.0,1
286,5498.97,Delhi,Online,13,2.35,0
999,4156.83,Delhi,ATM,20,9.66,0
972,37715.0,Chennai,ATM,3,45.0,1
920,2111.87,Bangalore,Online,14,8.07,0
783,4309.37,Delhi,POS,21,81.65,0
889,4405.94,Hyderabad,Online,15,56.1,0
815,4779.1,Bangalore,POS,8,37.56,0
611,1427.86,Hyderabad,ATM,15,95.05,0
629,7423.23,Hyderabad,POS,13,1.69,0
652,897.91,Chennai,Online,22,40.62,0
365,3662.44,Hyderabad,ATM,7,0.1,0
888,1760.08,Delhi,POS,8,25.29,1
659,3664.31,Hyderabad,POS,8,46.29,0
869,3057.88,Delhi,Online,14,3.56,0
360,4992.01,Delhi,Online,10,13.29,0
229,615.23,Delhi,ATM,7,0.97,0
479,3247.91,Hyderabad,Online,19,0.89,0
222,4075.31,Mumbai,POS,16,26.99,0
300,6571.99,Bangalore,POS,14,3.15,0
635,3471.94,Bangalore,Online,9,49.64,0
168,9038.57,Chennai,Online,11,17.24,0
653,1142.56,Hyderabad,Online,16,52.4,0
787,7607.18,Hyderabad,POS,12,6.13,0
651,40977.0,Chennai,ATM,11,264.0,1
380,36654.0,Delhi,Online,20,205.0,1
223,4533.24,Bangalore,Online,14,71.44,0
895,5061.2,Mumbai,Online,19,16.28,0
157,105.42,Bangalore,POS,22,5.94,0
757,3385.8,Bangalore,POS,13,55.41,0
947,3011.84,Bangalore,POS,16,9.0,0
994,3676.14,Hyderabad,POS,19,53.0,0
200,3148.83,Chennai,POS,15,31.81,0
275,1465.78,Hyderabad,POS,13,57.39,0
937,2159.05,Hyderabad,Online,22,94.66,0
828,6534.25,Hyderabad,Online,9,35.57,0
940,3830.19,Delhi,POS,16,43.84,0
951,4222.58,Hyderabad,POS,21,23.76,0
370,2762.98,Mumbai,Online,12,81.21,0
664,2486.05,Mumbai,Online,12,9.8,0
837,876.03,Bangalore,Online,19,90.76,0
880,3790.01,Delhi,POS,7,23.09,0
822,1427.76,Chennai,Online,11,73.92,0
435,2161.58,Hyderabad,POS,17,19.84,0
842,560.02,Bangalore,Online,6,3.94,0
652,2212.41,Delhi,Online,22,31.5,0
55,969.08,Bangalore,Online,9,33.87,0
3,7068.02,Mumbai,ATM,18,130.58,0
214,2439.86,Hyderabad,ATM,11,27.84,0
948,37135.0,Mumbai,Online,4,49.0,1
528,6436.36,Bangalore,ATM,12,62.34,0
765,1005.68,Mumbai,POS,14,24.81,0
212,1488.61,Mumbai,POS,6,4.0,0
457,602.52,Chennai,ATM,15,10.63,0
624,2091.53,Chennai,POS,18,21.07,0
324,57353.0,Delhi,POS,12,90.0,1
208,898.46,Chennai,POS,10,1.54,0
458,36624.0,Bangalore,POS,7,365.0,1
663,4439.54,Delhi,POS,9,2.58,0
160,4484.11,Chennai,Online,12,39.29,0
545,3724.59,Mumbai,Online,21,79.39,0
108,1368.17,Delhi,ATM,19,13.66,0
80,7299.9,Bangalore,POS,20,2.87,0
816,6455.37,Chennai,POS,16,0.15,0
277,2414.82,Chennai,Online,6,120.86,0
402,6011.81,Delhi,ATM,18,25.69,0
473,2995.69,Bangalore,ATM,20,1.3,0
743,1875.05,Bangalore,ATM,15,43.53,0
61,815.25,Bangalore,POS,16,64.28,0
812,1567.39,Mumbai,Online,13,16.09,0
803,813.83,Bangalore,POS,11,69.81,0
720,6402.6,Chennai,ATM,9,69.24,0
974,3487.31,Mumbai,ATM,13,24.49,0
810,1657.81,Mumbai,ATM,11,2.29,0
1,53307.0,Delhi,ATM,2,325.0,1
208,61.58,Hyderabad,POS,18,81.28,0
889,5181.13,Chennai,Online,19,24.79,0
407,5597.83,Mumbai,ATM,20,54.09,0
591,3680.15,Chennai,Online,20,40.64,0
588,164.06,Bangalore,ATM,19,102.89,0
107,2139.38,Delhi,ATM,20,25.1,0
953,62.77,Chennai,POS,20,36.56,0
431,3441.89,Mumbai,Online,22,20.88,0
526,378.06,Bangalore,POS,22,61.92,0
481,1819.77,Hyderabad,POS,22,69.81,0
157,170.24,Mumbai,ATM,17,6.95,0
544,6361.02,Hyderabad,POS,19,46.11,0
458,42140.0,Delhi,Online,22,119.0,1
968,190.98,Bangalore,Online,16,28.44,0
834,6864.21,Delhi,Online,9,109.67,0
200,4264.69,Mumbai,ATM,20,49.17,0
745,268.93,Chennai,ATM,18,107.37,0
750,2813.09,Chennai,ATM,6,52.66,0
929,1693.43,Delhi,ATM,15,3.4,0
658,6999.13,Chennai,POS,13,36.99,0
431,6364.13,Chennai,POS,14,22.77,0
172,555.1,Mumbai,POS,9,19.17,0
584,2318.9,Mumbai,ATM,23,21.33,0
229,1332.38,Hyderabad,Online,17,70.07,0
745,375.39,Mumbai,ATM,6,16.91,0
925,2898.4,Chennai,ATM,19,19.41,0
289,6362.4,Chennai,ATM,23,45.86,0
101,2794.88,Mumbai,POS,14,22.31,0
507,1847.24,Chennai,POS,8,54.85,0
703,4622.45,Hyderabad,POS,7,47.18,0
513,36.71,Bangalore,POS,7,45.37,0
847,34551.0,Bangalore,POS,2,328.0,1
740,3134.72,Chennai,ATM,20,54.03,0
856,571.79,Mumbai,Online,19,66.91,0
481,2938.25,Chennai,ATM,22,18.22,0
353,585.43,Delhi,POS,6,15.77,0
664,676.56,Hyderabad,POS,16,32.3,0
181,3235.29,Chennai,Online,13,67.0,0
86,4921.9,Hyderabad,ATM,8,53.66,0
604,2418.93,Bangalore,Online,10,35.11,0
626,1225.3,Bangalore,ATM,14,7.24,0
103,726.5,Hyderabad,ATM,22,110.15,0
186,44630.0,Chennai,Online,1,396.0,1
882,689.02,Mumbai,Online,14,30.41,0
856,297.74,Mumbai,ATM,21,62.19,0
485,2966.31,Delhi,POS,15,28.13,0
170,6350.47,Mumbai,Online,17,22.2,0
271,2585.77,Delhi,ATM,23,116.61,0
94,2749.04,Chennai,Online,9,25.41,0
879,1163.77,Bangalore,POS,14,46.77,0
689,31904.0,Delhi,ATM,17,409.0,1
255,5777.81,Mumbai,ATM,17,38.73,0
777,5383.24,Bangalore,Online,9,70.65,0
919,767.37,Delhi,Online,13,37.24,0
241,1854.86,Mumbai,Online,12,33.64,0
817,2504.87,Hyderabad,ATM,16,66.6,0
170,1505.58,Bangalore,Online,13,17.5,0
13,1728.46,Delhi,POS,16,50.14,0
738,13.35,Delhi,POS,11,99.82,0
300,3422.61,Hyderabad,Online,22,59.39,0
375,3349.12,Hyderabad,ATM,11,22.01,0
889,1415.04,Bangalore,Online,19,34.72,0
162,2434.44,Delhi,POS,20,3.71,0
390,7477.39,Chennai,ATM,17,37.34,0
847,7335.11,Bangalore,Online,12,11.59,0
681,3516.71,Bangalore,ATM,17,1.04,0
66,4888.49,Mumbai,Online,20,8.25,0
795,2434.34,Delhi,Online,15,1.77,0
455,581.52,Delhi,ATM,23,34.59,0
692,4330.2,Bangalore,Online,13,42.81,0
605,127.41,Bangalore,Online,22,47.83,0
829,586.53,Delhi,Online,22,44.11,0
958,1546.07,Chennai,Online,10,27.6,0
796,2937.47,Hyderabad,ATM,16,24.2,0
766,2025.26,Mumbai,POS,21,86.36,0
399,932.18,Delhi,ATM,9,87.59,0
336,30538.0,Hyderabad,POS,0,289.0,1
288,3375.23,Delhi,POS,14,4.48,0
135,140.08,Bangalore,Online,12,42.6,0
459,4527.68,Bangalore,Online,19,100.41,0
817,52.21,Hyderabad,POS,14,125.88,0
38,53343.0,Delhi,POS,6,265.0,1
145,3760.21,Mumbai,POS,22,43.81,0
387,5528.68,Mumbai,ATM,22,10.85,0
508,4400.05,Chennai,Online,13,45.9,0
196,3627.12,Delhi,ATM,16,6.1,0
667,2526.18,Mumbai,ATM,7,19.42,0
393,2048.44,Chennai,Online,12,48.42,0
561,381.87,Hyderabad,POS,6,4.12,0
966,841.12,Hyderabad,POS,18,15.25,0
538,1518.22,Chennai,ATM,9,30.11,0
763,4857.77,Mumbai,POS,18,13.19,0
799,36961.0,Delhi,ATM,16,332.0,1
679,6015.31,Delhi,ATM,12,56.93,0
500,3522.28,Chennai,Online,11,17.68,0
810,2967.36,Bangalore,ATM,19,69.35,0
573,5680.74,Mumbai,Online,8,76.75,0
517,2133.98,Delhi,Online,22,37.75,0
716,6040.64,Hyderabad,ATM,21,21.19,0
790,1054.75,Delhi,Online,9,10.8,0
570,4708.8,Chennai,Online,22,55.76,0
484,1317.41,Mumbai,POS,8,65.43,0
710,2748.55,Chennai,Online,11,35.92,0
366,2479.81,Bangalore,ATM,18,53.19,1
59,2989.14,Mumbai,Online,10,78.05,0
541,2126.68,Chennai,ATM,11,20.57,0
890,5558.68,Delhi,POS,23,67.22,0
894,3570.53,Delhi,POS,11,9.42,0
224,3708.17,Delhi,Online,18,14.17,0
887,463.81,Bangalore,Online,23,17.03,0
106,6957.57,Delhi,Online,9,53.05,0
20,40062.0,Mumbai,ATM,21,404.0,1
407,486.92,Mumbai,Online,12,57.05,0
19,3056.2,Bangalore,Online,11,75.8,0
580,875.25,Hyderabad,Online,15,6.28,1
887,27719.0,Chennai,POS,5,24.0,1
413,5973.63,Bangalore,ATM,10,70.7,0
161,6486.79,Delhi,ATM,7,2.68,0
586,39218.0,Delhi,Online,6,438.0,1
212,1455.75,Chennai,ATM,11,2.37,0
334,35233.0,Delhi,ATM,18,465.0,1
497,177.79,Delhi,POS,8,32.04,0
971,65.6,Mumbai,Online,10,85.58,0
406,1348.31,Chennai,POS,10,57.83,0
1,2622.96,Chennai,POS,12,49.36,0
647,545.96,Bangalore,ATM,13,19.13,0
52,1372.62,Bangalore,Online,22,22.52,0
371,4050.86,Mumbai,Online,9,47.9,0
895,1816.81,Chennai,Online,23,156.48,0
402,2752.0,Bangalore,ATM,17,5.04,0
731,960.35,Hyderabad,Online,9,25.79,0
372,5528.09,Chennai,Online,14,13.8,0
926,31740.0,Delhi,POS,3,24.0,1
101,844.44,Hyderabad,Online,10,18.25,0
3,2016.82,Delhi,Online,22,23.02,0
619,5677.21,Chennai,POS,9,13.11,0
785,3648.4,Bangalore,ATM,9,79.85,0
761,2496.26,Mumbai,ATM,20,53.12,0
363,2862.86,Delhi,ATM,9,32.49,0
664,6001.03,Mumbai,POS,22,104.39,0
291,55795.0,Delhi,ATM,21,220.0,1
901,3003.67,Hyderabad,POS,21,35.34,0
169,4409.55,Chennai,ATM,23,114.99,0
83,283.53,Mumbai,ATM,16,36.67,0
500,1244.38,Delhi,Online,14,85.58,0
147,8634.14,Bangalore,Online,20,16.27,0
346,5004.25,Delhi,ATM,17,12.16,0
981,1123.39,Chennai,Online,10,83.84,0
920,143.62,Bangalore,POS,17,86.78,0
201,23332.0,Mumbai,POS,2,28.0,1
423,5905.62,Chennai,POS,6,40.7,0
963,7496.92,Delhi,Online,22,121.62,0
727,1484.27,Delhi,ATM,7,30.44,0
203,3602.81,Bangalore,ATM,9,122.23,0
804,690.95,Mumbai,Online,17,66.75,0
331,46651.0,Mumbai,ATM,2,418.0,1
461,233.77,Mumbai,POS,6,86.91,0
355,110.35,Chennai,ATM,17,49.59,0
33,1384.48,Mumbai,ATM,7,16.59,0
563,3798.9,Mumbai,POS,9,7.43,0
629,3893.11,Hyderabad,POS,18,4.55,0
926,14.68,Hyderabad,Online,19,19.18,0
1000,8144.82,Chennai,Online,7,21.26,0
966,3961.29,Bangalore,ATM,19,16.01,0
492,2300.6,Bangalore,POS,17,102.27,0
339,5096.1,Hyderabad,ATM,17,36.09,0
697,9265.07,Delhi,Online,10,8.44,0
904,5748.99,Hyderabad,POS,11,47.75,0
123,5204.49,Hyderabad,ATM,16,60.42,0
110,7761.0,Hyderabad,POS,10,115.6,0
342,2653.6,Mumbai,Online,23,36.23,0
346,3367.87,Chennai,POS,9,19.47,0
577,3872.8,Hyderabad,Online,17,70.48,0
877,1140.24,Hyderabad,Online,16,33.99,0
995,4493.33,Mumbai,Online,23,50.12,0
55,2312.21,Hyderabad,ATM,6,118.88,0
442,696.53,Bangalore,ATM,10,34.99,0
892,3264.27,Chennai,POS,6,23.75,0
865,3496.55,Chennai,POS,20,31.65,0
363,39887.0,Delhi,Online,3,22.0,1
606,35138.0,Bangalore,ATM,16,313.0,1
566,809.27,Mumbai,Online,16,104.54,0
382,793.24,Bangalore,POS,16,29.94,0
473,5522.04,Hyderabad,ATM,11,42.55,0
233,88.83,Bangalore,Online,11,38.83,0
971,4825.23,Chennai,Online,8,71.02,0
42,251.67,Bangalore,ATM,9,39.8,0
272,611.68,Mumbai,ATM,12,20.28,0
460,5619.64,Mumbai,Online,22,17.48,0
831,2844.61,Chennai,POS,19,17.78,0
363,1222.26,Chennai,POS,9,58.3,0
8,3690.84,Delhi,Online,13,89.31,0
247,2842.26,Mumbai,ATM,13,28.65,0
69,5301.23,Chennai,POS,14,62.27,0
77,940.57,Bangalore,POS,9,28.1,0
768,2173.02,Bangalore,Online,8,48.15,0
294,2565.27,Mumbai,Online,20,92.6,0
473,3585.43,Mumbai,POS,17,77.99,0
288,4632.72,Delhi,ATM,19,9.42,0
463,27104.0,Bangalore,POS,3,416.0,1
607,1862.59,Bangalore,Online,21,18.18,0
20,6778.69,Hyderabad,POS,14,79.27,0
200,151.2,Delhi,POS,17,130.92,0
754,38257.0,Chennai,POS,13,345.0,1
49,1371.93,Delhi,Online,22,4.39,0
39,1260.68,Mumbai,ATM,15,36.43,0
826,4638.64,Hyderabad,POS,11,59.51,0
479,3347.13,Bangalore,Online,23,80.04,0
783,986.4,Mumbai,Online,14,125.2,0
707,3132.65,Chennai,Online,20,28.39,0
782,3088.46,Mumbai,POS,6,30.77,0
7,5159.34,Chennai,POS,22,1.98,0
236,1896.32,Chennai,POS,8,74.07,0
502,2153.02,Hyderabad,Online,21,72.33,0
708,39137.0,Delhi,Online,6,449.0,1
487,3300.27,Mumbai,POS,21,30.19,0
800,1660.36,Hyderabad,Online,17,31.71,0
213,3637.51,Mumbai,ATM,22,72.94,0
35,31556.0,Chennai,ATM,15,351.0,1
245,3458.79,Delhi,Online,21,41.6,0
466,3429.14,Mumbai,POS,21,15.07,0
15,4100.79,Bangalore,POS,14,110.94,0
73,2343.27,Chennai,Online,8,42.25,0
550,5498.71,Hyderabad,POS,13,2.64,0
649,2102.84,Hyderabad,ATM,13,65.25,0
60,5060.49,Mumbai,Online,20,41.37,0
530,3680.84,Bangalore,POS,17,30.65,0
325,330.92,Bangalore,POS,22,21.18,0
249,26400.0,Delhi,POS,5,362.0,1
881,93.5,Delhi,ATM,11,31.74,0
54,4492.74,Bangalore,ATM,23,14.38,0
696,7400.26,Bangalore,ATM,7,31.97,0
284,2510.38,Chennai,Online,23,109.26,0
1,5017.86,Bangalore,Online,11,30.77,0
576,806.48,Bangalore,Online,15,52.92,0
315,4636.97,Bangalore,Online,12,33.3,0
558,5003.86,Hyderabad,ATM,8,10.17,0
227,5644.92,Mumbai,ATM,20,41.63,0
26,1640.07,Mumbai,POS,16,14.51,0
723,5178.09,Hyderabad,POS,7,16.14,0
792,1882.65,Chennai,POS,19,35.34,0
258,3645.78,Bangalore,ATM,13,54.35,0
488,2643.37,Delhi,ATM,8,10.91,0
520,960.9,Mumbai,ATM,21,11.28,0
732,2758.78,Hyderabad,ATM,10,2.64,0
284,43658.0,Delhi,POS,13,37.0,1
952,2067.61,Mumbai,ATM,15,65.86,0
898,4012.07,Mumbai,Online,18,19.06,0
134,5015.61,Delhi,Online,11,10.01,0
868,3225.19,Chennai,Online,9,7.92,0
832,1410.21,Hyderabad,ATM,23,47.15,0
74,48700.0,Bangalore,POS,7,250.0,1
783,4220.82,Delhi,Online,13,12.06,0
521,37014.0,Delhi,ATM,9,109.0,1
641,3551.03,Hyderabad,POS,6,23.07,0
385,2233.88,Chennai,Online,22,21.35,0
874,198.72,Hyderabad,ATM,6,10.42,0
869,142.08,Hyderabad,Online,12,44.18,0
241,214.86,Delhi,Online,11,35.15,0
814,7313.79,Delhi,Online,17,58.04,0
68,3594.54,Bangalore,ATM,20,28.24,0
328,2737.39,Hyderabad,ATM,12,26.19,0
569,2481.48,Chennai,POS,21,67.93,0
773,4485.67,Delhi,ATM,7,34.1,0
346,21887.0,Delhi,Online,5,45.0,1
415,6080.19,Chennai,POS,19,32.61,0
848,3355.74,Chennai,POS,16,87.88,0
82,5313.66,Bangalore,Online,11,32.08,0
711,3909.59,Hyderabad,ATM,8,23.21,0
301,3522.46,Bangalore,POS,20,33.83,0
341,2160.4,Delhi,ATM,18,3.91,0
394,2805.77,Delhi,Online,19,11.81,0
200,2954.13,Hyderabad,POS,11,50.29,0
318,1918.22,Hyderabad,ATM,18,21.23,0
52,6160.27,Chennai,POS,20,33.66,0
530,2612.47,Delhi,Online,15,37.9,0
198,4023.08,Mumbai,ATM,22,26.51,0
342,5861.22,Bangalore,Online,13,12.34,0
628,3458.8,Mumbai,Online,12,75.01,0
616,4217.04,Delhi,ATM,12,18.51,0
72,3320.3,Chennai,Online,14,15.71,0
731,1509.48,Bangalore,POS,6,5.18,0
487,606.17,Bangalore,ATM,23,9.21,0
962,256.52,Bangalore,POS,12,8.61,0
357,1039.05,Hyderabad,Online,20,1.33,0
663,4776.52,Chennai,Online,15,3.51,0
409,5081.11,Bangalore,ATM,21,86.89,0
824,4574.83,Mumbai,POS,10,36.72,0
136,2990.5,Hyderabad,ATM,21,53.27,0
82,2278.08,Bangalore,ATM,16,59.23,0
597,25986.0,Delhi,ATM,19,464.0,1
25,59096.0,Delhi,POS,19,452.0,1
306,3852.32,Hyderabad,Online,18,7.99,0
458,4697.55,Delhi,Online,13,14.57,0
397,1691.6,Hyderabad,POS,19,13.81,0
619,34743.0,Bangalore,POS,1,33.0,1
579,19004.0,Mumbai,ATM,5,44.0,1
764,2508.06,Hyderabad,ATM,7,59.82,0
809,4676.82,Bangalore,ATM,11,27.67,0
464,3808.93,Delhi,ATM,16,73.58,0
492,1560.1,Chennai,Online,16,45.77,0
848,5913.39,Hyderabad,ATM,14,16.49,0
468,81.01,Chennai,POS,13,79.81,0
954,3723.85,Chennai,Online,20,71.07,0
573,32483.0,Hyderabad,POS,13,330.0,1
118,260.78,Chennai,POS,17,39.41,0
492,4175.76,Bangalore,ATM,6,22.59,0
590,1607.54,Hyderabad,Online,11,33.63,0
404,35052.0,Delhi,POS,4,44.0,1
835,364.81,Bangalore,ATM,8,23.31,0
186,505.06,Bangalore,POS,22,2.21,0
414,43406.0,Hyderabad,Online,6,350.0,1
961,2404.12,Bangalore,Online,15,66.65,0
630,3540.2,Delhi,Online,14,49.65,0
376,5881.28,Delhi,POS,21,31.26,0
797,934.82,Bangalore,ATM,14,84.74,0
823,11431.27,Delhi,POS,16,2.52,0
136,5126.18,Bangalore,ATM,11,51.91,0
554,4999.17,Chennai,POS,11,102.88,0
631,1829.16,Delhi,POS,11,40.54,0
940,1593.61,Hyderabad,Online,6,101.34,0
880,1896.34,Chennai,ATM,17,51.05,0
437,1902.73,Hyderabad,Online,7,4.21,0
616,3592.7,Mumbai,Online,8,40.2,0
324,2989.72,Delhi,Online,14,14.44,0
126,50947.0,Delhi,POS,10,263.0,1
821,9317.96,Bangalore,POS,19,56.75,0
96,1753.74,Mumbai,ATM,20,107.09,0
746,42466.0,Delhi,Online,7,115.0,1
447,46181.0,Delhi,Online,4,10.0,1
263,5322.53,Bangalore,ATM,18,15.67,0
890,2628.41,Mumbai,POS,17,9.89,0
425,254.22,Chennai,Online,8,6.29,0
65,1170.1,Bangalore,Online,11,15.64,0
378,255.15,Mumbai,ATM,19,53.83,0
915,1886.16,Delhi,ATM,8,95.76,0
675,2256.61,Mumbai,POS,14,6.58,0
422,4272.26,Mumbai,ATM,14,2.08,0
54,7614.1,Hyderabad,POS,11,9.8,0
523,4111.49,Chennai,ATM,12,27.73,0
218,3519.27,Delhi,Online,16,23.75,0
988,1840.48,Mumbai,POS,19,15.09,0
663,95.91,Hyderabad,Online,13,24.12,0
519,3896.82,Bangalore,ATM,8,3.64,0
784,2871.8,Chennai,ATM,14,8.1,0
516,2305.58,Delhi,Online,17,0.02,0
549,2063.92,Mumbai,POS,14,144.9,0
355,2944.9,Delhi,ATM,19,42.26,0
80,3324.07,Bangalore,POS,6,3.14,0
661,5891.97,Chennai,POS,17,4.56,0
466,5175.16,Bangalore,Online,16,6.71,0
2,889.92,Delhi,POS,14,28.27,0
234,44200.0,Delhi,Online,8,456.0,1
705,1324.01,Chennai,Online,11,36.78,0
749,1592.48,Chennai,POS,17,5.95,0
49,52269.0,Delhi,ATM,7,7.0,1
596,2305.19,Chennai,Online,14,151.21,0
782,2971.88,Mumbai,POS,11,10.49,0
146,5439.91,Delhi,POS,17,61.82,0
377,4564.03,Bangalore,Online,22,5.86,0
510,6063.27,Delhi,POS,20,55.67,0
225,2646.9,Mumbai,POS,13,22.03,0
792,1098.23,Chennai,Online,17,35.48,0
553,5721.45,Delhi,ATM,23,75.61,0
944,662.33,Hyderabad,Online,16,2.31,0
744,1579.73,Hyderabad,Online,20,8.37,0
13,2202.88,Chennai,POS,23,57.34,0
371,251.65,Hyderabad,POS,22,32.32,0
775,5719.86,Chennai,ATM,15,13.13,0
430,1799.11,Delhi,POS,18,14.26,0
4,1019.84,Mumbai,ATM,9,87.75,0
827,4784.48,Bangalore,ATM,22,67.38,0
337,4469.92,Hyderabad,POS,7,57.31,0
36,74.25,Mumbai,Online,14,0.07,0
916,979.75,Chennai,ATM,15,0.52,0
22,4062.31,Delhi,POS,14,16.73,0
507,5944.44,Mumbai,Online,10,47.07,0
814,3510.72,Delhi,Online,21,52.42,0
104,2292.53,Chennai,POS,6,47.02,0
186,1366.49,Mumbai,ATM,21,37.56,0
626,889.2,Chennai,POS,18,73.18,0
646,3681.09,Mumbai,ATM,8,97.2,0
796,36701.0,Bangalore,Online,4,17.0,1
501,998.13,Mumbai,ATM,11,71.11,0
431,2140.27,Chennai,POS,13,56.78,0
702,25374.0,Chennai,POS,0,416.0,1
651,1404.52,Mumbai,Online,8,10.79,0
583,41131.0,Bangalore,ATM,2,325.0,1
275,796.61,Chennai,POS,18,55.65,0
304,3092.12,Mumbai,Online,18,32.34,0
218,2591.43,Delhi,ATM,14,9.68,0
486,506.29,Bangalore,Online,18,20.09,0
466,41103.0,Hyderabad,POS,14,482.0,1
169,5130.08,Chennai,POS,9,29.71,0
471,1646.07,Hyderabad,Online,22,56.4,0
483,889.55,Hyderabad,POS,7,1.25,0
672,1406.74,Chennai,POS,17,51.85,0
278,750.38,Bangalore,POS,16,93.75,0
380,7746.53,Delhi,ATM,6,36.87,0
825,6768.34,Bangalore,POS,20,11.9,0
328,3704.59,Delhi,ATM,8,14.44,0
22,2633.79,Hyderabad,POS,12,42.52,0
965,4003.66,Delhi,POS,18,48.74,0
223,905.0,Hyderabad,Online,15,14.02,0
220,2792.53,Mumbai,Online,14,36.16,0
558,5257.14,Bangalore,Online,6,90.8,0
403,26452.0,Bangalore,ATM,3,16.0,1
726,2925.52,Bangalore,ATM,8,28.32,0
216,3101.29,Delhi,Online,9,62.08,0
839,3398.83,Mumbai,Online,12,7.03,0
358,1337.08,Chennai,ATM,11,6.53,0
980,2117.41,Mumbai,Online,23,16.91,0
55,5256.09,Delhi,POS,6,10.73,0
708,4698.73,Bangalore,POS,8,46.61,0
791,344.62,Chennai,ATM,15,97.85,0
238,452.61,Delhi,POS,20,18.5,0
130,5582.1,Mumbai,ATM,9,19.83,0
529,3043.33,Hyderabad,POS,9,69.06,0
872,1721.57,Bangalore,ATM,19,47.71,0
935,4061.58,Chennai,ATM,10,54.32,0
496,6428.95,Bangalore,Online,8,61.02,0
784,4762.1,Bangalore,POS,19,65.85,0
444,3813.71,Delhi,Online,15,103.1,0
241,1371.06,Hyderabad,ATM,19,2.82,0
344,3841.32,Bangalore,ATM,11,6.47,0
326,7464.84,Bangalore,POS,21,19.61,0
831,1049.49,Hyderabad,ATM,8,17.01,0
923,808.85,Mumbai,POS,11,21.39,0
667,957.98,Bangalore,POS,6,14.38,0
693,35.47,Hyderabad,ATM,7,114.94,0
816,1100.29,Chennai,ATM,9,17.33,0
969,3787.56,Mumbai,Online,13,41.51,0
315,1834.18,Bangalore,Online,16,2.04,0
429,3364.64,Chennai,ATM,17,23.33,0
645,1233.12,Mumbai,POS,15,68.09,0
129,54994.0,Delhi,Online,21,497.0,1
561,606.23,Hyderabad,Online,16,47.33,0
747,11.48,Chennai,POS,12,11.66,0
953,3086.21,Chennai,ATM,8,99.02,0
221,397.78,Mumbai,ATM,12,48.73,0
330,2927.88,Chennai,POS,22,74.8,0
631,3738.69,Mumbai,ATM,21,40.42,0
924,3179.14,Chennai,POS,19,25.56,0
148,424.65,Hyderabad,ATM,15,39.02,0
633,1812.73,Bangalore,ATM,10,18.05,0
206,6533.12,Hyderabad,Online,15,10.43,0
25,3780.81,Mumbai,POS,16,4.89,0
689,1878.15,Hyderabad,Online,23,46.74,0
272,1294.08,Mumbai,ATM,10,11.08,0
928,985.44,Chennai,Online,16,54.65,0
134,1184.45,Hyderabad,ATM,18,29.54,0
229,529.39,Delhi,Online,20,15.56,0
761,8915.6,Bangalore,ATM,16,114.6,0
871,3661.67,Delhi,ATM,18,28.37,0
340,38507.0,Chennai,ATM,5,401.0,1
473,1383.97,Delhi,POS,10,14.78,0
305,4160.64,Bangalore,Online,16,84.6,1
24,1585.25,Bangalore,ATM,16,98.53,0
978,1411.84,Bangalore,ATM,15,14.02,0
531,8619.93,Mumbai,POS,13,41.61,0
468,2387.77,Bangalore,POS,13,35.33,0
622,807.4,Mumbai,POS,10,74.98,0
372,812.01,Hyderabad,POS,9,87.96,0
16,836.09,Delhi,Online,15,38.34,0
435,1166.42,Delhi,ATM,19,2.95,0
269,5602.27,Hyderabad,POS,9,44.76,0
103,2799.8,Bangalore,Online,8,9.85,0
849,1186.57,Mumbai,ATM,22,99.06,0
574,36268.0,Delhi,Online,21,50.0,1
76,2349.48,Bangalore,ATM,9,49.73,0
395,1685.0,Delhi,Online,6,16.74,0
99,3403.51,Delhi,ATM,21,5.83,0
967,7067.23,Hyderabad,Online,12,71.64,0
822,55500.0,Delhi,Online,23,81.0,1
46,4888.52,Delhi,Online,18,47.89,0
767,1880.5,Mumbai,POS,13,43.15,0
258,3138.98,Bangalore,POS,16,40.32,0
990,3487.83,Chennai,Online,13,32.64,0
395,10112.6,Mumbai,ATM,7,6.19,0
568,4819.01,Hyderabad,POS,6,13.55,0
124,4381.92,Hyderabad,POS,6,56.97,1
254,3103.28,Delhi,Online,20,93.46,0
560,51697.0,Delhi,POS,20,82.0,1
643,662.83,Mumbai,Online,20,14.36,0
880,2647.14,Bangalore,POS,11,54.04,0
210,2548.29,Hyderabad,ATM,18,74.29,0
401,24.93,Delhi,ATM,8,47.03,0
714,2934.39,Hyderabad,POS,7,6.14,0
859,3638.59,Mumbai,ATM,10,8.63,0
171,989.94,Hyderabad,ATM,10,6.25,0
419,2096.55,Hyderabad,Online,15,5.25,0
721,1400.6,Mumbai,POS,23,10.18,0
671,4580.0,Delhi,ATM,8,19.7,0
145,8780.26,Mumbai,Online,17,18.04,0
538,357.43,Bangalore,Online,22,143.53,0
269,3250.88,Mumbai,POS,22,59.51,0
100,3786.31,Chennai,POS,6,41.15,0
984,26982.0,Mumbai,POS,2,1.0,1
279,3616.96,Hyderabad,POS,7,45.1,0
897,3112.59,Hyderabad,ATM,8,56.24,0
580,1486.91,Mumbai,POS,7,26.28,0
611,3082.41,Hyderabad,POS,9,26.71,0
872,3453.44,Hyderabad,Online,8,24.36,0
631,35523.0,Delhi,ATM,2,32.0,1
309,189.52,Bangalore,ATM,14,3.05,0
46,4771.19,Mumbai,ATM,11,63.39,0
799,1450.35,Bangalore,ATM,23,66.55,0
907,190.67,Mumbai,Online,7,62.26,0
678,5654.65,Bangalore,Online,8,36.24,0
510,2931.93,Mumbai,POS,16,101.72,0
703,3255.93,Hyderabad,Online,16,81.08,0
839,35850.0,Chennai,POS,4,32.0,1
275,5006.18,Hyderabad,POS,6,35.51,1
348,1440.06,Hyderabad,Online,10,11.74,0
390,2322.4,Delhi,POS,11,55.82,0
662,30843.0,Mumbai,ATM,1,0.0,1
710,3236.05,Bangalore,Online,15,136.81,0
800,1948.52,Hyderabad,ATM,21,99.37,0
920,2536.1,Delhi,POS,21,22.02,0
470,2859.67,Chennai,POS,23,37.95,0
451,4032.43,Hyderabad,POS,6,45.81,0
97,1775.45,Chennai,Online,19,63.3,0
657,2009.6,Chennai,POS,6,99.59,0
911,7109.23,Chennai,POS,10,38.17,0
16,199.99,Hyderabad,ATM,17,54.34,0
220,33194.0,Bangalore,ATM,2,32.0,1
461,652.73,Delhi,ATM,10,28.38,0
424,4441.9,Bangalore,POS,17,15.12,0
980,120.4,Bangalore,ATM,22,14.82,0
172,4908.07,Delhi,POS,21,18.49,0
47,5303.36,Mumbai,ATM,17,64.4,0
657,3575.67,Mumbai,Online,15,3.93,0
522,3698.16,Hyderabad,ATM,22,38.9,0
467,2227.13,Chennai,POS,15,49.74,0
337,7292.87,Bangalore,Online,12,12.36,0
438,1942.07,Delhi,POS,9,0.19,0
536,6381.31,Bangalore,POS,9,46.2,0
661,146.52,Delhi,POS,17,85.79,0
287,6540.86,Hyderabad,POS,9,2.31,0
253,694.77,Mumbai,ATM,8,7.38,0
630,3918.71,Bangalore,POS,8,27.37,0
6,9953.65,Bangalore,ATM,20,32.7,0
838,614.26,Chennai,ATM,23,18.07,0
3,831.72,Hyderabad,ATM,10,65.09,0
265,2129.59,Bangalore,POS,14,49.17,0
619,169.91,Delhi,ATM,18,30.37,0
530,6557.84,Mumbai,POS,22,61.32,0
401,4213.46,Chennai,POS,22,47.65,0
825,2631.3,Delhi,POS,16,29.31,0
58,927.89,Mumbai,Online,19,0.98,0
167,5468.8,Bangalore,POS,7,24.57,0
29,4335.27,Mumbai,POS,8,85.57,0
430,643.01,Delhi,POS,21,46.85,0
144,45895.0,Delhi,ATM,10,318.0,1
992,33783.0,Hyderabad,Online,3,23.0,1
426,1284.55,Mumbai,Online,21,56.2,0
462,2724.47,Chennai,POS,13,72.28,0
941,836.2,Mumbai,POS,13,34.45,0
268,459.87,Mumbai,Online,11,0.98,0
710,4170.04,Mumbai,ATM,17,10.38,0
512,481.58,Chennai,ATM,11,7.58,0
477,317.44,Mumbai,ATM,9,36.7,0
290,2849.05,Hyderabad,ATM,12,13.47,0
718,303.88,Mumbai,Online,20,58.31,0
925,42192.0,Chennai,ATM,2,440.0,0
647,2352.19,Bangalore,Online,15,17.1,0
213,7448.72,Bangalore,Online,11,36.98,0
990,1300.4,Bangalore,Online,13,50.79,0
408,2055.28,Bangalore,POS,11,87.37,0
561,2523.12,Bangalore,Online,11,16.68,0
97,3098.95,Chennai,ATM,13,27.94,0
875,5482.27,Bangalore,Online,12,67.47,0
946,4015.0,Chennai,ATM,15,46.47,0
174,2949.37,Mumbai,POS,13,43.38,0
671,3393.33,Mumbai,ATM,7,46.06,0
950,4674.47,Delhi,Online,7,53.8,0
917,2655.75,Chennai,Online,6,49.75,1
375,2295.91,Hyderabad,Online,21,49.05,0
650,106.44,Delhi,Online,22,42.26,0
771,4541.49,Hyderabad,POS,13,7.57,0
375,22859.0,Hyderabad,POS,5,23.0,1
789,2063.26,Delhi,Online,20,22.43,0
810,6964.92,Hyderabad,Online,7,3.99,0
734,776.07,Mumbai,Online,22,25.79,1
639,38305.0,Chennai,POS,12,411.0,1
11,2390.31,Bangalore,ATM,6,47.67,0
827,2017.48,Delhi,ATM,18,102.38,0
331,2936.03,Hyderabad,POS,7,33.32,0
331,1718.43,Bangalore,POS,21,10.96,0
767,1565.15,Mumbai,Online,12,60.89,0
187,1986.21,Mumbai,Online,7,48.35,0
707,708.46,Chennai,Online,19,19.78,0
481,421.76,Chennai,POS,13,70.83,0
248,511.24,Chennai,POS,8,6.25,0
736,1065.12,Chennai,Online,23,7.7,0
137,4177.49,Mumbai,Online,23,5.83,0
877,33833.0,Mumbai,POS,22,250.0,1
338,6191.77,Mumbai,ATM,10,30.92,0
246,2518.13,Mumbai,POS,10,28.79,0
58,3272.92,Chennai,Online,10,9.2,0
961,1544.81,Hyderabad,POS,11,69.42,0
242,46.97,Hyderabad,ATM,9,39.33,0
239,316.88,Mumbai,POS,16,15.63,0
120,1596.73,Bangalore,ATM,11,23.13,0
916,1763.57,Hyderabad,ATM,19,100.73,0
820,2312.41,Chennai,POS,20,92.73,0
957,2670.97,Bangalore,Online,14,9.35,1
194,6628.07,Bangalore,Online,7,31.85,0
918,16794.0,Mumbai,Online,2,31.0,1
343,81.84,Mumbai,ATM,8,33.53,0
955,39068.0,Mumbai,ATM,18,297.0,1
613,1132.22,Hyderabad,ATM,20,89.45,0
201,4817.92,Mumbai,POS,15,64.75,0
515,7523.83,Delhi,ATM,11,31.11,0
170,1263.83,Mumbai,POS,13,51.75,0
739,4559.46,Mumbai,POS,16,91.91,0
168,1876.12,Hyderabad,Online,18,1.72,0
698,156.63,Hyderabad,POS,15,36.87,0
838,2654.79,Chennai,ATM,15,48.8,0
319,3773.51,Mumbai,Online,10,39.25,0
379,2424.68,Chennai,POS,13,86.65,0
233,57106.0,Delhi,ATM,11,17.0,1
161,4625.98,Hyderabad,POS,12,20.35,0
978,242.46,Chennai,ATM,12,33.98,0
567,3663.85,Mumbai,Online,22,40.01,0
660,35451.0,Hyderabad,Online,1,46.0,1
781,5260.18,Delhi,ATM,23,76.15,0
585,647.05,Hyderabad,POS,11,0.72,0
931,2059.86,Mumbai,Online,12,54.2,0
494,6838.03,Bangalore,Online,23,74.27,0
833,1055.46,Delhi,ATM,20,3.3,0
737,2212.01,Delhi,Online,9,14.26,0
256,3293.31,Bangalore,ATM,7,3.93,0
790,2643.86,Mumbai,POS,10,153.7,0
962,2808.53,Chennai,POS,11,15.58,0
134,1303.78,Delhi,POS,14,23.04,0
106,1517.36,Chennai,ATM,17,84.43,0
183,1220.77,Chennai,Online,19,49.75,0
457,7842.05,Hyderabad,Online,14,28.36,0
757,5319.25,Bangalore,ATM,21,2.21,0
206,1750.36,Delhi,Online,15,64.55,0
333,6998.33,Mumbai,Online,19,75.05,0
871,1209.09,Mumbai,Online,19,6.65,0
303,16922.0,Chennai,ATM,2,30.0,1
863,2842.57,Mumbai,Online,7,2.98,0
344,3173.57,Bangalore,POS,13,51.03,0
31,5018.43,Delhi,Online,8,94.29,0
191,1021.68,Delhi,Online,18,58.2,0
455,3084.7,Hyderabad,ATM,7,104.19,0
667,579.07,Bangalore,ATM,15,44.34,0
424,4097.24,Mumbai,Online,20,19.57,0
755,2030.77,Hyderabad,Online,7,36.17,0
751,4854.99,Mumbai,ATM,15,45.59,0
10,839.09,Hyderabad,POS,15,64.87,0
108,1700.62,Hyderabad,ATM,15,15.95,0
669,682.96,Delhi,ATM,8,42.84,0
674,38022.0,Delhi,POS,14,86.0,1
74,6085.07,Delhi,POS,11,63.17,0
291,3828.45,Mumbai,Online,19,63.78,0
910,954.98,Mumbai,Online,7,107.37,0
688,5375.85,Mumbai,Online,6,66.88,0
380,1843.23,Mumbai,Online,17,28.15,0
526,296.48,Delhi,Online,18,105.46,0
790,2306.47,Delhi,POS,9,29.39,0
272,361.53,Delhi,Online,16,7.73,0
581,1608.97,Delhi,POS,10,9.55,0
486,661.97,Mumbai,Online,16,1.01,0
553,3282.27,Chennai,ATM,9,25.55,0
929,6578.83,Mumbai,POS,21,4.47,0
263,4767.56,Delhi,POS,12,42.97,0
37,4159.29,Bangalore,ATM,6,67.79,0
977,7933.7,Bangalore,Online,16,2.43,0
125,6637.32,Chennai,ATM,12,4.09,0
77,1988.49,Chennai,ATM,10,114.13,0
33,7784.52,Delhi,ATM,11,24.3,0
21,557.07,Bangalore,POS,7,83.27,0
439,3396.84,Mumbai,ATM,13,51.46,0
418,4908.37,Chennai,POS,13,100.05,0
854,3007.04,Chennai,POS,14,42.97,0
27,2913.0,Hyderabad,POS,22,38.69,0
855,2244.23,Hyderabad,ATM,9,23.55,0
602,2332.81,Mumbai,POS,22,20.43,0
921,1870.13,Chennai,ATM,14,23.68,0
820,2341.65,Mumbai,ATM,16,63.89,0
153,2044.96,Delhi,POS,11,64.14,0
546,35491.0,Bangalore,ATM,5,25.0,1
900,1089.02,Delhi,Online,11,39.24,0
748,1286.36,Bangalore,Online,14,63.66,0
754,540.79,Bangalore,ATM,22,1.13,0
395,14.58,Hyderabad,Online,6,74.7,0
523,2548.57,Mumbai,ATM,7,102.45,0
812,3223.22,Delhi,Online,13,110.63,0
781,5178.12,Delhi,ATM,11,65.48,0
185,2701.6,Bangalore,ATM,8,28.73,0
397,8438.13,Chennai,Online,20,81.98,0
940,235.46,Delhi,POS,9,3.63,0
391,2743.79,Bangalore,Online,23,53.17,0
429,18616.0,Hyderabad,ATM,1,1.0,0
246,2097.46,Hyderabad,Online,21,41.24,0
496,162.68,Bangalore,Online,22,9.78,0
910,5713.37,Mumbai,POS,17,31.39,0
401,330.24,Bangalore,ATM,6,42.42,0
349,849.05,Hyderabad,POS,6,54.52,0
348,9591.03,Chennai,POS,7,7.94,0
45,4414.82,Hyderabad,Online,17,27.27,0
727,1673.21,Hyderabad,Online,17,11.48,0
987,1428.95,Bangalore,ATM,15,133.15,0
600,1090.22,Delhi,Online,10,39.34,0
428,3800.26,Chennai,ATM,6,31.6,0
611,5436.16,Hyderabad,POS,7,16.38,0
95,5540.67,Hyderabad,Online,15,8.07,0
550,2061.55,Bangalore,POS,14,46.2,0
243,8042.71,Chennai,ATM,20,9.0,0
854,28896.0,Bangalore,ATM,15,446.0,1
24,37331.0,Delhi,ATM,8,96.0,1
892,578.86,Chennai,ATM,20,48.35,0
963,2604.24,Mumbai,Online,16,33.97,0
552,373.03,Hyderabad,ATM,7,48.93,0
970,3406.15,Mumbai,ATM,21,12.16,0
440,717.24,Delhi,ATM,21,14.09,0
874,5299.27,Delhi,Online,16,21.79,0
678,2089.02,Bangalore,ATM,12,19.42,0
140,3522.96,Hyderabad,Online,11,29.29,0
559,1678.85,Chennai,Online,21,12.43,0
877,2222.95,Chennai,Online,10,19.19,0
6,2161.41,Mumbai,ATM,9,26.79,0
415,4590.45,Hyderabad,Online,20,22.93,0
722,2658.92,Delhi,Online,18,15.83,0
577,4248.83,Bangalore,ATM,15,55.04,0
614,4092.1,Mumbai,POS,15,95.3,0
724,5592.44,Bangalore,POS,8,86.37,0
663,563.63,Mumbai,ATM,20,21.83,0
108,682.5,Delhi,POS,7,87.42,0
391,226.15,Mumbai,POS,15,17.01,0
423,945.45,Delhi,POS,10,37.95,0
725,210.28,Delhi,ATM,23,9.45,0
411,54878.0,Delhi,Online,6,435.0,1
461,21232.0,Hyderabad,Online,5,4.0,1
555,320.68,Bangalore,ATM,8,37.18,0
312,4054.98,Mumbai,POS,13,129.02,0
787,5387.04,Mumbai,ATM,7,22.16,0
866,149.21,Delhi,ATM,16,24.69,0
756,2989.79,Delhi,ATM,18,15.67,0
108,4361.19,Mumbai,POS,14,59.9,0
587,1276.8,Mumbai,ATM,11,37.79,0
551,20146.0,Bangalore,POS,2,18.0,1
81,1147.25,Mumbai,Online,19,0.34,0
753,1596.64,Hyderabad,POS,19,31.78,0
21,5531.7,Bangalore,ATM,22,40.9,0
457,2964.48,Mumbai,POS,15,30.68,0
379,855.87,Delhi,POS,10,13.66,0
224,738.9,Delhi,ATM,7,79.55,0
308,1426.35,Delhi,Online,13,22.69,0
564,1682.68,Hyderabad,Online,14,57.88,0
972,36742.0,Delhi,ATM,16,61.0,1
544,6783.65,Chennai,Online,18,37.14,0
231,2430.88,Hyderabad,POS,13,22.83,0
353,4732.84,Mumbai,Online,21,31.21,0
914,4390.92,Chennai,POS,7,33.63,0
723,76.48,Bangalore,POS,19,47.91,0
78,4601.48,Hyderabad,POS,13,39.87,0
245,25444.0,Hyderabad,POS,1,11.0,1
662,1159.02,Delhi,ATM,8,12.34,0
205,2480.7,Hyderabad,POS,9,32.46,0
504,6122.89,Delhi,Online,17,110.1,0
823,42247.0,Chennai,Online,4,466.0,1
846,346.22,Chennai,ATM,22,15.48,0
458,6541.83,Delhi,Online,7,59.81,0
195,30865.0,Chennai,POS,4,45.0,1
880,3885.87,Mumbai,ATM,8,11.51,0
996,6729.41,Delhi,Online,17,87.26,0
96,3309.14,Mumbai,Online,16,25.66,0
726,2207.79,Delhi,POS,11,122.75,0
271,2193.68,Bangalore,ATM,23,15.03,0
455,3858.08,Bangalore,POS,17,24.48,0
486,687.39,Bangalore,Online,14,56.87,0
401,6457.33,Bangalore,POS,14,56.9,0
610,4978.8,Chennai,POS,7,17.96,0
746,5237.8,Delhi,ATM,22,17.29,0
927,3544.67,Delhi,POS,19,28.27,0
457,1645.54,Hyderabad,ATM,21,33.0,0
337,1763.59,Mumbai,Online,15,59.34,0
483,685.57,Delhi,ATM,9,54.67,0
463,4221.21,Chennai,Online,23,4.95,0
168,6176.4,Delhi,POS,19,7.78,0
186,6538.64,Bangalore,ATM,17,31.71,0
466,1962.4,Delhi,ATM,14,34.39,0
798,1745.22,Hyderabad,POS,13,0.19,0
370,1784.89,Delhi,Online,18,0.88,0
644,47473.0,Delhi,ATM,18,262.0,1
264,421.41,Bangalore,ATM,17,39.3,0
726,5928.84,Hyderabad,POS,6,51.35,0
576,7146.92,Bangalore,ATM,11,3.57,0
64,935.06,Mumbai,POS,23,47.89,0
741,670.64,Hyderabad,ATM,8,5.91,0
362,797.17,Hyderabad,Online,14,30.84,0
665,4181.99,Mumbai,Online,10,4.32,0
635,2319.96,Bangalore,POS,13,37.55,0
319,1626.75,Mumbai,ATM,7,47.66,0
919,32551.0,Bangalore,POS,1,19.0,1
720,5587.82,Hyderabad,POS,23,49.82,0
48,4959.33,Bangalore,ATM,12,41.14,0
861,1098.41,Mumbai,ATM,11,0.88,0
825,1066.5,Chennai,ATM,20,21.58,0
199,268.16,Hyderabad,Online,16,83.81,0
126,2438.69,Bangalore,Online,8,32.24,0
217,3936.36,Bangalore,Online,13,27.98,0
740,1081.2,Chennai,ATM,6,60.86,0
221,58637.0,Delhi,ATM,3,203.0,1
794,982.58,Bangalore,Online,15,20.33,0
677,4671.93,Hyderabad,POS,19,11.74,0
945,3401.43,Chennai,POS,10,97.35,0
476,419.97,Mumbai,Online,14,10.14,0
668,49880.0,Delhi,POS,14,21.0,1
402,2777.35,Chennai,POS,14,41.25,0
585,7893.31,Hyderabad,Online,16,73.0,0
380,4487.86,Mumbai,ATM,10,47.15,0
57,45323.0,Chennai,Online,9,298.0,1
245,1598.51,Delhi,Online,15,49.36,0
893,4812.82,Chennai,Online,17,59.1,0
531,27169.0,Hyderabad,ATM,3,392.0,1
95,7259.3,Chennai,ATM,6,67.94,0
484,1415.95,Hyderabad,Online,9,3.09,0
813,7784.82,Delhi,ATM,13,5.41,0
198,1914.2,Delhi,Online,17,81.6,0
9,1109.05,Delhi,Online,13,48.92,0
756,758.3,Mumbai,POS,8,78.54,0
165,2222.59,Delhi,POS,18,106.53,0
788,4223.8,Chennai,ATM,17,22.24,0
782,2163.23,Bangalore,ATM,7,32.66,0
720,15.3,Chennai,ATM,19,233.95,0
743,5065.87,Hyderabad,Online,11,53.05,0
921,140.46,Mumbai,ATM,15,88.48,0
824,37977.0,Hyderabad,POS,15,473.0,1
823,39317.0,Mumbai,ATM,13,378.0,1
853,5308.25,Delhi,POS,15,104.08,0
520,7509.34,Chennai,POS,18,63.95,0
199,1339.52,Bangalore,ATM,12,40.19,0
649,841.82,Chennai,ATM,10,26.17,0
595,309.59,Hyderabad,POS,10,113.63,0
92,7724.04,Mumbai,ATM,20,9.68,0
218,7875.98,Delhi,Online,19,84.41,0
495,657.88,Mumbai,Online,12,90.46,0
138,1356.09,Chennai,Online,6,22.23,0
155,2629.52,Hyderabad,POS,12,14.46,0
841,28435.0,Delhi,POS,0,344.0,1
306,2199.05,Bangalore,Online,19,36.18,0
771,1647.57,Bangalore,POS,7,30.57,0
40,691.15,Chennai,Online,16,20.0,0
714,4882.23,Bangalore,POS,6,51.22,0
718,1166.12,Chennai,ATM,12,4.07,0
427,467.19,Delhi,ATM,14,54.99,0
105,171.17,Chennai,Online,17,17.77,0
341,139.76,Hyderabad,Online,8,64.6,0
486,532.67,Chennai,POS,18,33.0,0
907,7937.12,Chennai,POS,8,6.26,0
300,5346.18,Bangalore,ATM,10,93.57,0
862,5091.57,Hyderabad,ATM,23,9.16,0
806,3936.32,Hyderabad,Online,8,54.37,0
533,350.13,Chennai,ATM,12,20.23,0
427,8731.84,Bangalore,ATM,12,30.63,0
373,492.43,Mumbai,POS,14,42.2,0
505,3689.44,Chennai,Online,19,17.13,0
120,5270.28,Delhi,Online,6,43.56,0
184,2151.17,Delhi,ATM,11,30.36,0
694,53917.0,Delhi,POS,23,439.0,1
705,6105.99,Hyderabad,Online,15,0.16,0
508,5572.78,Bangalore,ATM,23,2.52,0
339,912.97,Chennai,POS,18,5.16,0
216,914.15,Delhi,Online,16,18.28,0
654,2612.78,Delhi,Online,8,35.58,0
580,2780.57,Mumbai,POS,9,9.13,0
241,250.15,Hyderabad,Online,18,22.42,0
410,2408.05,Chennai,POS,17,17.52,0
520,37165.0,Hyderabad,POS,5,24.0,1
712,44533.0,Delhi,Online,4,302.0,1
812,6156.41,Hyderabad,POS,10,69.4,0
934,5555.48,Delhi,ATM,22,14.75,0
624,897.5,Hyderabad,Online,12,14.1,0
220,1558.95,Mumbai,Online,10,20.44,0
991,1537.2,Hyderabad,ATM,15,7.92,0
211,797.79,Bangalore,ATM,22,44.42,0
565,4005.32,Mumbai,ATM,6,65.04,0
358,1787.89,Chennai,ATM,6,30.05,0
762,192.4,Chennai,Online,18,51.02,0
900,724.19,Chennai,ATM,22,63.44,0
312,893.04,Chennai,POS,10,88.27,0
682,3656.64,Chennai,Online,15,9.7,0
170,5490.15,Mumbai,POS,18,32.27,0
863,807.68,Chennai,ATM,14,102.94,0
160,2788.44,Hyderabad,POS,20,10.94,0
934,576.6,Hyderabad,Online,10,68.98,0
150,3561.83,Chennai,ATM,19,41.46,0
99,487.41,Delhi,POS,13,51.71,0
769,4745.44,Hyderabad,ATM,16,23.44,0
139,17503.0,Bangalore,ATM,2,7.0,1
578,2260.97,Chennai,POS,7,39.07,1
66,2730.04,Mumbai,Online,6,17.6,0
466,668.26,Bangalore,ATM,17,70.93,0
400,831.47,Mumbai,Online,13,65.36,0
663,467.37,Mumbai,ATM,22,60.0,0
301,8191.02,Delhi,ATM,11,43.4,0
518,2886.11,Bangalore,ATM,7,147.44,0
205,2209.77,Hyderabad,POS,6,13.09,0
629,4375.5,Hyderabad,POS,14,12.05,0
657,3131.68,Hyderabad,Online,18,66.61,0
976,4018.85,Mumbai,Online,6,10.84,0
503,5632.28,Delhi,Online,7,7.83,0
382,91.09,Delhi,POS,20,53.96,0
587,563.34,Chennai,ATM,16,51.11,0
566,2833.54,Delhi,POS,17,0.85,0
435,1741.02,Delhi,Online,10,41.85,0
204,3403.46,Delhi,Online,14,7.99,0
492,41622.0,Delhi,Online,18,273.0,1
24,1136.0,Hyderabad,Online,20,33.52,0
394,5581.08,Chennai,POS,13,4.14,0
150,3974.07,Delhi,ATM,22,38.26,0
251,4647.92,Delhi,ATM,10,11.97,0
233,746.98,Chennai,Online,14,13.12,0
225,3038.56,Chennai,Online,12,100.92,0
435,557.94,Delhi,Online,8,50.24,0
477,1025.83,Hyderabad,POS,6,15.52,0
381,6556.19,Hyderabad,Online,10,48.21,0
989,1733.9,Mumbai,ATM,7,18.62,0
577,5778.66,Hyderabad,POS,21,17.09,0
754,37801.0,Bangalore,POS,2,22.0,1
664,1456.52,Chennai,Online,12,30.95,0
875,4120.48,Bangalore,ATM,18,59.72,0
718,2063.57,Bangalore,Online,12,133.77,0
519,4482.46,Chennai,ATM,9,2.17,0
631,457.12,Bangalore,ATM,7,38.74,0
800,3016.26,Mumbai,Online,7,14.44,0
148,7031.23,Bangalore,Online,15,83.32,0
980,3909.2,Hyderabad,POS,13,48.95,0
735,43084.0,Mumbai,Online,9,271.0,1
917,39135.0,Hyderabad,POS,23,353.0,1
695,26.66,Bangalore,POS,21,72.78,0
118,320.8,Hyderabad,POS,16,66.11,0
811,3433.81,Delhi,ATM,23,12.59,0
132,118.5,Chennai,Online,21,5.29,0
663,2578.94,Hyderabad,ATM,6,61.63,0
309,667.21,Bangalore,Online,15,3.14,0
522,2144.47,Delhi,POS,18,43.13,0
872,735.39,Chennai,ATM,20,55.83,0
509,4031.9,Chennai,POS,6,65.9,0
711,5864.94,Chennai,Online,21,2.2,0
648,2652.59,Chennai,Online,10,14.02,0
846,3147.37,Hyderabad,POS,14,16.64,0
315,34904.0,Bangalore,ATM,2,25.0,1
294,2070.09,Bangalore,POS,20,47.0,0
552,1403.43,Bangalore,Online,22,36.85,0
502,1113.05,Mumbai,ATM,20,80.74,0
603,7065.19,Hyderabad,POS,15,91.0,0
129,5283.08,Mumbai,POS,13,22.51,0
656,4781.95,Hyderabad,POS,9,17.52,0
508,3314.79,Delhi,Online,12,39.22,0
284,832.93,Delhi,ATM,20,59.41,0
653,1965.2,Bangalore,POS,7,40.05,0
453,2428.36,Delhi,POS,17,49.12,0
216,4017.23,Chennai,Online,21,11.05,0
795,29959.0,Delhi,POS,5,370.0,1
654,1798.58,Hyderabad,ATM,18,15.57,0
131,1379.02,Delhi,ATM,16,38.36,0
938,3181.45,Delhi,Online,21,63.76,0
650,459.84,Bangalore,ATM,10,74.06,0
414,2350.56,Mumbai,POS,14,22.05,0
316,3108.29,Mumbai,Online,6,80.36,0
53,2442.35,Chennai,ATM,15,49.49,0
416,24.14,Mumbai,ATM,16,93.5,0
64,39501.0,Delhi,POS,23,142.0,1
49,4214.81,Bangalore,Online,20,35.42,0
35,2102.55,Mumbai,Online,9,133.85,0
351,1737.69,Hyderabad,Online,11,36.41,0
751,1041.77,Delhi,Online,18,45.34,0
398,47053.0,Hyderabad,POS,10,434.0,1
686,5811.82,Mumbai,ATM,14,9.31,0
271,5366.74,Chennai,Online,11,121.06,0
584,2208.82,Bangalore,POS,7,49.24,0
971,238.68,Mumbai,Online,11,10.96,0
372,1479.97,Bangalore,ATM,9,49.85,0
485,5624.03,Mumbai,POS,19,4.52,0
536,6610.87,Mumbai,Online,14,86.5,0
217,4550.56,Mumbai,Online,7,15.8,0
48,27577.0,Chennai,ATM,21,452.0,1
170,174.51,Bangalore,ATM,16,30.62,0
581,4857.5,Bangalore,ATM,15,50.59,0
746,4040.51,Chennai,ATM,18,44.06,0
708,4480.64,Hyderabad,ATM,12,10.86,0
782,6010.92,Chennai,Online,9,67.07,0
212,6315.2,Delhi,Online,10,83.04,0
543,2440.89,Mumbai,Online,12,47.94,0
344,1167.57,Delhi,POS,6,94.34,0
248,1261.0,Delhi,ATM,23,13.44,0
409,331.04,Bangalore,Online,14,0.99,0
949,38700.0,Delhi,ATM,12,276.0,1
133,3488.15,Mumbai,Online,21,5.2,0
124,1375.49,Delhi,POS,18,7.34,0
395,705.47,Chennai,ATM,21,3.54,0
75,6038.33,Hyderabad,ATM,17,3.53,0
85,7322.87,Chennai,ATM,12,81.58,0
888,272.08,Hyderabad,POS,19,45.56,0
900,1852.34,Chennai,Online,16,67.67,0
847,539.43,Mumbai,ATM,11,55.4,0
281,5635.32,Delhi,ATM,18,28.7,1
551,38.15,Delhi,Online,8,45.63,0
33,39665.0,Mumbai,Online,4,46.0,1
690,2465.54,Hyderabad,Online,9,24.3,0
504,953.46,Chennai,Online,17,6.47,0
176,2704.56,Mumbai,POS,8,48.28,0
299,29284.0,Mumbai,ATM,19,475.0,1
264,573.92,Bangalore,ATM,21,129.19,0
400,1938.39,Bangalore,ATM,21,27.08,0
686,7076.47,Delhi,POS,22,19.27,0
898,1302.93,Bangalore,Online,21,35.4,0
222,28.66,Delhi,Online,22,28.97,0
834,3538.5,Bangalore,POS,12,42.02,0
651,2381.82,Hyderabad,Online,18,96.3,0
416,3748.5,Hyderabad,Online,23,3.21,0
493,1999.57,Bangalore,ATM,13,35.29,0
51,4930.01,Mumbai,ATM,17,27.8,0
207,3108.44,Chennai,ATM,21,15.34,0
634,1443.06,Chennai,Online,13,18.03,0
90,1989.96,Chennai,Online,21,46.78,0
844,3471.26,Hyderabad,Online,11,65.41,0
702,2083.47,Hyderabad,POS,14,8.49,0
336,7495.88,Bangalore,ATM,10,32.58,0
747,1385.33,Mumbai,ATM,22,16.82,0
771,347.87,Bangalore,Online,22,18.91,0
632,6212.33,Hyderabad,POS,9,32.8,0
684,420.59,Chennai,POS,22,147.66,0
819,2245.72,Chennai,POS,23,18.86,0
64,6246.29,Hyderabad,Online,13,13.45,0
182,6998.74,Delhi,ATM,16,33.53,0
191,6300.09,Hyderabad,ATM,10,20.05,0
239,5883.16,Bangalore,Online,11,105.09,0
105,1407.82,Delhi,Online,10,73.79,0
796,2236.71,Hyderabad,POS,12,42.36,0
191,420.23,Bangalore,ATM,17,35.18,0
722,2109.05,Delhi,POS,8,1.64,0
560,2448.71,Delhi,POS,16,39.56,0
231,4014.74,Bangalore,ATM,6,64.71,0
974,7470.1,Bangalore,ATM,10,8.93,0
416,446.73,Delhi,ATM,8,40.68,0
96,1442.76,Mumbai,Online,6,23.94,0
198,5008.14,Chennai,POS,8,3.79,0
997,1634.58,Delhi,Online,19,64.49,0
444,2156.15,Hyderabad,ATM,8,67.09,0
470,5395.64,Bangalore,POS,17,15.54,0
634,38465.0,Delhi,ATM,19,194.0,1
416,8036.73,Mumbai,Online,12,4.76,0
314,1594.3,Hyderabad,ATM,9,118.37,0
241,667.91,Chennai,POS,14,52.6,0
697,6701.88,Mumbai,ATM,9,31.51,0
160,3396.76,Chennai,ATM,20,62.34,0
279,2043.62,Delhi,Online,11,104.16,0
879,2751.87,Delhi,Online,9,48.07,0
814,852.27,Bangalore,Online,22,2.71,0
751,1476.49,Hyderabad,Online,13,118.51,0
209,5091.01,Delhi,Online,7,9.81,0
606,43746.0,Delhi,ATM,23,286.0,1
754,6803.02,Mumbai,ATM,9,52.87,0
322,947.37,Delhi,Online,12,5.84,0
437,3708.53,Delhi,Online,8,58.34,0
987,2978.01,Chennai,ATM,13,65.28,0
201,1119.99,Delhi,ATM,8,39.86,0
893,1815.57,Mumbai,Online,22,20.26,0
171,1614.61,Chennai,ATM,19,56.84,0
988,3352.16,Mumbai,Online,18,10.32,0
137,1512.48,Hyderabad,POS,14,7.98,0
565,6571.8,Mumbai,POS,15,73.09,0
122,1722.06,Bangalore,POS,9,16.64,0
680,4560.01,Chennai,ATM,11,40.1,0
301,1885.63,Mumbai,Online,15,46.88,0
748,57.62,Chennai,Online,12,15.84,0
990,2840.98,Mumbai,ATM,20,95.19,0
870,70.64,Bangalore,Online,19,41.3,0
327,1684.24,Mumbai,ATM,6,61.59,0
685,2350.65,Mumbai,ATM,21,82.68,0
511,1493.91,Bangalore,Online,19,26.72,0
937,2810.57,Mumbai,Online,11,45.33,0
809,1496.49,Hyderabad,ATM,6,18.54,0
398,712.44,Bangalore,Online,19,5.95,0
145,550.26,Delhi,Online,23,4.97,0
628,18.66,Hyderabad,Online,18,66.71,0
566,50819.0,Delhi,POS,10,380.0,1
395,10195.5,Bangalore,ATM,6,58.17,0
905,2554.38,Mumbai,POS,17,78.6,0
899,4001.14,Delhi,ATM,6,14.89,0
859,2533.1,Chennai,ATM,13,73.07,0
751,16601.0,Bangalore,Online,2,38.0,1
489,3208.64,Delhi,ATM,19,2.51,0
648,858.8,Delhi,Online,14,84.95,0
957,4796.55,Chennai,POS,17,52.32,0
419,2123.89,Chennai,Online,22,17.2,0
330,973.04,Hyderabad,Online,12,48.59,0
216,4505.2,Hyderabad,ATM,21,0.48,0
916,1167.39,Delhi,Online,17,84.95,0
700,4808.52,Hyderabad,POS,9,13.62,0
475,2897.63,Bangalore,ATM,13,27.2,0
525,57545.0,Delhi,Online,18,75.0,1
663,4104.25,Delhi,Online,21,127.73,0
201,2765.61,Mumbai,POS,21,10.83,0
473,1347.44,Bangalore,ATM,12,35.37,0
351,1565.43,Delhi,ATM,12,79.6,0
948,670.8,Chennai,ATM,22,58.28,0
515,428.99,Mumbai,POS,14,47.94,0
242,2014.97,Chennai,POS,20,27.6,0
534,2031.46,Delhi,Online,20,42.08,0
718,5712.76,Hyderabad,ATM,13,60.99,0
919,3261.24,Chennai,ATM,11,92.18,0
365,418.26,Chennai,POS,18,7.28,0
399,494.42,Mumbai,POS,17,24.58,0
34,2824.75,Delhi,Online,21,60.46,0
477,31588.0,Bangalore,ATM,8,344.0,1
834,885.35,Mumbai,Online,20,18.75,0
675,203.78,Hyderabad,POS,21,111.07,0
684,2435.14,Hyderabad,Online,18,56.74,0
363,5059.93,Chennai,POS,15,33.54,0
174,1765.09,Mumbai,ATM,19,11.08,0
744,4497.82,Chennai,POS,8,17.74,0
526,2877.91,Mumbai,Online,7,67.09,0
843,227.41,Mumbai,POS,6,1.0,1
600,6913.82,Chennai,Online,8,0.16,0
263,20783.0,Chennai,POS,5,36.0,1
380,1812.01,Mumbai,ATM,22,23.47,0
633,824.54,Hyderabad,ATM,17,27.86,0
789,697.84,Bangalore,POS,15,23.55,0
845,218.2,Mumbai,Online,13,96.17,0
872,2929.86,Hyderabad,ATM,19,17.42,0
585,48361.0,Mumbai,Online,17,324.0,1
302,3563.27,Chennai,Online,19,23.65,0
416,348.63,Delhi,POS,14,30.07,0
43,6567.06,Hyderabad,Online,15,10.56,0
122,51860.0,Delhi,POS,23,452.0,1
209,3283.76,Mumbai,POS,7,6.08,0
721,2640.89,Bangalore,Online,23,58.37,0
156,4735.24,Chennai,POS,23,45.54,0
821,1464.16,Chennai,ATM,12,39.85,0
985,4691.29,Hyderabad,ATM,20,91.01,0
682,4975.58,Chennai,POS,6,13.19,0
971,32718.0,Hyderabad,Online,17,485.0,1
592,1934.76,Chennai,POS,10,17.78,0
687,2779.73,Bangalore,POS,16,45.45,0
367,6071.68,Delhi,POS,8,5.24,0
621,8312.96,Mumbai,ATM,15,77.96,0
463,3268.03,Hyderabad,ATM,13,29.93,0
580,3731.67,Mumbai,ATM,6,0.09,0
238,2381.52,Delhi,POS,10,1.93,0
73,2114.31,Delhi,POS,8,65.93,0
11,2532.76,Hyderabad,POS,6,55.42,0
638,2304.24,Bangalore,Online,22,61.44,0
631,714.75,Delhi,Online,8,56.61,0
871,1662.5,Mumbai,Online,12,54.59,0
189,3443.44,Delhi,Online,15,83.85,0
54,315.15,Delhi,POS,18,41.46,0
631,2580.33,Mumbai,Online,23,19.02,0
354,4015.69,Mumbai,Online,8,62.41,1
945,1398.35,Delhi,POS,15,45.8,0
316,6811.31,Delhi,ATM,10,76.77,1
278,3071.04,Chennai,POS,23,45.84,0
478,771.84,Mumbai,POS,10,76.14,0
740,3612.19,Bangalore,ATM,7,5.87,0
797,2106.35,Hyderabad,POS,13,64.38,0
27,30765.0,Delhi,Online,22,251.0,1
236,4296.19,Mumbai,POS,8,106.06,0
154,50872.0,Delhi,ATM,5,304.0,1
459,2471.56,Delhi,Online,10,24.56,0
475,1444.75,Chennai,ATM,19,30.78,0
955,5057.57,Mumbai,Online,6,63.35,0
163,2035.61,Bangalore,ATM,19,90.48,0
546,1289.37,Mumbai,Online,11,56.55,0
428,3489.35,Mumbai,Online,15,57.79,0
912,439.28,Hyderabad,Online,17,30.27,0
960,2070.82,Mumbai,Online,11,66.61,0
743,1200.78,Hyderabad,Online,15,22.64,0
77,7363.91,Bangalore,ATM,12,30.14,0
438,3885.69,Bangalore,POS,11,68.22,0
428,47596.0,Delhi,ATM,17,219.0,1
448,903.97,Delhi,POS,16,1.75,0
498,9286.24,Delhi,Online,23,6.04,0
375,37986.0,Hyderabad,ATM,19,368.0,1
886,5359.29,Chennai,ATM,6,58.19,0
141,2444.34,Delhi,ATM,22,25.52,0
318,2450.24,Bangalore,ATM,18,26.5,0
512,272.34,Chennai,POS,23,45.85,0
796,581.97,Bangalore,ATM,6,5.11,0
644,5564.95,Hyderabad,POS,11,100.87,0
33,6199.79,Chennai,ATM,10,53.01,0
339,1023.02,Mumbai,Online,11,10.44,0
179,2639.78,Mumbai,POS,6,21.62,0
837,3741.62,Delhi,ATM,18,46.02,0
900,3618.87,Bangalore,ATM,13,61.26,0
737,723.77,Delhi,POS,20,56.64,0
874,96.94,Chennai,ATM,9,37.05,0
612,27114.0,Mumbai,POS,5,38.0,1
321,3606.35,Mumbai,ATM,22,70.79,0
301,3474.04,Hyderabad,POS,8,11.04,0
356,2940.46,Delhi,POS,16,16.82,0
564,1387.85,Delhi,Online,10,52.13,0
586,1773.52,Chennai,POS,8,13.99,0
310,2044.0,Bangalore,Online,8,43.81,0
295,1363.57,Bangalore,Online,12,38.15,0
27,1576.24,Hyderabad,POS,9,101.17,0
56,2252.14,Chennai,ATM,16,127.04,0
399,3066.03,Chennai,POS,20,0.68,0
986,708.34,Chennai,POS,17,62.14,0
376,984.33,Mumbai,ATM,15,33.98,0
754,3194.46,Chennai,Online,15,16.31,0
693,2570.78,Delhi,Online,22,74.1,0
643,25503.0,Chennai,ATM,3,36.0,1
179,1746.57,Chennai,POS,17,113.96,0
343,44864.0,Mumbai,ATM,18,262.0,1
459,1537.43,Chennai,ATM,18,2.47,0
31,49170.0,Delhi,POS,2,464.0,1
283,392.06,Delhi,Online,11,56.83,0
269,4729.37,Hyderabad,Online,18,62.16,0
321,34266.0,Mumbai,ATM,3,34.0,1
64,1687.96,Hyderabad,POS,10,87.57,0
426,2687.53,Chennai,ATM,18,57.58,0
688,1601.5,Hyderabad,Online,19,93.65,0
872,146.6,Mumbai,ATM,19,37.15,0
12,6442.12,Mumbai,ATM,8,60.55,0
28,26974.0,Bangalore,POS,5,45.0,1
975,5832.18,Mumbai,POS,14,37.5,0
902,2585.32,Delhi,POS,19,16.66,0
489,3015.38,Hyderabad,POS,14,28.23,0
88,6444.55,Hyderabad,POS,21,76.69,0
542,4589.09,Chennai,Online,23,44.83,0
645,4577.21,Chennai,Online,13,13.75,0
485,451.92,Mumbai,Online,12,20.5,0
241,2346.83,Chennai,POS,20,12.02,0
477,328.02,Chennai,Online,21,49.31,0
791,3930.17,Mumbai,Online,22,94.41,0
833,3108.98,Chennai,POS,8,36.03,0
971,6210.3,Chennai,POS,10,21.38,0
56,2474.77,Hyderabad,ATM,13,20.0,0
115,2277.9,Hyderabad,POS,9,132.7,0
262,6376.49,Bangalore,Online,7,118.2,0
996,2197.34,Delhi,POS,6,37.53,0
801,631.57,Mumbai,POS,15,54.15,0
282,1656.63,Bangalore,Online,9,117.15,0
800,382.13,Mumbai,POS,9,62.77,0
505,6443.78,Mumbai,ATM,7,100.78,0
912,39210.0,Mumbai,ATM,4,36.0,1
655,2218.79,Mumbai,Online,13,74.59,0
534,4864.15,Bangalore,POS,11,68.49,0
49,839.2,Delhi,Online,21,19.01,0
567,4253.99,Delhi,ATM,11,51.44,0
395,45770.0,Mumbai,Online,13,263.0,1
968,1713.38,Mumbai,ATM,6,24.3,0
794,3430.02,Bangalore,ATM,16,0.84,0
219,404.26,Hyderabad,Online,9,0.66,0
252,8118.13,Delhi,Online,9,10.84,0
278,1133.02,Hyderabad,ATM,23,39.17,0
904,1579.43,Delhi,Online,10,60.76,0
85,8704.49,Hyderabad,ATM,22,7.62,0
953,876.39,Delhi,ATM,14,17.99,0
450,7200.35,Delhi,ATM,10,73.99,0
782,2837.96,Bangalore,ATM,15,114.36,0
696,2396.19,Delhi,ATM,13,51.77,0
601,154.81,Delhi,ATM,16,20.34,0
291,6002.41,Delhi,ATM,17,6.97,0
530,4489.96,Delhi,POS,16,61.77,0
138,2341.16,Hyderabad,POS,23,14.14,0
404,6324.09,Delhi,Online,23,13.44,0
917,2879.43,Mumbai,Online,21,23.9,0
301,5337.62,Mumbai,POS,9,20.51,0
448,4074.86,Hyderabad,ATM,16,31.54,0
225,7959.82,Bangalore,ATM,21,30.02,0
136,657.17,Bangalore,POS,9,37.48,0
258,2249.37,Mumbai,ATM,9,26.34,0
325,48480.0,Mumbai,ATM,16,302.0,1
191,2691.94,Mumbai,Online,13,44.52,0
877,6850.08,Mumbai,Online,20,54.68,0
71,6086.85,Delhi,Online,21,16.42,0
691,3259.57,Bangalore,Online,11,19.87,0
940,57759.0,Delhi,ATM,20,284.0,1
215,5394.01,Delhi,Online,9,68.01,0
544,2589.15,Hyderabad,Online,20,65.9,0
699,38600.0,Mumbai,Online,7,491.0,1
288,7348.99,Delhi,Online,7,37.8,0
355,184.69,Hyderabad,POS,22,30.33,0
685,2543.28,Chennai,Online,14,62.77,0
123,2423.64,Hyderabad,Online,15,1.04,0
658,2743.36,Delhi,Online,12,61.94,0
603,2329.63,Delhi,ATM,12,41.75,0
201,1925.5,Hyderabad,POS,20,8.39,0
788,2266.43,Mumbai,POS,6,0.55,0
849,58117.0,Delhi,ATM,6,94.0,1
794,3069.71,Chennai,Online,8,28.42,0
989,2744.32,Mumbai,Online,18,2.46,0
137,1542.57,Mumbai,Online,22,6.17,0
681,600.8,Mumbai,ATM,14,14.65,0
245,1089.5,Chennai,ATM,9,10.26,0
86,36986.0,Hyderabad,POS,19,376.0,1
615,29800.0,Hyderabad,POS,3,327.0,1
675,3190.14,Mumbai,ATM,15,0.97,0
369,1098.97,Chennai,ATM,18,59.9,0
644,9802.31,Delhi,Online,23,46.49,0
93,51188.0,Delhi,POS,15,259.0,1
437,454.12,Chennai,Online,23,35.85,0
382,3092.58,Chennai,Online,20,36.04,0
61,681.85,Mumbai,Online,9,21.93,0
348,2194.03,Delhi,Online,6,5.61,0
20,2746.23,Bangalore,POS,17,62.77,0
320,1943.4,Bangalore,POS,13,9.22,0
879,5214.48,Chennai,POS,23,58.07,0
932,6761.81,Chennai,ATM,13,77.81,0
949,4725.36,Mumbai,POS,8,40.08,0
197,666.96,Bangalore,Online,16,22.58,0
96,5163.37,Hyderabad,Online,12,31.46,0
738,3337.69,Mumbai,ATM,10,53.57,0
26,1223.06,Bangalore,ATM,15,2.89,0
956,2912.91,Delhi,Online,10,29.81,0
334,647.46,Bangalore,ATM,14,3.25,0
228,4414.92,Bangalore,POS,8,42.19,0
363,594.24,Chennai,Online,18,42.61,0
364,20195.0,Mumbai,ATM,2,28.0,1
463,517.82,Mumbai,Online,19,70.51,0
494,908.57,Bangalore,ATM,20,66.15,0
285,3977.88,Delhi,Online,10,9.92,0
775,759.88,Chennai,ATM,19,9.49,0
151,2336.35,Hyderabad,ATM,23,43.42,0
279,965.68,Chennai,POS,18,0.78,0
663,2063.22,Hyderabad,POS,21,31.92,0
228,3241.52,Bangalore,Online,9,10.48,0
867,1083.71,Hyderabad,POS,17,35.57,0
95,6740.55,Delhi,ATM,11,31.9,0
96,2764.78,Delhi,Online,20,14.39,0
808,2118.84,Hyderabad,ATM,23,32.88,0
824,2120.77,Delhi,POS,17,9.67,0
515,5582.19,Mumbai,ATM,14,98.08,0
649,1619.96,Delhi,POS,20,12.08,0
791,8644.0,Bangalore,ATM,10,66.75,0
300,55035.0,Delhi,POS,20,29.0,1
311,158.15,Hyderabad,Online,21,20.95,0
528,4879.65,Bangalore,POS,22,40.55,0
827,5273.18,Bangalore,POS,19,26.71,0
493,22620.0,Hyderabad,Online,1,48.0,1
6,3563.16,Bangalore,ATM,22,2.84,0
947,120.53,Delhi,ATM,9,83.1,0
978,1269.79,Mumbai,POS,11,10.55,0
423,1769.59,Hyderabad,POS,10,19.65,0
176,1102.48,Chennai,Online,6,18.24,0
746,155.9,Delhi,POS,18,52.26,0
76,667.89,Hyderabad,ATM,17,77.79,0
376,3911.28,Mumbai,Online,13,63.52,0
227,6094.61,Chennai,Online,15,10.81,0
418,3513.75,Chennai,POS,21,36.82,0
578,2178.55,Delhi,Online,7,6.26,0
505,5143.58,Chennai,ATM,13,17.3,0
748,6207.29,Hyderabad,POS,14,41.04,0
984,156.61,Chennai,Online,7,14.86,0
973,192.39,Chennai,POS,20,70.88,0
271,794.85,Bangalore,POS,7,29.92,0
488,2969.33,Mumbai,ATM,12,5.14,0
109,40692.0,Delhi,POS,14,176.0,1
317,2893.71,Chennai,Online,7,104.49,0
410,4749.21,Bangalore,ATM,15,11.35,0
609,2235.27,Chennai,Online,22,15.0,0
380,4143.14,Bangalore,ATM,8,48.55,0
387,8432.91,Hyderabad,ATM,13,10.72,0
42,2156.55,Chennai,Online,9,23.33,1
154,3500.21,Mumbai,POS,9,47.9,0
406,8504.68,Mumbai,POS,7,75.87,0
866,4962.89,Chennai,Online,23,59.52,0
752,2626.24,Mumbai,ATM,9,70.45,1
392,35184.0,Chennai,Online,5,30.0,1
113,3789.32,Delhi,Online,8,40.11,0
963,59.72,Bangalore,Online,11,12.6,0
762,199.69,Chennai,POS,18,86.44,0
139,46792.0,Delhi,ATM,16,323.0,1
457,3773.04,Chennai,ATM,6,42.8,0
160,1886.91,Delhi,ATM,18,38.06,0
37,45024.0,Delhi,POS,23,80.0,1
531,4039.2,Mumbai,ATM,14,17.45,0
52,6542.19,Bangalore,ATM,16,23.24,1
902,1605.08,Mumbai,ATM,10,60.86,0
251,32443.0,Bangalore,POS,21,279.0,1
516,5703.91,Chennai,POS,12,15.2,0
159,8114.25,Chennai,POS,12,51.08,0
653,4057.96,Mumbai,Online,22,30.17,0
436,3892.2,Bangalore,ATM,15,20.84,0
172,3569.49,Bangalore,POS,6,24.23,0
200,2394.3,Chennai,ATM,19,30.84,0
715,4451.4,Bangalore,ATM,18,59.92,0
776,2517.17,Mumbai,POS,18,15.36,0
161,55945.0,Delhi,POS,13,484.0,1
625,3009.01,Chennai,ATM,21,26.33,0
425,1160.76,Hyderabad,ATM,14,23.56,0
994,3422.9,Hyderabad,ATM,15,46.75,0
353,7210.32,Chennai,Online,20,21.71,0
203,2202.15,Bangalore,POS,12,35.34,0
179,3317.84,Bangalore,Online,10,43.37,0
796,1433.09,Bangalore,ATM,19,37.23,0
264,1132.45,Hyderabad,POS,15,43.55,0
882,4747.81,Hyderabad,ATM,19,54.93,0
351,2363.53,Chennai,Online,6,42.0,0
160,174.26,Delhi,Online,18,39.76,0
775,9356.44,Hyderabad,ATM,17,7.04,0
207,3377.51,Hyderabad,Online,12,17.8,0
255,931.9,Delhi,POS,13,23.82,0
397,4257.42,Mumbai,Online,22,77.67,0
752,4700.39,Delhi,ATM,17,3.19,0
924,1544.38,Chennai,Online,23,34.22,1
207,6139.57,Bangalore,POS,18,20.05,0
627,906.19,Delhi,POS,20,19.48,0
9,306.44,Delhi,Online,9,7.82,0
365,2528.68,Hyderabad,Online,18,104.78,0
217,3758.9,Mumbai,POS,14,8.26,0
76,1063.3,Hyderabad,ATM,18,57.33,0
591,3074.45,Bangalore,Online,20,39.52,0
374,3045.26,Bangalore,POS,10,36.6,0
822,5643.8,Chennai,POS,23,49.93,0
64,4756.59,Hyderabad,ATM,15,73.2,0
37,3263.03,Bangalore,Online,10,84.05,0
694,3142.92,Bangalore,POS,15,0.95,0
659,1990.19,Mumbai,POS,6,8.81,0
539,451.83,Mumbai,Online,18,91.59,0
428,2898.89,Chennai,Online,15,14.74,0
765,3174.82,Delhi,Online,22,158.99,0
902,1405.17,Chennai,ATM,9,32.25,0
988,2151.71,Delhi,Online,13,1.63,0
386,2746.56,Delhi,POS,18,13.27,0
289,42611.0,Delhi,POS,23,259.0,1
510,390.82,Mumbai,POS,23,17.12,0
854,503.68,Delhi,Online,17,25.51,0
673,5352.7,Mumbai,POS,15,43.85,0
345,4653.04,Hyderabad,POS,21,64.3,0
166,2858.48,Delhi,POS,20,2.07,0
570,41849.0,Delhi,ATM,5,473.0,1
709,326.76,Delhi,Online,9,9.56,0
116,438.94,Hyderabad,POS,18,46.58,0
780,3050.35,Bangalore,ATM,22,44.84,0
287,1491.01,Hyderabad,POS,7,81.59,0
451,729.06,Hyderabad,ATM,18,45.0,0
1000,692.35,Hyderabad,Online,12,134.19,0
347,846.85,Chennai,Online,10,6.25,0
756,1433.69,Mumbai,POS,16,2.57,0
188,354.43,Delhi,ATM,12,17.16,0
843,5236.78,Mumbai,Online,11,25.71,0
162,1343.5,Hyderabad,POS,21,7.22,0
126,355.42,Chennai,POS,9,12.65,0
360,6001.36,Mumbai,POS,12,2.56,0
201,1745.54,Delhi,POS,11,98.88,0
89,4638.62,Hyderabad,ATM,15,38.7,0
508,7884.39,Bangalore,Online,20,34.49,0
237,3969.58,Hyderabad,Online,17,51.63,0
686,2786.03,Hyderabad,Online,7,32.6,0
803,3151.23,Hyderabad,Online,16,13.34,0
739,45018.0,Mumbai,POS,8,358.0,1
877,918.65,Chennai,Online,6,28.51,0
632,963.44,Hyderabad,ATM,23,61.63,0
721,151.86,Delhi,Online,21,37.26,0
106,906.95,Bangalore,POS,20,0.53,0
49,2981.52,Bangalore,POS,17,39.83,0
394,1945.16,Hyderabad,Online,10,34.59,0
560,5379.24,Bangalore,POS,16,6.05,0
282,638.06,Bangalore,ATM,13,17.78,0
785,35480.0,Hyderabad,ATM,20,347.0,1
30,2176.44,Mumbai,Online,22,22.15,0
734,5594.74,Chennai,POS,13,43.46,0
419,545.69,Mumbai,POS,17,17.54,0
564,2567.63,Mumbai,Online,8,41.81,0
363,2782.75,Mumbai,POS,7,55.04,0
753,6351.01,Hyderabad,POS,20,73.6,0
687,1784.59,Delhi,POS,16,26.64,0
316,25971.0,Delhi,ATM,14,251.0,1
782,223.73,Bangalore,POS,21,16.94,0
298,5169.93,Delhi,ATM,17,116.51,0
514,4263.83,Bangalore,Online,12,24.75,0
907,990.54,Mumbai,POS,19,19.11,0
341,6089.32,Delhi,ATM,22,7.76,0
414,668.34,Bangalore,Online,11,70.98,0
888,3549.14,Bangalore,POS,18,22.36,0
46,56995.0,Delhi,Online,21,182.0,1
370,72.28,Bangalore,Online,7,61.3,0
632,744.67,Delhi,POS,12,3.27,0
782,23884.0,Delhi,Online,1,41.0,1
279,1960.01,Delhi,Online,19,7.55,0
528,2717.6,Delhi,POS,18,67.58,0
6,1437.45,Hyderabad,POS,10,34.43,1
526,2526.48,Bangalore,POS,12,17.69,0
565,4625.53,Mumbai,POS,10,12.46,0
580,3450.69,Hyderabad,POS,13,45.79,0
877,496.9,Hyderabad,POS,21,24.96,0
132,1257.64,Delhi,Online,9,3.37,0
979,1043.82,Delhi,ATM,19,33.55,0
106,2254.93,Hyderabad,ATM,20,29.73,0
328,1957.45,Mumbai,ATM,10,70.21,0
802,2104.11,Mumbai,POS,22,13.18,0
173,2737.79,Bangalore,ATM,16,19.69,0
83,1596.41,Bangalore,Online,8,41.23,0
867,1189.18,Bangalore,ATM,13,18.56,0
334,1165.62,Bangalore,POS,19,9.7,0
803,662.14,Delhi,POS,13,38.4,0
434,3431.19,Chennai,Online,22,20.16,0
329,2501.85,Bangalore,POS,16,30.52,0
220,249.56,Bangalore,Online,21,50.19,0
338,9288.26,Mumbai,ATM,11,16.39,0
890,3880.25,Mumbai,ATM,9,106.97,0
342,4379.72,Mumbai,ATM,18,5.02,0
485,1808.65,Hyderabad,ATM,22,31.63,0
457,4655.09,Delhi,ATM,16,38.31,0
260,466.72,Chennai,POS,21,42.11,0
572,1973.7,Chennai,Online,16,59.33,0
523,2371.12,Bangalore,ATM,14,20.75,0
922,478.85,Chennai,Online,8,63.18,0
213,4897.84,Bangalore,ATM,7,12.1,0
679,4731.7,Bangalore,POS,19,9.3,0
225,1299.55,Delhi,ATM,21,45.66,0
81,4207.04,Chennai,Online,16,49.88,0
657,1124.4,Mumbai,ATM,8,40.73,0
378,5337.3,Mumbai,POS,20,4.76,0
392,469.53,Mumbai,POS,7,77.14,0
838,46.66,Chennai,Online,13,41.47,0
385,1834.73,Bangalore,ATM,14,82.08,0
98,5395.78,Hyderabad,ATM,12,127.89,0
924,3962.38,Chennai,POS,11,36.37,0
57,46996.0,Chennai,POS,8,484.0,1
344,3591.21,Hyderabad,Online,21,21.88,0
117,21491.0,Mumbai,Online,2,3.0,1
448,2453.47,Delhi,ATM,17,116.57,0
969,4130.93,Delhi,ATM,22,22.49,0
511,1873.07,Hyderabad,ATM,22,11.04,0
312,3489.76,Hyderabad,POS,21,8.55,0
901,3632.17,Hyderabad,ATM,8,119.82,0
895,5612.4,Bangalore,POS,15,54.25,0
663,974.59,Chennai,ATM,11,1.8,0
654,5246.55,Delhi,Online,6,97.96,0
665,42691.0,Delhi,ATM,4,390.0,1
986,512.98,Hyderabad,ATM,23,78.03,0
621,1154.71,Delhi,Online,6,13.63,0
192,16981.0,Delhi,Online,2,3.0,1
99,2249.08,Mumbai,Online,20,20.24,0
383,263.07,Mumbai,Online,16,40.98,0
577,3374.02,Delhi,ATM,19,37.57,0
730,49683.0,Delhi,Online,22,36.0,1
806,58272.0,Delhi,POS,18,84.0,1
56,1479.3,Delhi,Online,22,18.59,0
556,1653.44,Chennai,Online,20,35.06,0
386,4540.34,Mumbai,ATM,15,29.71,0
414,2937.41,Delhi,POS,13,13.11,0
124,1562.06,Mumbai,POS,22,118.31,0
701,690.44,Hyderabad,POS,17,99.47,0
953,2048.7,Chennai,Online,22,5.36,0
591,16564.0,Delhi,Online,1,11.0,1
462,2060.72,Bangalore,POS,14,27.74,0
250,3986.46,Mumbai,Online,8,1.44,0
837,3284.76,Delhi,Online,15,93.83,0
451,5028.75,Hyderabad,POS,21,127.02,0
403,39.69,Chennai,ATM,21,93.81,0
950,382.02,Delhi,POS,10,27.68,0
658,4207.43,Chennai,Online,9,15.54,0
508,2273.89,Hyderabad,Online,8,55.52,0
915,140.81,Bangalore,ATM,6,93.47,0
503,2163.79,Bangalore,Online,8,106.98,0
281,5013.98,Delhi,POS,18,5.51,0
638,57098.0,Delhi,Online,20,163.0,1
402,802.0,Chennai,ATM,17,15.35,0
435,1602.61,Hyderabad,POS,19,7.58,0
447,5775.68,Mumbai,ATM,22,108.43,0
769,2608.14,Chennai,POS,20,32.28,0
68,372.82,Hyderabad,Online,8,0.85,0
739,1100.37,Chennai,POS,21,48.95,0
2,8301.38,Bangalore,POS,19,25.13,0
755,509.4,Delhi,Online,20,50.83,0
869,1545.04,Mumbai,Online,6,44.8,0
559,419.13,Chennai,ATM,15,92.73,0
975,1251.36,Hyderabad,ATM,8,112.09,0
876,5640.2,Hyderabad,POS,15,5.32,0
524,3558.22,Delhi,POS,12,5.83,0
8,3573.01,Hyderabad,Online,11,30.2,0
880,51427.0,Delhi,POS,0,331.0,1
376,7405.24,Bangalore,POS,17,32.64,0
294,2150.16,Bangalore,ATM,12,24.98,1
147,2636.58,Bangalore,ATM,12,54.28,0
518,3399.81,Mumbai,Online,11,24.18,0
472,3290.37,Delhi,Online,10,24.27,0
403,1027.09,Mumbai,POS,17,11.88,0
4,5493.63,Delhi,ATM,20,90.4,0
294,4396.3,Mumbai,POS,19,11.46,0
149,2819.35,Delhi,ATM,20,10.58,0
207,47293.0,Chennai,ATM,16,497.0,1
63,1087.83,Delhi,ATM,22,11.23,0
734,2014.48,Bangalore,ATM,9,3.8,0
671,6918.32,Hyderabad,POS,18,51.14,0
618,779.36,Mumbai,POS,12,6.38,0
201,513.13,Hyderabad,ATM,19,6.87,0
216,5133.32,Bangalore,POS,22,42.65,0
526,9462.43,Bangalore,Online,23,69.62,0
445,37415.0,Mumbai,Online,5,339.0,1
503,2622.0,Hyderabad,POS,13,43.86,0
999,1402.67,Delhi,Online,9,46.38,0
536,5927.33,Hyderabad,ATM,18,60.45,0
202,20783.0,Hyderabad,POS,5,49.0,1
555,1286.84,Mumbai,POS,10,23.7,0
647,5732.82,Hyderabad,Online,7,52.32,0
451,2399.3,Bangalore,POS,19,22.18,0
687,1507.11,Hyderabad,ATM,8,65.65,0
70,36759.0,Bangalore,ATM,18,416.0,1
514,54629.0,Delhi,Online,7,111.0,1
709,5103.13,Chennai,POS,19,75.93,0
263,1363.68,Chennai,Online,13,29.21,0
287,51474.0,Delhi,ATM,15,96.0,1
541,5352.25,Hyderabad,Online,23,19.58,0
773,2574.3,Mumbai,Online,15,36.63,0
244,20979.0,Bangalore,Online,3,29.0,1
357,368.34,Mumbai,ATM,22,99.49,0
12,2898.55,Hyderabad,POS,15,18.01,0
521,902.27,Delhi,POS,6,89.54,0
637,3085.66,Hyderabad,ATM,19,10.42,0
956,392.25,Mumbai,POS,14,6.33,0
898,36537.0,Delhi,ATM,10,33.0,1
318,942.94,Bangalore,POS,13,61.44,0
622,3435.03,Delhi,Online,15,3.02,0
330,3840.4,Bangalore,ATM,18,27.11,0
63,161.85,Hyderabad,POS,20,43.01,0
154,668.12,Bangalore,ATM,18,8.88,0
87,3965.52,Delhi,Online,13,33.15,0
11,35.12,Chennai,Online,20,69.87,0
760,2270.08,Bangalore,ATM,21,47.15,0
710,6597.3,Hyderabad,Online,23,65.88,0
919,5370.39,Delhi,ATM,13,19.63,0
387,4391.81,Chennai,Online,19,20.68,0
894,1637.97,Chennai,ATM,16,25.14,0
56,2779.08,Hyderabad,POS,8,39.19,0
375,1626.01,Delhi,POS,13,28.07,0
916,3979.52,Mumbai,ATM,14,55.66,0
967,6386.46,Mumbai,Online,11,1.57,0
311,2746.58,Hyderabad,POS,15,37.93,0
86,3782.06,Hyderabad,POS,17,60.45,0
932,4482.26,Hyderabad,POS,12,25.16,0
54,104.22,Chennai,ATM,19,27.48,0
602,15434.0,Bangalore,POS,3,47.0,1
67,1007.84,Bangalore,Online,19,54.94,0
667,7176.8,Mumbai,POS,21,84.31,0
722,3365.1,Chennai,Online,20,1.17,0
26,1418.68,Hyderabad,POS,13,47.9,0
149,7283.48,Delhi,Online,23,18.52,0
825,1362.76,Hyderabad,POS,18,87.38,0
591,25243.0,Mumbai,POS,20,449.0,1
370,3371.42,Hyderabad,ATM,7,40.43,0
886,1269.43,Mumbai,POS,9,68.02,0
154,5346.45,Chennai,ATM,23,52.85,0
541,285.62,Delhi,ATM,23,73.98,0
997,6357.88,Chennai,POS,13,4.34,0
964,658.0,Delhi,ATM,20,122.98,0
790,4173.49,Bangalore,POS,7,22.82,0
382,6100.64,Bangalore,ATM,22,25.1,0
345,493.14,Mumbai,Online,6,14.01,0
949,5125.96,Delhi,ATM,6,89.61,0
317,1145.91,Bangalore,Online,17,79.15,0
100,474.39,Mumbai,ATM,7,87.31,0
644,6254.23,Bangalore,ATM,7,6.72,0
850,304.38,Delhi,POS,6,4.37,0
874,10003.84,Delhi,POS,20,103.72,0
497,2386.17,Hyderabad,Online,21,20.41,0
991,2361.12,Chennai,POS,15,22.19,0
232,1740.08,Hyderabad,POS,7,14.0,0
334,5977.21,Chennai,POS,18,79.97,0
19,4489.75,Chennai,Online,20,78.74,0
801,328.33,Chennai,ATM,11,94.71,0
668,81.01,Chennai,Online,8,32.05,0
595,1089.68,Bangalore,POS,19,5.35,0
137,158.1,Bangalore,Online,23,44.93,0
225,25243.0,Mumbai,Online,17,406.0,1
379,41081.0,Mumbai,ATM,0,386.0,1
820,4556.42,Mumbai,POS,20,6.78,0
158,2089.9,Bangalore,ATM,18,30.16,0
930,3276.04,Bangalore,POS,7,0.84,0
982,7611.69,Hyderabad,Online,7,68.2,0
369,57548.0,Delhi,POS,11,471.0,1
558,4661.85,Bangalore,ATM,7,26.54,0
874,4141.27,Mumbai,POS,23,42.79,0
765,952.91,Delhi,ATM,23,57.55,0
651,3397.64,Bangalore,ATM,14,28.85,0
742,32383.0,Delhi,POS,5,7.0,1
650,34665.0,Bangalore,Online,13,319.0,1
674,4354.29,Delhi,Online,20,11.26,0
4,873.05,Bangalore,ATM,19,50.49,0
933,2044.66,Bangalore,POS,23,97.14,0
878,710.15,Delhi,Online,18,56.54,0
954,2776.68,Bangalore,ATM,17,52.86,0
911,4058.88,Hyderabad,Online,11,25.77,0
283,3971.59,Mumbai,Online,23,57.54,0
439,4596.17,Bangalore,ATM,14,4.42,0
318,11224.01,Chennai,POS,18,98.86,0
395,6117.34,Hyderabad,POS,13,9.71,0
730,2861.46,Chennai,POS,17,16.35,0
206,2842.44,Delhi,Online,12,61.87,0
202,7175.89,Chennai,Online,20,81.09,0
168,906.15,Delhi,ATM,12,66.51,0
468,42272.0,Delhi,POS,14,87.0,1
789,3183.85,Chennai,ATM,18,22.73,0
716,33270.0,Delhi,POS,2,10.0,1
683,36676.0,Mumbai,POS,2,7.0,1
322,1374.27,Bangalore,ATM,6,25.49,0
315,2121.28,Chennai,ATM,12,26.48,0
156,1093.98,Bangalore,Online,21,33.96,0
350,3896.19,Hyderabad,POS,7,0.62,0
519,6112.95,Delhi,ATM,10,3.02,0
89,1101.68,Hyderabad,ATM,14,43.02,0
80,1612.72,Mumbai,ATM,9,14.24,0
133,5571.32,Bangalore,Online,15,10.84,0
7,3491.59,Bangalore,Online,20,51.05,0
852,2015.97,Bangalore,ATM,9,42.13,0
334,363.44,Mumbai,ATM,17,14.32,0
21,4002.83,Delhi,ATM,9,21.12,0
964,3713.22,Bangalore,POS,15,14.16,0
360,2964.77,Mumbai,Online,21,6.43,0
996,1827.34,Chennai,POS,8,19.52,0
74,4303.8,Hyderabad,Online,6,68.74,0
499,1277.05,Delhi,ATM,9,85.42,0
307,35211.0,Chennai,ATM,11,399.0,1
708,6259.98,Delhi,POS,12,52.55,0
879,3620.47,Hyderabad,Online,20,92.73,0
404,7763.54,Chennai,POS,7,3.55,0
248,918.3,Hyderabad,Online,18,3.51,0
319,11300.09,Bangalore,POS,11,68.47,0
668,598.38,Hyderabad,POS,7,60.63,0
18,2384.29,Bangalore,ATM,14,50.13,0
242,1683.75,Chennai,ATM,6,87.5,0
731,3862.86,Hyderabad,POS,7,71.12,0
859,858.17,Mumbai,Online,7,3.24,0
505,1519.78,Bangalore,Online,10,19.05,0
468,1895.49,Mumbai,ATM,13,48.41,0
628,5709.12,Chennai,ATM,12,30.7,0
665,1082.01,Chennai,ATM,7,55.08,0
240,2275.01,Delhi,Online,11,88.54,0
845,2688.95,Delhi,ATM,12,34.82,0
813,176.9,Delhi,Online,20,18.93,0
788,290.58,Delhi,Online,12,33.35,0
356,4090.49,Hyderabad,ATM,15,49.02,0
61,1213.43,Chennai,POS,6,35.27,0
638,2375.87,Mumbai,ATM,14,53.51,0
718,450.52,Delhi,POS,13,19.42,0
873,2534.23,Chennai,Online,8,27.1,0
445,4278.26,Delhi,POS,7,139.36,0
780,3938.65,Delhi,ATM,11,0.06,0
44,3246.84,Hyderabad,POS,11,20.81,0
534,4558.57,Delhi,ATM,12,33.34,0
612,2471.54,Hyderabad,ATM,17,16.1,0
576,5668.29,Mumbai,ATM,8,23.82,0
286,954.38,Delhi,Online,14,57.28,0
470,1094.12,Delhi,ATM,9,13.44,0
867,3477.6,Hyderabad,POS,16,44.4,0
207,3156.39,Bangalore,ATM,19,39.53,0
792,376.28,Mumbai,Online,6,34.65,0
131,272.44,Mumbai,Online,22,51.14,0
805,2656.99,Delhi,Online,8,31.78,0
755,5732.9,Delhi,ATM,16,25.99,0
465,6626.54,Hyderabad,POS,13,55.56,0
907,439.64,Mumbai,POS,10,74.66,0
381,2801.6,Mumbai,Online,12,9.73,0
706,2845.16,Delhi,Online,8,65.62,0
502,3375.14,Delhi,ATM,19,101.12,0
22,32451.0,Hyderabad,POS,5,40.0,1
156,30408.0,Bangalore,ATM,1,22.0,1
108,5269.59,Chennai,POS,8,36.16,0
219,1088.2,Mumbai,Online,9,1.01,0
215,2224.99,Delhi,Online,11,44.83,0
833,3922.0,Hyderabad,Online,10,18.48,0
569,2371.05,Delhi,Online,14,46.02,0
958,585.76,Mumbai,POS,10,94.78,0
765,4151.5,Delhi,ATM,16,82.77,0
487,1874.44,Chennai,ATM,16,60.13,0
633,3101.52,Hyderabad,ATM,21,27.3,0
830,3672.76,Chennai,POS,9,50.45,0
780,1023.51,Mumbai,Online,19,61.74,0
191,1263.41,Mumbai,POS,18,9.73,0
364,4517.91,Bangalore,POS,7,59.75,0
735,3392.37,Hyderabad,POS,12,9.67,0
898,4700.12,Delhi,ATM,8,23.47,0
254,7264.23,Hyderabad,Online,17,5.77,0
347,2628.88,Hyderabad,POS,21,49.73,0
797,2140.93,Bangalore,Online,11,16.99,0
338,7918.97,Chennai,POS,13,41.92,0
627,2128.39,Hyderabad,ATM,22,42.97,0
81,532.04,Delhi,Online,21,94.2,0
448,1419.01,Hyderabad,ATM,12,39.35,0
974,3188.72,Hyderabad,POS,9,8.79,0
643,3568.31,Hyderabad,POS,20,48.0,0
121,6978.97,Chennai,POS,6,106.24,0
297,2151.31,Delhi,Online,21,131.16,0
335,812.92,Bangalore,Online,20,30.02,0
210,6305.67,Bangalore,Online,10,12.95,0
835,2154.65,Bangalore,ATM,19,70.59,0
829,8192.48,Hyderabad,ATM,23,16.45,0
276,1452.79,Chennai,ATM,11,45.64,0
61,4855.02,Bangalore,ATM,8,29.08,0
631,536.21,Bangalore,Online,18,24.98,0
701,1202.14,Mumbai,Online,6,1.07,0
450,6216.63,Chennai,Online,7,31.41,0
792,2401.63,Delhi,POS,19,20.74,0
943,842.59,Hyderabad,ATM,23,109.81,0
463,446.47,Delhi,POS,15,20.55,0
924,2355.08,Chennai,ATM,14,60.44,0
172,5319.52,Mumbai,ATM,23,8.4,0
435,2882.0,Chennai,POS,22,26.43,0
46,4826.42,Chennai,POS,9,69.45,0
818,39402.0,Delhi,ATM,9,1.0,1
572,194.81,Chennai,POS,13,18.08,0
491,1607.85,Mumbai,POS,18,47.48,0
803,2016.36,Chennai,Online,11,0.73,0
311,1778.47,Delhi,POS,14,7.77,0
717,5890.05,Mumbai,ATM,16,1.85,0
951,2199.55,Chennai,ATM,10,22.1,0
550,24279.0,Delhi,POS,3,8.0,1
585,2702.31,Bangalore,POS,16,21.24,0
191,1134.29,Bangalore,POS,11,30.62,0
101,4163.79,Hyderabad,Online,11,110.71,0
803,27773.0,Mumbai,POS,1,16.0,1
824,2164.08,Mumbai,Online,20,30.85,0
16,2576.01,Mumbai,ATM,9,56.95,0
703,3872.99,Chennai,Online,21,147.16,0
219,156.01,Bangalore,Online,10,22.61,0
359,6656.75,Mumbai,ATM,21,84.31,1
399,3860.23,Mumbai,ATM,21,9.83,0
564,6463.56,Delhi,Online,20,154.53,0
142,4121.39,Chennai,ATM,13,8.39,0
26,1037.61,Mumbai,ATM,18,120.94,0
828,4196.22,Bangalore,ATM,8,32.4,0
928,1400.53,Chennai,ATM,8,25.51,0
516,3641.42,Delhi,POS,15,34.98,0
423,167.43,Mumbai,Online,17,72.65,0
218,5129.29,Hyderabad,Online,12,7.08,0
669,54625.0,Delhi,Online,3,126.0,1
391,3408.96,Mumbai,POS,18,81.11,0
91,2669.61,Delhi,ATM,12,4.35,0
765,20530.0,Mumbai,Online,2,32.0,1
333,2591.76,Delhi,POS,16,13.16,0
844,5748.49,Bangalore,POS,12,25.54,0
611,376.8,Delhi,ATM,20,62.39,0
246,36354.0,Hyderabad,ATM,3,295.0,0
700,5701.45,Chennai,ATM,15,56.92,0
201,56993.0,Delhi,ATM,2,165.0,1
316,6608.35,Bangalore,POS,12,28.24,1
970,2859.81,Delhi,Online,9,60.33,0
146,309.07,Chennai,Online,14,57.71,0
259,879.67,Chennai,POS,17,63.75,0
972,1003.27,Bangalore,Online,19,38.35,0
172,846.41,Mumbai,POS,8,90.5,0
895,5577.85,Delhi,POS,16,76.67,0
208,2384.34,Bangalore,POS,21,22.89,0
444,1591.14,Delhi,ATM,21,59.79,0
950,3149.5,Hyderabad,POS,19,38.37,0
5,7074.94,Chennai,POS,13,20.3,0
136,1631.58,Hyderabad,POS,23,26.33,0
832,816.31,Bangalore,Online,11,0.62,0
428,3488.85,Bangalore,Online,18,6.27,0
878,5936.97,Hyderabad,Online,23,65.55,0
316,5378.31,Delhi,ATM,9,43.06,0
757,303.51,Mumbai,POS,15,36.22,0
335,38052.0,Hyderabad,Online,13,257.0,1
994,4250.85,Hyderabad,ATM,18,29.76,0
798,5151.53,Chennai,POS,18,7.2,0
689,41561.0,Delhi,Online,19,450.0,1
346,32295.0,Hyderabad,POS,5,2.0,1
907,5498.94,Hyderabad,Online,12,20.99,0
721,4131.32,Mumbai,ATM,21,25.87,0
838,906.73,Chennai,Online,11,4.64,0
481,15.1,Mumbai,Online,22,67.14,0
983,1463.06,Hyderabad,ATM,9,15.32,0
143,5815.08,Mumbai,Online,20,56.84,0
202,5669.83,Mumbai,Online,17,46.02,0
154,3007.84,Hyderabad,POS,17,51.45,0
716,2459.62,Mumbai,POS,21,39.84,0
481,42729.0,Bangalore,POS,21,460.0,1
565,29339.0,Mumbai,ATM,5,10.0,0
565,6382.31,Mumbai,Online,18,44.31,0
777,5731.15,Bangalore,ATM,9,41.6,0
703,1030.75,Hyderabad,ATM,16,31.47,0
203,5492.86,Bangalore,Online,6,2.74,0
67,1762.66,Hyderabad,POS,15,44.36,0
630,1387.61,Hyderabad,POS,20,90.37,0
178,647.41,Hyderabad,Online,8,85.93,0
778,2040.2,Delhi,Online,12,94.92,0
297,3769.36,Hyderabad,POS,23,47.55,0
78,2134.16,Bangalore,POS,19,2.38,0
200,2644.73,Delhi,Online,20,102.97,0
287,2598.82,Delhi,Online,15,75.63,0
868,3042.4,Bangalore,Online,11,41.18,0
909,6761.15,Chennai,Online,22,26.44,0
975,1642.03,Chennai,ATM,8,30.93,0
607,8076.64,Bangalore,Online,14,36.33,0
533,840.81,Delhi,Online,19,48.56,0
247,5769.19,Mumbai,ATM,6,41.87,0
754,7571.5,Delhi,Online,7,127.82,0
421,38578.0,Delhi,POS,23,468.0,1
736,6277.79,Delhi,POS,12,34.34,0
86,2365.78,Mumbai,ATM,21,1.23,0
819,7682.19,Delhi,ATM,19,45.35,0
513,719.61,Bangalore,Online,12,75.95,0
933,2541.89,Chennai,Online,11,9.95,0
665,2569.6,Delhi,POS,16,7.23,0
860,288.2,Delhi,POS,8,10.46,0
847,34346.0,Mumbai,Online,1,348.0,1
380,4187.77,Delhi,POS,18,84.63,0
523,4736.67,Chennai,ATM,7,26.07,0
870,3116.75,Mumbai,ATM,19,13.16,0
84,2006.39,Bangalore,ATM,7,29.91,0
98,7580.02,Hyderabad,Online,20,11.62,0
649,2792.55,Delhi,ATM,22,11.51,0
810,1651.14,Chennai,POS,8,53.18,0
204,3584.59,Hyderabad,Online,15,1.45,0
920,1016.51,Chennai,ATM,8,0.61,0
838,2034.82,Delhi,ATM,13,28.61,0
643,2173.26,Mumbai,POS,11,66.93,0
221,853.8,Chennai,POS,15,18.35,0
177,2865.85,Chennai,POS,15,26.1,0
22,1531.45,Delhi,ATM,18,73.79,0
546,243.92,Delhi,Online,16,29.79,0
227,193.85,Chennai,Online,8,7.75,0
430,8391.89,Hyderabad,Online,13,82.27,0
8,275.1,Chennai,POS,17,104.83,0
89,1876.2,Chennai,Online,6,25.3,0
399,5516.31,Chennai,ATM,6,12.76,0
953,965.07,Bangalore,POS,14,19.62,0
319,35.67,Hyderabad,POS,10,40.87,0
998,1669.21,Hyderabad,POS,21,40.55,0
317,2042.08,Chennai,POS,9,27.72,0
588,4569.18,Mumbai,Online,14,66.4,0
263,792.79,Delhi,ATM,10,34.97,0
317,3487.57,Bangalore,Online,8,26.39,0
800,571.62,Mumbai,POS,18,41.4,0
725,38374.0,Delhi,POS,21,251.0,1
302,39104.0,Chennai,POS,2,12.0,1
450,3516.01,Bangalore,ATM,22,75.34,0
249,1206.48,Mumbai,Online,23,117.68,0
806,2019.21,Mumbai,ATM,22,33.86,0
745,5300.17,Chennai,ATM,21,44.41,0
886,50961.0,Delhi,Online,2,423.0,1
326,348.2,Delhi,ATM,14,46.47,0
439,4672.87,Bangalore,ATM,20,1.97,0
470,2163.13,Chennai,Online,9,0.4,0
960,1716.32,Chennai,POS,6,51.62,0
642,3111.14,Hyderabad,Online,17,23.99,0
503,3345.13,Mumbai,ATM,11,23.95,0
893,4199.53,Delhi,ATM,19,1.03,0
29,2615.36,Mumbai,Online,17,9.89,0
622,256.5,Hyderabad,POS,14,76.91,0
861,4141.31,Chennai,POS,19,53.84,0
686,148.38,Hyderabad,POS,12,27.5,0
839,2794.73,Delhi,Online,11,64.48,0
896,458.07,Bangalore,POS,17,32.46,0
847,1345.81,Chennai,Online,13,30.21,0
597,6813.36,Mumbai,Online,6,99.85,0
49,4075.98,Bangalore,ATM,23,37.22,0
754,54587.0,Delhi,Online,21,426.0,1
312,4585.99,Delhi,ATM,16,37.15,0
152,35.66,Bangalore,POS,21,2.2,0
758,254.82,Hyderabad,Online,16,11.01,0
147,1639.9,Bangalore,POS,6,4.26,0
198,2518.41,Chennai,POS,9,0.01,0
198,1755.75,Bangalore,ATM,22,20.34,0
193,48.26,Bangalore,POS,19,24.53,0
718,5254.74,Bangalore,POS,21,89.47,0
467,25429.0,Bangalore,POS,2,38.0,1
585,5594.01,Mumbai,POS,18,31.71,0
367,1100.74,Hyderabad,POS,20,33.02,0
558,2961.06,Delhi,Online,10,39.1,0
853,2401.07,Bangalore,ATM,7,14.24,0
812,3142.86,Bangalore,ATM,16,32.18,0
441,3025.78,Delhi,POS,8,19.68,0
976,2177.22,Hyderabad,POS,18,43.24,0
984,4727.97,Delhi,Online,9,87.22,0
588,4623.45,Hyderabad,Online,22,43.96,0
449,38644.0,Delhi,Online,9,448.0,1
247,1329.72,Hyderabad,POS,23,43.63,0
217,6995.8,Mumbai,POS,8,8.59,0
319,4387.19,Bangalore,Online,15,59.73,0
448,101.99,Mumbai,ATM,20,5.04,0
190,161.56,Mumbai,ATM,13,9.63,0
514,1105.48,Chennai,Online,15,34.46,0
304,3313.13,Hyderabad,ATM,13,16.58,0
183,3484.76,Chennai,POS,16,20.7,0
616,4123.02,Bangalore,Online,21,53.91,0
736,3235.15,Chennai,ATM,6,32.72,0
78,1315.87,Hyderabad,POS,22,8.87,0
844,28002.0,Chennai,ATM,4,26.0,1
589,20.27,Chennai,Online,12,55.6,0
360,7949.85,Mumbai,ATM,21,19.31,0
137,2263.02,Hyderabad,Online,10,52.47,0
355,3607.52,Hyderabad,POS,16,11.42,0
25,4947.11,Delhi,ATM,14,22.16,0
437,1689.68,Bangalore,POS,13,0.71,0
930,1827.94,Bangalore,Online,21,35.43,0
159,8298.48,Mumbai,Online,11,13.93,0
327,1470.98,Mumbai,POS,12,5.32,0
23,4733.58,Bangalore,Online,9,10.87,0
658,3466.78,Bangalore,POS,6,33.58,0
682,6473.07,Chennai,POS,12,38.09,0
750,5153.1,Hyderabad,Online,10,28.26,0
477,4484.65,Bangalore,ATM,19,33.65,0
627,27712.0,Mumbai,Online,5,20.0,1
991,535.77,Hyderabad,ATM,10,77.32,0
576,6689.23,Hyderabad,POS,7,47.35,0
452,2759.21,Delhi,ATM,17,11.55,0
693,101.09,Hyderabad,ATM,18,24.24,0
376,5432.89,Hyderabad,Online,14,32.58,0
582,1051.46,Bangalore,POS,10,35.74,0
632,930.07,Delhi,Online,18,30.61,0
188,6199.4,Bangalore,Online,16,93.86,0
564,4401.76,Hyderabad,ATM,13,66.95,0
643,5694.98,Delhi,POS,21,21.85,0
452,1663.01,Bangalore,Online,20,44.76,0
80,31332.0,Hyderabad,ATM,16,267.0,1
978,3102.51,Bangalore,ATM,19,39.96,0
896,1769.0,Hyderabad,POS,22,0.63,0
449,1622.26,Delhi,POS,11,43.07,0
339,2356.86,Chennai,POS,16,38.29,0
992,3289.62,Mumbai,Online,8,84.51,0
269,1564.33,Delhi,Online,23,16.51,0
879,8064.29,Chennai,ATM,13,49.38,0
66,5583.71,Chennai,POS,13,63.54,0
129,4572.95,Hyderabad,POS,21,74.59,0
545,2851.72,Bangalore,POS,22,19.15,0
807,5293.72,Delhi,ATM,19,66.64,0
803,5325.94,Bangalore,Online,17,12.23,0
629,158.58,Chennai,Online,16,19.57,0
888,4836.69,Bangalore,ATM,8,61.22,0
270,25972.0,Hyderabad,ATM,2,44.0,1
575,720.97,Mumbai,ATM,9,25.77,0
245,1936.33,Mumbai,Online,20,59.25,0
85,359.93,Chennai,POS,7,49.26,0
85,1457.91,Hyderabad,POS,7,61.57,0
784,29511.0,Delhi,ATM,3,21.0,1
253,2975.51,Mumbai,Online,23,29.07,0
905,4084.07,Mumbai,Online,8,19.52,0
844,4258.67,Bangalore,ATM,14,3.71,0
255,3173.14,Hyderabad,POS,6,39.12,0
400,718.76,Bangalore,Online,10,78.41,0
801,4713.43,Delhi,POS,14,91.19,0
438,6970.91,Chennai,POS,12,16.74,0
641,1444.54,Delhi,ATM,22,10.56,0
578,24.53,Hyderabad,POS,6,82.07,0
389,1965.76,Chennai,POS,15,54.28,0
204,19818.0,Bangalore,POS,4,18.0,1
515,1907.48,Hyderabad,POS,23,115.79,0
275,481.96,Delhi,ATM,13,19.74,0
746,4729.95,Delhi,Online,7,24.01,0
177,2887.45,Hyderabad,Online,7,8.12,0
95,1314.37,Mumbai,Online,7,38.0,0
770,4548.14,Chennai,Online,22,77.07,0
216,4923.27,Delhi,Online,16,60.18,0
111,4897.82,Delhi,Online,13,7.69,0
2,1705.61,Bangalore,ATM,21,38.96,0
630,4796.3,Chennai,Online,11,11.9,0
743,4171.83,Bangalore,Online,15,104.25,0
476,1971.79,Delhi,Online,11,74.62,0
979,1338.99,Hyderabad,ATM,19,83.11,0
652,106.6,Chennai,Online,10,36.17,0
238,1512.11,Delhi,ATM,13,8.54,0
446,22737.0,Delhi,POS,1,47.0,1
179,2546.8,Bangalore,POS,14,6.53,0
617,32875.0,Delhi,Online,2,8.0,1
140,6089.22,Chennai,Online,17,31.23,0
375,56101.0,Delhi,POS,16,100.0,1
706,3383.01,Bangalore,POS,9,68.26,0
131,30314.0,Bangalore,ATM,1,42.0,1
469,843.69,Hyderabad,POS,11,53.09,0
308,5630.91,Delhi,ATM,21,16.79,0
617,28378.0,Delhi,POS,3,309.0,1
820,2428.05,Bangalore,Online,9,21.67,0
134,159.43,Bangalore,ATM,16,52.34,0
822,4963.97,Mumbai,POS,14,49.19,0
542,4388.88,Hyderabad,Online,9,38.45,0
820,2404.57,Mumbai,ATM,23,1.23,0
516,5640.97,Mumbai,ATM,12,8.69,0
712,3119.94,Delhi,Online,11,30.2,0
73,32.1,Bangalore,ATM,11,1.81,0
7,421.82,Hyderabad,ATM,11,49.89,0
529,37016.0,Delhi,ATM,15,127.0,1
957,2054.1,Delhi,POS,21,14.96,0
665,2407.52,Delhi,POS,6,80.54,0
700,686.93,Hyderabad,ATM,14,22.78,0
678,36321.0,Mumbai,POS,4,355.0,1
28,3296.18,Chennai,Online,22,0.22,0
703,4040.66,Chennai,Online,23,4.53,0
184,2050.96,Chennai,ATM,13,22.58,0
171,4791.0,Hyderabad,Online,17,23.79,0
785,549.53,Hyderabad,POS,6,23.44,0
393,1013.41,Bangalore,Online,6,81.31,0
293,3728.18,Hyderabad,Online,14,46.55,0
845,208.66,Hyderabad,POS,9,28.64,0
927,729.52,Hyderabad,Online,18,26.27,0
60,6044.88,Hyderabad,POS,22,20.67,0
735,4874.0,Chennai,Online,20,72.77,0
202,210.39,Chennai,Online,17,34.5,0
706,1181.6,Delhi,Online,18,44.43,0
975,2373.1,Bangalore,Online,17,0.28,0
930,3091.74,Chennai,POS,19,79.85,0
264,4462.45,Delhi,ATM,15,34.46,0
426,3908.15,Bangalore,POS,14,32.17,0
878,20433.0,Chennai,Online,5,19.0,0
926,7177.88,Chennai,Online,20,140.53,0
459,4078.15,Bangalore,POS,9,2.03,0
487,559.39,Mumbai,Online,11,50.06,0
868,7139.12,Hyderabad,POS,13,48.76,0
438,896.42,Mumbai,POS,10,37.17,0
215,2443.88,Delhi,ATM,7,53.66,0
283,848.84,Bangalore,ATM,17,4.52,0
432,17572.0,Chennai,Online,1,44.0,1
360,10476.0,Chennai,POS,18,63.93,0
750,5460.39,Hyderabad,Online,12,63.01,0
212,57781.0,Delhi,ATM,18,43.0,1
405,58121.0,Delhi,Online,12,493.0,1
328,35753.0,Hyderabad,Online,3,43.0,1
516,131.57,Bangalore,ATM,20,13.73,0
970,1013.41,Chennai,POS,13,90.02,0
565,6240.94,Mumbai,ATM,7,16.68,0
551,7361.76,Delhi,ATM,23,9.79,0
328,9778.17,Mumbai,POS,23,17.23,0
519,3738.58,Delhi,Online,23,80.0,0
182,5842.9,Mumbai,ATM,14,35.54,0
465,1586.58,Bangalore,ATM,13,35.71,0
892,458.55,Chennai,Online,7,17.61,0
198,1337.92,Delhi,ATM,21,79.04,0
485,2161.28,Chennai,POS,7,73.11,0
900,4787.41,Bangalore,ATM,16,5.9,0
794,55840.0,Delhi,POS,22,314.0,0
712,7250.97,Chennai,POS,19,18.45,0
398,3763.5,Delhi,ATM,18,99.11,0
103,1553.57,Hyderabad,Online,23,50.83,0
885,105.59,Chennai,ATM,16,33.05,0
312,6948.85,Hyderabad,Online,6,45.0,0
330,3445.5,Mumbai,POS,18,36.95,0
981,592.21,Mumbai,POS,19,77.71,0
97,1146.88,Bangalore,Online,21,9.19,0
405,8344.84,Mumbai,ATM,16,36.14,0
818,4785.87,Bangalore,ATM,11,77.74,0
427,58.58,Hyderabad,POS,10,72.49,0
352,504.32,Mumbai,Online,6,17.23,0
854,1194.0,Chennai,POS,23,21.1,0
378,4476.47,Mumbai,ATM,15,23.36,0
737,536.33,Chennai,POS,22,43.73,0
239,1184.45,Hyderabad,POS,13,6.4,0
916,2156.05,Mumbai,ATM,11,33.17,0
866,31583.0,Chennai,ATM,2,18.0,1
703,3179.54,Mumbai,Online,22,8.16,0
571,4551.33,Bangalore,Online,21,1.12,0
97,45.05,Mumbai,ATM,7,63.4,0
988,39311.0,Delhi,ATM,15,266.0,1
268,4959.54,Hyderabad,Online,22,10.62,0
542,2642.62,Chennai,Online,6,62.29,0
93,577.78,Chennai,POS,11,58.72,0
283,2219.34,Hyderabad,Online,14,25.4,0
82,1221.45,Mumbai,POS,11,83.69,0
677,5468.5,Chennai,POS,10,66.0,0
504,24456.0,Bangalore,POS,2,41.0,1
296,4383.46,Chennai,POS,15,32.84,0
588,8017.7,Delhi,POS,23,74.19,0
201,1089.3,Bangalore,ATM,20,15.38,0
906,1498.22,Hyderabad,Online,15,30.37,0
760,44767.0,Hyderabad,Online,22,297.0,1
808,3928.28,Hyderabad,Online,18,54.64,0
125,4457.56,Hyderabad,POS,18,22.65,0
73,3257.77,Bangalore,ATM,9,44.54,0
867,263.08,Hyderabad,Online,20,54.77,0
691,4521.63,Hyderabad,POS,19,46.19,0
386,466.75,Delhi,POS,19,55.52,0
612,1493.73,Delhi,POS,20,63.87,0
494,1227.39,Hyderabad,Online,7,94.21,0
326,2574.33,Bangalore,POS,10,98.17,0
749,925.61,Bangalore,Online,13,8.97,0
286,2594.52,Delhi,POS,8,24.85,0
737,1793.01,Bangalore,POS,22,26.88,0
346,113.19,Bangalore,Online,23,34.34,0
377,714.7,Bangalore,Online,17,28.41,0
997,2128.37,Mumbai,Online,8,15.2,0
4,5944.81,Hyderabad,ATM,23,32.3,0
819,204.9,Hyderabad,Online,11,19.7,0
795,897.61,Mumbai,POS,17,121.41,0
770,1522.42,Bangalore,ATM,12,26.76,0
536,4841.31,Bangalore,POS,7,56.23,0
750,2709.86,Chennai,POS,6,1.94,0
193,8082.09,Chennai,ATM,15,5.01,0
314,684.93,Chennai,POS,21,22.29,0
871,3190.41,Hyderabad,ATM,23,51.08,0
500,5054.21,Bangalore,Online,15,9.71,0
647,1395.42,Hyderabad,ATM,13,122.0,0
433,3504.95,Chennai,POS,14,35.06,0
956,1601.71,Bangalore,ATM,11,0.12,0
518,361.37,Mumbai,POS,21,5.95,0
912,1788.69,Mumbai,Online,17,27.86,0
408,4974.46,Chennai,Online,8,8.71,0
122,208.93,Chennai,ATM,16,60.81,0
587,7275.93,Mumbai,POS,7,6.55,0
81,54032.0,Delhi,Online,21,500.0,1
81,6182.18,Hyderabad,POS,18,5.81,0
36,908.38,Delhi,ATM,9,97.3,0
650,3572.33,Mumbai,ATM,8,10.22,0
495,4071.53,Delhi,Online,14,23.71,0
967,1802.34,Delhi,ATM,8,56.32,0
188,36149.0,Chennai,ATM,18,343.0,1
774,1198.39,Hyderabad,Online,17,41.16,0
416,1641.69,Mumbai,ATM,12,55.12,0
422,3160.97,Hyderabad,ATM,16,33.91,0
458,21841.0,Delhi,POS,3,11.0,0
581,1967.52,Delhi,Online,18,2.14,0
21,437.31,Bangalore,POS,19,26.82,0
641,164.41,Bangalore,ATM,22,20.77,0
842,5169.21,Delhi,Online,15,17.41,0
154,118.18,Delhi,POS,19,10.88,0
598,6146.73,Delhi,Online,17,24.69,0
585,3788.85,Delhi,Online,17,27.61,0
78,5089.26,Delhi,Online,18,125.91,0
613,384.4,Delhi,POS,18,49.09,0
799,39934.0,Chennai,ATM,1,271.0,1
597,2536.63,Mumbai,ATM,14,53.78,0
242,39783.0,Chennai,POS,4,45.0,1
101,1735.83,Mumbai,POS,6,42.66,0
953,1684.25,Bangalore,Online,13,39.9,0
753,43991.0,Delhi,ATM,12,65.0,1
226,788.9,Hyderabad,ATM,17,40.36,0
805,5504.13,Hyderabad,Online,15,22.01,0
762,1926.16,Hyderabad,POS,12,51.47,1
28,578.3,Mumbai,POS,9,37.74,0
934,56401.0,Delhi,ATM,5,137.0,1
506,1210.28,Bangalore,ATM,18,14.59,0
733,420.03,Chennai,ATM,8,101.52,0
145,8525.98,Mumbai,Online,13,7.69,0
721,2285.16,Chennai,Online,12,0.61,0
85,36541.0,Hyderabad,ATM,5,360.0,1
736,5332.5,Delhi,POS,6,75.28,0
736,36918.0,Delhi,Online,18,129.0,1
458,3341.79,Chennai,ATM,23,33.8,0
683,1930.46,Mumbai,Online,23,97.91,0
298,3330.74,Hyderabad,Online,9,31.17,0
385,1286.04,Bangalore,Online,12,4.45,0
874,3585.34,Bangalore,Online,10,62.1,0
167,1454.62,Mumbai,Online,14,101.94,0
444,6827.07,Hyderabad,POS,12,33.77,0
765,2228.41,Delhi,ATM,9,95.54,0
140,32743.0,Delhi,POS,3,30.0,0
265,5708.76,Chennai,ATM,19,6.84,0
280,4453.02,Chennai,ATM,20,159.86,0
684,2325.48,Bangalore,POS,16,21.63,0
359,2527.26,Hyderabad,Online,10,22.33,0
856,436.39,Hyderabad,Online,14,32.08,0
122,1773.2,Hyderabad,ATM,16,23.28,0
772,4284.73,Hyderabad,ATM,21,77.74,0
829,4719.5,Mumbai,POS,23,90.6,0
762,3203.97,Bangalore,Online,19,14.95,0
355,2870.59,Chennai,Online,19,76.26,0
192,2182.87,Mumbai,POS,20,2.33,0
128,3748.74,Delhi,POS,21,33.54,0
531,2428.25,Mumbai,ATM,9,49.97,0
948,2257.77,Mumbai,Online,16,3.51,0
563,422.8,Chennai,POS,7,18.25,0
22,2485.65,Hyderabad,Online,22,68.77,0
187,2826.9,Chennai,POS,10,6.2,0
642,290.79,Hyderabad,ATM,10,53.49,0
354,4271.74,Bangalore,POS,8,35.39,0
748,121.5,Hyderabad,Online,6,54.27,0
89,2600.39,Mumbai,Online,21,76.77,0
947,1837.61,Delhi,ATM,22,8.33,0
254,4035.49,Hyderabad,POS,14,138.8,0
173,5978.23,Chennai,Online,11,16.56,0
307,2713.32,Chennai,POS,20,15.05,0
33,5287.58,Bangalore,POS,9,39.97,0
806,5307.22,Bangalore,POS,16,58.31,0
391,767.98,Hyderabad,POS,17,36.23,0
166,42739.0,Delhi,Online,3,333.0,1
144,7162.74,Hyderabad,ATM,18,41.97,0
23,56420.0,Delhi,POS,22,233.0,1
288,39484.0,Hyderabad,Online,11,278.0,1
303,10551.03,Hyderabad,POS,21,13.38,0
129,184.02,Hyderabad,POS,6,2.86,0
150,6145.07,Hyderabad,ATM,22,8.31,0
707,2383.31,Mumbai,POS,10,14.83,0
954,2128.49,Bangalore,POS,19,22.62,0
77,1598.13,Mumbai,POS,16,0.99,0
946,1987.31,Delhi,ATM,8,57.18,0
310,7291.88,Bangalore,Online,7,32.02,0
91,834.02,Chennai,POS,7,31.25,0
194,2571.3,Mumbai,ATM,10,16.92,0
956,2729.39,Mumbai,ATM,6,65.18,0
772,5587.5,Delhi,ATM,23,34.59,0
954,629.44,Bangalore,ATM,13,33.02,0
113,44915.0,Delhi,POS,21,113.0,1
385,699.41,Delhi,ATM,10,69.81,0
119,4749.84,Hyderabad,POS,16,38.42,0
612,4389.68,Chennai,POS,10,27.28,0
396,151.13,Hyderabad,ATM,9,47.62,0
239,313.19,Bangalore,ATM,15,82.28,0
286,1039.23,Mumbai,ATM,14,35.09,0
783,8307.75,Chennai,POS,23,25.31,0
120,2216.29,Chennai,ATM,13,62.71,0
186,4863.83,Delhi,Online,11,6.39,0
792,459.81,Hyderabad,POS,16,1.66,0
527,6353.57,Hyderabad,Online,21,3.96,0
680,2244.35,Delhi,Online,20,11.34,0
355,4126.65,Mumbai,ATM,23,17.78,0
42,1020.3,Mumbai,ATM,17,38.44,0
263,4005.82,Hyderabad,Online,6,31.57,0
291,4391.84,Chennai,POS,7,76.19,0
72,4066.68,Chennai,ATM,16,37.73,0
554,1630.42,Hyderabad,POS,12,48.75,0
995,27810.0,Hyderabad,Online,15,351.0,1
395,2868.83,Mumbai,POS,7,100.22,0
3,1714.66,Hyderabad,POS,6,77.15,0
441,4632.34,Hyderabad,Online,7,46.77,0
113,4044.47,Chennai,ATM,18,56.46,0
19,1627.48,Delhi,POS,11,12.2,0
27,2458.74,Delhi,Online,21,9.72,0
279,2110.65,Delhi,POS,23,55.15,0
193,2429.84,Delhi,POS,19,34.33,0
735,4625.12,Hyderabad,Online,14,19.51,0
979,5462.5,Mumbai,ATM,22,5.68,0
750,1846.95,Bangalore,POS,23,35.85,0
722,2690.73,Mumbai,Online,7,102.73,0
476,5403.9,Mumbai,Online,21,59.63,0
538,2477.26,Bangalore,Online,13,5.0,0
177,1188.02,Hyderabad,POS,9,10.45,0
759,3153.81,Hyderabad,POS,9,50.91,0
451,3217.17,Chennai,ATM,9,3.97,0
461,25192.0,Bangalore,ATM,2,16.0,1
717,1538.32,Chennai,Online,14,56.84,0
966,3400.33,Delhi,POS,20,13.63,0
324,1902.3,Mumbai,ATM,14,27.26,0
359,604.95,Bangalore,POS,17,51.08,0
401,1237.58,Hyderabad,POS,6,10.57,0
69,59057.0,Delhi,POS,8,14.0,1
980,3843.32,Delhi,POS,15,46.64,0
586,2729.03,Delhi,Online,9,13.15,0
253,3099.37,Hyderabad,ATM,12,54.94,0
1000,4279.78,Chennai,ATM,18,0.24,0
412,5866.46,Mumbai,ATM,15,50.24,0
991,1728.14,Chennai,ATM,21,29.98,0
506,1521.54,Delhi,POS,8,61.59,0
135,3542.04,Chennai,ATM,20,70.46,0
447,1896.77,Chennai,POS,19,29.3,0
50,239.83,Hyderabad,Online,10,63.99,0
783,2845.38,Bangalore,Online,12,120.56,0
622,849.05,Delhi,Online,19,88.46,1
473,20681.0,Delhi,POS,4,21.0,1
919,266.87,Bangalore,Online,12,20.78,0
814,4324.57,Mumbai,ATM,6,9.58,0
995,1116.79,Mumbai,Online,12,46.31,0
869,7684.37,Chennai,Online,11,25.03,0
940,461.82,Chennai,ATM,18,0.51,0
317,9569.12,Bangalore,Online,23,16.75,0
736,226.76,Mumbai,Online,9,47.25,0
349,3487.7,Hyderabad,Online,16,28.18,0
182,54204.0,Delhi,Online,14,173.0,1
796,3973.93,Hyderabad,Online,13,9.83,0
577,1965.09,Delhi,Online,19,48.52,0
975,2408.79,Chennai,ATM,18,34.07,0
627,404.51,Chennai,Online,10,94.52,0
445,521.32,Hyderabad,POS,22,24.17,0
4,4554.95,Mumbai,Online,16,6.14,0
270,38870.0,Delhi,ATM,4,485.0,1
107,1444.57,Mumbai,POS,12,61.44,0
876,6082.02,Bangalore,POS,8,1.51,0
312,3622.1,Delhi,POS,17,43.64,0
917,125.1,Bangalore,POS,18,0.12,0
207,6013.45,Chennai,Online,21,45.86,0
140,8393.75,Delhi,ATM,21,27.24,0
126,1548.55,Bangalore,ATM,18,16.62,0
884,8635.04,Mumbai,Online,6,85.55,0
134,1586.95,Mumbai,Online,13,33.81,0
461,2110.95,Bangalore,ATM,13,29.1,0
678,164.1,Delhi,Online,20,19.99,0
164,27251.0,Hyderabad,Online,4,331.0,1
865,1564.73,Hyderabad,POS,12,46.49,0
432,1875.94,Bangalore,POS,14,9.44,0
650,39821.0,Delhi,Online,23,395.0,1
778,599.86,Mumbai,Online,7,26.03,0
628,3471.98,Chennai,POS,14,1.45,0
50,8962.06,Mumbai,POS,7,44.31,0
349,5866.5,Bangalore,POS,18,12.73,0
92,201.13,Hyderabad,POS,17,56.03,0
703,2429.05,Mumbai,ATM,22,82.67,0
588,55674.0,Delhi,ATM,0,85.0,1
186,842.37,Hyderabad,POS,23,5.95,0
23,5041.11,Bangalore,POS,19,27.04,0
485,2726.83,Delhi,ATM,12,14.94,0
986,6546.7,Mumbai,POS,9,8.15,0
242,6234.47,Mumbai,POS,15,29.41,0
243,1414.63,Delhi,POS,8,81.45,0
416,3047.62,Hyderabad,ATM,20,58.76,0
972,207.15,Mumbai,Online,11,35.37,0
731,1903.08,Delhi,POS,15,22.21,0
808,2310.15,Delhi,POS,15,0.14,0
805,1609.99,Hyderabad,POS,15,15.56,0
337,3338.26,Delhi,Online,9,12.1,0
475,1764.17,Hyderabad,Online,14,106.87,0
736,4203.11,Chennai,Online,12,52.62,0
88,1512.09,Hyderabad,Online,20,21.01,0
289,716.7,Chennai,Online,12,48.88,0
361,1678.8,Delhi,POS,10,21.12,0
742,2491.83,Chennai,Online,20,9.09,0
987,10824.56,Bangalore,ATM,20,23.33,0
684,37.13,Hyderabad,POS,20,44.7,0
247,224.49,Hyderabad,POS,12,4.57,0
573,1269.23,Chennai,POS,21,34.58,0
970,39792.0,Delhi,POS,19,44.0,1
597,41183.0,Delhi,POS,16,478.0,1
86,3522.77,Mumbai,POS,16,5.76,0
242,4154.45,Delhi,POS,16,82.91,0
372,130.56,Hyderabad,Online,17,1.5,0
89,1526.85,Mumbai,ATM,22,77.44,0
789,20276.0,Bangalore,Online,1,30.0,1
897,1086.31,Delhi,Online,22,44.7,0
982,26881.0,Chennai,POS,4,22.0,1
275,5856.33,Bangalore,ATM,12,17.36,0
72,4209.65,Bangalore,POS,12,41.83,0
268,5665.82,Delhi,ATM,6,7.51,0
672,3405.5,Chennai,POS,22,13.51,0
515,1051.38,Chennai,Online,8,26.18,0
55,44029.0,Delhi,POS,1,283.0,1
730,1106.34,Hyderabad,POS,10,6.95,0
190,2434.68,Chennai,Online,15,45.16,0
829,906.79,Bangalore,POS,20,29.78,0
818,49233.0,Delhi,POS,16,103.0,1
566,2054.45,Bangalore,ATM,15,56.77,0
953,1444.22,Chennai,POS,21,6.05,0
336,886.8,Delhi,POS,19,1.89,0
682,360.46,Delhi,POS,6,34.13,0
145,4337.3,Delhi,ATM,12,44.16,0
166,1052.65,Delhi,POS,12,60.77,0
265,951.9,Hyderabad,Online,20,51.44,0
487,236.86,Bangalore,ATM,15,42.56,0
645,2794.48,Hyderabad,Online,11,75.64,0
635,1420.61,Delhi,POS,21,47.36,0
912,1009.84,Delhi,ATM,13,75.87,0
407,8630.35,Hyderabad,ATM,17,74.33,0
158,1264.27,Hyderabad,ATM,17,48.66,0
991,3549.13,Mumbai,POS,18,48.85,0
163,288.73,Hyderabad,POS,15,109.38,0
591,2364.15,Hyderabad,Online,23,50.85,0
573,1250.55,Bangalore,ATM,22,50.18,0
15,6782.82,Bangalore,POS,16,23.02,0
911,3487.45,Mumbai,POS,17,13.53,0
320,163.84,Chennai,ATM,11,85.51,0
765,33342.0,Bangalore,Online,3,472.0,1
19,3804.52,Mumbai,ATM,14,74.96,0
918,757.9,Delhi,Online,11,67.26,0
301,4419.95,Chennai,ATM,13,72.31,0
454,5668.6,Hyderabad,POS,8,35.22,0
269,1319.88,Hyderabad,Online,17,22.42,0
26,1124.42,Delhi,Online,15,25.36,0
458,3071.95,Chennai,ATM,9,111.46,0
512,15207.0,Hyderabad,ATM,5,48.0,1
591,6937.26,Chennai,ATM,18,12.18,0
851,1888.9,Hyderabad,Online,12,40.86,0
787,4984.94,Chennai,ATM,23,40.05,0
691,6170.34,Bangalore,ATM,13,24.14,0
800,2899.75,Hyderabad,ATM,21,31.33,0
611,4095.8,Chennai,ATM,11,66.36,0
912,161.79,Mumbai,ATM,18,4.29,0
862,179.55,Chennai,ATM,16,7.37,0
456,4105.3,Bangalore,POS,18,72.7,0
452,5338.11,Bangalore,Online,20,46.96,0
304,1087.89,Chennai,POS,9,72.2,0
415,2994.03,Delhi,POS,17,26.98,0
142,1551.88,Bangalore,Online,19,42.2,0
309,4833.77,Mumbai,ATM,19,19.46,0
280,525.26,Mumbai,Online,16,58.2,0
126,1159.74,Chennai,Online,23,23.46,0
711,2138.72,Delhi,POS,8,9.87,0
55,454.69,Mumbai,Online,8,18.99,0
832,1245.09,Delhi,POS,23,34.13,0
321,14.45,Hyderabad,ATM,9,58.44,0
891,1336.33,Mumbai,Online,22,42.92,0
757,1296.56,Delhi,ATM,23,10.54,0
877,5037.31,Chennai,POS,6,8.45,0
45,1181.37,Bangalore,POS,17,80.58,0
750,3534.8,Delhi,Online,16,93.14,0
694,5787.14,Bangalore,Online,11,34.36,0
900,4979.85,Delhi,POS,15,86.27,0
447,6608.44,Mumbai,Online,21,59.4,0
179,4912.57,Mumbai,Online,13,5.13,0
738,50341.0,Delhi,ATM,0,260.0,1
247,522.15,Delhi,POS,14,7.61,0
597,3004.37,Delhi,Online,23,77.14,0
916,1160.12,Mumbai,POS,16,74.57,0
878,1704.5,Chennai,Online,23,64.13,0
2,39769.0,Bangalore,POS,6,382.0,1
388,525.36,Delhi,POS,15,54.22,0
897,6891.35,Delhi,ATM,7,65.37,0
467,2645.38,Delhi,Online,21,11.7,0
171,3328.53,Chennai,ATM,6,19.73,0
789,386.83,Mumbai,Online,22,10.6,0
981,7892.15,Chennai,POS,11,143.61,0
550,6698.01,Bangalore,POS,23,33.91,0
275,996.75,Delhi,Online,6,29.91,0
153,206.85,Mumbai,Online,10,17.66,0
106,8463.49,Chennai,Online,16,100.31,0
839,4248.84,Mumbai,POS,10,38.03,0
507,4689.17,Delhi,ATM,10,1.93,0
921,4469.03,Bangalore,Online,22,24.36,0
538,38669.0,Delhi,POS,8,387.0,1
610,535.74,Mumbai,POS,11,30.4,0
979,1258.78,Mumbai,POS,15,14.92,0
879,44717.0,Bangalore,Online,18,399.0,1
725,1907.23,Hyderabad,ATM,12,5.88,0
938,46075.0,Delhi,POS,14,308.0,1
876,3637.43,Delhi,ATM,17,86.01,0
264,960.13,Mumbai,ATM,6,37.62,0
895,1024.34,Hyderabad,POS,21,4.58,0
791,6386.94,Mumbai,POS,16,23.47,0
881,3709.4,Chennai,Online,21,23.73,0
881,2704.38,Chennai,POS,12,25.49,0
449,3808.2,Mumbai,Online,7,2.5,0
910,38112.0,Hyderabad,Online,0,418.0,0
974,5496.78,Mumbai,ATM,18,207.12,0
373,34056.0,Bangalore,Online,5,28.0,1
934,1622.93,Bangalore,Online,13,31.15,0
228,296.86,Bangalore,POS,7,112.38,0
547,2071.35,Hyderabad,ATM,7,41.25,0
609,2231.63,Bangalore,ATM,9,5.93,0
173,1907.06,Hyderabad,Online,10,63.48,0
924,1241.5,Hyderabad,POS,18,43.17,0
554,2066.33,Hyderabad,POS,17,23.64,0
269,4885.0,Bangalore,ATM,19,54.13,0
461,4441.78,Bangalore,Online,7,18.45,0
872,5297.62,Chennai,Online,9,26.73,0
654,1381.41,Bangalore,ATM,20,19.5,0
492,4479.88,Chennai,Online,19,73.05,0
311,411.45,Delhi,POS,22,46.65,0
44,4092.63,Bangalore,Online,18,62.43,0
504,1926.54,Hyderabad,Online,13,43.14,0
170,40441.0,Delhi,POS,7,345.0,1
942,763.65,Mumbai,Online,15,56.82,0
547,3826.4,Chennai,ATM,16,46.77,0
19,45218.0,Chennai,Online,6,410.0,1
877,49625.0,Mumbai,Online,8,344.0,1
256,3937.42,Mumbai,Online,10,53.58,0
585,989.19,Chennai,ATM,23,107.33,0
642,1862.48,Hyderabad,Online,23,27.13,0
374,848.12,Hyderabad,ATM,13,118.17,0
182,386.12,Mumbai,ATM,22,1.41,0
605,5961.18,Hyderabad,Online,23,0.91,0
896,2153.67,Chennai,ATM,11,4.08,0
975,1185.5,Bangalore,POS,19,28.53,0
930,3668.83,Mumbai,POS,8,22.16,0
593,308.24,Hyderabad,ATM,23,20.46,0
41,2213.76,Bangalore,POS,23,69.52,0
868,2901.5,Delhi,ATM,14,56.93,0
123,4623.14,Chennai,Online,9,109.1,0
685,1274.8,Mumbai,ATM,16,45.1,0
235,2441.21,Chennai,POS,7,10.89,0
139,3785.74,Delhi,Online,13,9.04,0
166,3698.01,Bangalore,Online,21,38.35,0
852,2027.36,Chennai,POS,17,14.51,0
173,2227.03,Mumbai,Online,8,66.82,0
718,2178.74,Delhi,Online,18,60.18,0
885,3015.89,Mumbai,ATM,20,12.26,0
375,544.66,Bangalore,Online,20,33.92,0
113,121.21,Hyderabad,POS,14,10.69,0
361,170.49,Delhi,ATM,16,13.53,0
451,868.59,Chennai,POS,18,18.38,0
238,4644.62,Hyderabad,ATM,22,51.96,0
438,5874.63,Bangalore,Online,10,51.91,0
782,2725.67,Mumbai,ATM,6,11.67,0
775,846.72,Chennai,POS,8,33.89,0
14,2023.59,Bangalore,POS,21,44.87,0
997,187.0,Hyderabad,Online,19,8.14,0
655,42.09,Hyderabad,POS,21,20.47,0
49,361.85,Mumbai,Online,16,26.98,0
528,49.9,Mumbai,Online,10,35.17,0
997,1719.75,Delhi,ATM,14,11.42,0
359,2794.21,Delhi,ATM,21,10.73,0
455,5389.55,Bangalore,POS,11,38.69,0
817,1449.09,Bangalore,Online,20,60.24,0
418,48697.0,Delhi,POS,14,291.0,1
129,969.38,Bangalore,Online,12,73.98,0
624,31261.0,Chennai,POS,12,365.0,1
738,4248.95,Mumbai,Online,23,48.33,0
881,4362.51,Hyderabad,Online,8,11.44,0
79,649.61,Chennai,Online,18,30.02,0
818,54198.0,Delhi,ATM,3,187.0,1
35,6600.52,Bangalore,Online,11,81.78,0
775,2377.67,Chennai,POS,12,15.78,0
430,6115.87,Hyderabad,ATM,15,24.73,0
689,2696.55,Hyderabad,Online,22,77.6,0
742,519.02,Mumbai,ATM,10,51.46,0
272,3571.68,Chennai,POS,8,8.02,0
513,990.3,Chennai,Online,15,26.22,0
633,2878.35,Bangalore,ATM,20,61.17,0
27,2402.23,Chennai,ATM,11,37.05,0
273,4965.66,Hyderabad,Online,21,59.92,0
219,5958.74,Hyderabad,ATM,22,94.77,0
755,3240.45,Hyderabad,POS,18,41.9,0
630,1025.67,Chennai,POS,15,7.62,0
70,2821.39,Chennai,POS,14,11.1,0
768,2853.5,Mumbai,POS,16,5.46,0
584,2805.32,Delhi,ATM,23,13.03,0
700,995.44,Hyderabad,Online,14,18.8,0
901,7761.78,Bangalore,ATM,11,83.2,0
725,3675.88,Hyderabad,POS,21,76.27,0
885,30486.0,Mumbai,Online,3,3.0,1
255,4405.38,Chennai,POS,11,19.06,0
190,37216.0,Hyderabad,ATM,9,318.0,1
641,2526.71,Chennai,ATM,16,3.11,0
339,1004.89,Bangalore,ATM,20,46.65,0
634,2468.49,Bangalore,POS,12,34.64,0
983,2983.51,Chennai,ATM,12,48.37,0
411,247.64,Bangalore,ATM,15,68.06,0
712,643.09,Chennai,ATM,12,18.54,0
140,1440.67,Chennai,ATM,18,35.32,0
16,578.32,Chennai,ATM,17,14.5,0
26,2516.17,Mumbai,POS,8,21.51,0
627,2247.22,Delhi,Online,16,27.23,0
288,8585.31,Chennai,POS,14,138.06,0
828,92.35,Mumbai,ATM,18,105.91,0
137,3796.49,Hyderabad,Online,17,19.31,0
84,5193.13,Delhi,POS,18,24.24,0
637,2185.81,Hyderabad,POS,7,66.45,0
260,5816.34,Chennai,ATM,6,59.33,0
814,459.82,Mumbai,ATM,9,4.72,0
621,2305.31,Bangalore,Online,19,1.3,0
68,3312.62,Chennai,POS,14,59.81,0
206,49756.0,Bangalore,POS,8,476.0,1
407,7178.13,Mumbai,ATM,16,38.95,0
549,567.0,Hyderabad,ATM,17,2.63,0
518,1783.94,Mumbai,ATM,21,35.73,0
956,3174.5,Chennai,ATM,19,112.52,0
45,625.46,Delhi,Online,9,29.24,0
981,9074.13,Hyderabad,POS,20,19.26,0
311,2445.45,Mumbai,Online,8,37.24,0
464,24613.0,Delhi,ATM,3,29.0,1
474,2256.26,Chennai,POS,16,29.01,0
566,5150.4,Mumbai,ATM,23,17.37,0
883,816.19,Mumbai,Online,20,52.03,0
316,2549.0,Chennai,POS,16,57.64,0
154,1452.99,Chennai,Online,17,28.44,0
393,4330.03,Bangalore,POS,23,11.17,0
59,1787.01,Mumbai,ATM,10,7.92,0
572,5694.35,Bangalore,Online,9,66.3,0
780,724.71,Bangalore,Online,18,54.15,0
412,716.46,Hyderabad,Online,11,13.42,0
343,3349.34,Hyderabad,Online,22,4.75,0
744,269.79,Mumbai,POS,8,65.21,0
255,2431.28,Delhi,ATM,22,31.77,0
592,3184.96,Hyderabad,POS,11,111.21,0
964,29078.0,Mumbai,ATM,4,20.0,1
460,26145.0,Chennai,Online,0,395.0,1
956,2322.64,Chennai,Online,12,14.03,0
766,3739.07,Bangalore,Online,20,107.11,0
521,6788.56,Bangalore,ATM,15,18.53,0
941,6090.88,Chennai,ATM,10,34.3,0
712,3521.58,Bangalore,ATM,6,14.26,0
750,4463.06,Delhi,Online,17,1.69,0
88,3429.65,Hyderabad,Online,17,65.11,0
378,56.47,Delhi,POS,11,22.11,0
75,27947.0,Bangalore,Online,4,7.0,1
621,3673.59,Mumbai,Online,22,45.13,0
840,7873.99,Bangalore,POS,7,52.22,0
473,1735.86,Delhi,ATM,18,54.02,0
227,2104.25,Hyderabad,ATM,14,18.25,0
500,837.0,Chennai,ATM,23,11.41,0
941,1749.92,Mumbai,Online,13,12.08,0
327,1554.32,Mumbai,ATM,21,6.7,0
106,6715.6,Delhi,Online,6,10.96,0
990,1721.76,Bangalore,ATM,9,2.43,0
389,153.84,Bangalore,POS,18,56.92,0
592,2427.51,Mumbai,POS,20,25.51,0
900,135.86,Mumbai,ATM,22,17.67,0
164,2609.52,Delhi,POS,19,77.08,0
369,4022.62,Delhi,POS,6,86.54,0
68,940.03,Hyderabad,Online,14,79.99,0
607,551.59,Delhi,Online,16,31.4,0
923,2347.01,Delhi,Online,6,129.59,0
587,5270.75,Delhi,POS,21,36.56,0
811,23394.0,Hyderabad,POS,3,43.0,1
321,1601.17,Chennai,Online,10,145.33,0
780,5197.72,Hyderabad,POS,21,39.47,1
463,2234.56,Bangalore,Online,15,23.68,0
69,2456.22,Chennai,Online,7,17.85,0
555,2223.69,Bangalore,ATM,10,35.21,0
920,394.42,Delhi,POS,19,85.76,0
180,1634.48,Delhi,POS,19,113.56,0
530,3232.04,Mumbai,Online,11,16.11,0
976,2651.84,Delhi,ATM,15,50.47,0
472,494.62,Delhi,ATM,21,25.77,0
750,2810.48,Mumbai,POS,19,23.96,0
856,4693.4,Chennai,ATM,14,83.88,0
662,1152.71,Mumbai,ATM,22,45.81,0
797,2834.79,Mumbai,POS,16,20.22,0
898,1041.97,Mumbai,Online,15,17.43,0
24,1475.09,Hyderabad,Online,6,48.0,0
458,1000.6,Bangalore,Online,11,20.28,0
219,3956.41,Bangalore,POS,15,70.2,0
240,6767.32,Bangalore,Online,10,62.79,0
436,1037.78,Mumbai,ATM,22,67.05,0
242,40487.0,Delhi,Online,7,438.0,1
918,28894.0,Chennai,Online,4,23.0,1
814,6225.17,Delhi,POS,15,78.53,0
88,25.93,Mumbai,Online,12,56.06,0
108,1013.47,Chennai,POS,6,85.06,0
277,465.41,Chennai,ATM,7,108.93,0
55,4368.36,Hyderabad,Online,14,99.88,0
594,618.61,Chennai,Online,22,30.25,0
899,45559.0,Delhi,ATM,21,269.0,1
534,917.84,Mumbai,Online,17,52.2,0
476,4707.12,Hyderabad,ATM,20,129.85,0
710,3456.12,Delhi,ATM,10,46.2,0
507,597.51,Chennai,Online,12,37.07,0
369,870.33,Bangalore,ATM,15,15.79,0
141,2533.55,Mumbai,Online,19,7.62,0
628,20724.0,Chennai,ATM,2,32.0,1
461,2198.84,Delhi,Online,6,8.76,0
718,870.81,Delhi,ATM,21,63.83,0
226,2536.24,Delhi,Online,15,27.35,0
530,2381.91,Mumbai,ATM,10,31.17,0
70,35948.0,Mumbai,POS,3,13.0,1
647,3601.27,Bangalore,ATM,19,9.92,0
895,8265.09,Bangalore,ATM,23,104.46,0
147,4363.1,Bangalore,ATM,15,45.64,0
645,3634.75,Hyderabad,POS,8,18.81,0
653,3662.04,Hyderabad,ATM,13,53.41,0
656,187.66,Bangalore,POS,16,24.96,0
954,1460.05,Delhi,POS,15,44.69,0
130,59289.0,Delhi,POS,6,209.0,1
118,4161.51,Bangalore,ATM,6,18.22,0
81,2503.58,Delhi,ATM,17,16.96,0
45,406.7,Delhi,POS,23,61.42,0
534,2469.58,Hyderabad,ATM,9,79.12,0
569,10.33,Chennai,Online,21,53.71,0
515,10528.87,Mumbai,POS,20,27.8,0
844,4594.95,Mumbai,ATM,22,44.68,0
120,2276.23,Bangalore,Online,14,39.29,0
400,2929.37,Chennai,Online,18,2.99,0
494,662.11,Chennai,ATM,14,44.7,0
783,927.21,Bangalore,POS,10,116.68,0
795,2352.51,Delhi,POS,20,51.17,0
752,468.01,Mumbai,POS,13,3.91,0
724,9247.13,Bangalore,Online,10,34.23,0
463,1661.35,Mumbai,Online,11,16.89,0
37,3507.78,Mumbai,ATM,22,16.09,0
782,1427.17,Chennai,ATM,19,0.24,0
979,1111.82,Chennai,ATM,10,19.61,0
81,393.57,Delhi,ATM,12,69.23,0
69,1050.78,Hyderabad,POS,18,46.71,0
748,623.65,Chennai,POS,8,12.72,0
507,2018.81,Mumbai,ATM,6,91.3,0
309,35296.0,Hyderabad,Online,2,6.0,1
98,4612.74,Delhi,ATM,6,81.51,0
592,3186.38,Mumbai,ATM,9,94.68,0
667,6616.0,Chennai,ATM,14,33.18,0
461,356.56,Bangalore,ATM,21,17.82,0
570,6144.69,Bangalore,POS,10,62.66,0
277,4728.84,Hyderabad,POS,9,5.59,0
303,1027.18,Mumbai,POS,15,27.3,0
9,1619.79,Mumbai,Online,20,54.47,0
871,4500.35,Delhi,POS,22,39.57,0
549,5587.88,Mumbai,Online,11,16.4,0
496,36189.0,Delhi,POS,4,49.0,1
434,1683.44,Bangalore,Online,16,18.4,0
605,272.97,Delhi,ATM,14,56.24,0
962,3399.42,Hyderabad,Online,18,7.82,0
305,3734.08,Chennai,POS,6,23.55,0
990,6257.73,Chennai,ATM,12,60.05,0
303,2900.48,Bangalore,Online,6,0.66,0
532,4567.23,Delhi,ATM,17,29.63,0
190,2725.75,Bangalore,Online,16,62.14,0
265,6289.61,Bangalore,Online,15,52.62,0
430,1161.15,Hyderabad,POS,12,29.01,0
920,2517.27,Mumbai,ATM,6,6.86,0
997,3810.35,Bangalore,ATM,18,8.93,0
8,407.64,Hyderabad,ATM,21,66.32,0
225,36124.0,Bangalore,POS,15,385.0,1
167,2431.67,Chennai,POS,11,27.15,0
930,5472.7,Delhi,Online,10,3.84,0
994,8190.64,Chennai,Online,13,12.39,0
559,8003.84,Mumbai,POS,15,38.74,0
787,3562.45,Delhi,Online,7,22.13,0
322,5368.7,Bangalore,Online,23,13.91,0
387,2882.61,Delhi,POS,12,22.53,0
347,4821.68,Hyderabad,ATM,8,22.79,0
492,7060.24,Delhi,POS,9,39.8,0
727,2046.88,Delhi,ATM,16,57.58,0
254,235.07,Hyderabad,ATM,21,9.64,0
504,1043.28,Hyderabad,ATM,10,55.63,0
91,1779.02,Hyderabad,POS,18,73.25,0
974,5019.41,Mumbai,Online,15,21.59,0
525,5346.8,Hyderabad,Online,9,42.98,0
750,1033.64,Hyderabad,Online,15,29.79,0
476,1618.76,Delhi,POS,14,2.34,0
117,1611.93,Delhi,Online,19,94.07,0
277,26579.0,Bangalore,ATM,1,11.0,1
823,4463.6,Delhi,POS,6,22.16,0
823,4716.0,Chennai,Online,22,11.86,0
959,148.33,Mumbai,POS,12,10.33,0
683,4572.6,Bangalore,ATM,9,1.57,0
545,4415.36,Mumbai,Online,15,40.32,0
38,1525.66,Bangalore,ATM,19,6.49,0
839,5689.17,Bangalore,Online,11,20.38,0
938,7248.23,Mumbai,Online,15,57.38,0
320,2399.76,Hyderabad,ATM,12,18.97,0
154,3870.28,Mumbai,POS,9,30.67,0
659,7063.34,Bangalore,Online,16,10.65,0
674,1271.2,Chennai,POS,13,9.2,0
752,1070.52,Bangalore,POS,22,149.16,0
707,5159.83,Delhi,ATM,22,12.48,0
854,1674.25,Bangalore,Online,10,57.55,1
65,5006.59,Chennai,ATM,14,135.58,0
118,3938.98,Mumbai,ATM,21,11.4,0
686,1943.43,Bangalore,POS,7,54.01,0
352,8748.56,Hyderabad,POS,20,37.84,0
839,5311.29,Delhi,Online,8,100.21,0
877,500.79,Hyderabad,ATM,23,82.88,0
673,3980.6,Chennai,ATM,15,2.38,0
82,2132.52,Mumbai,ATM,15,6.09,0
367,4192.64,Mumbai,Online,22,2.55,0
873,370.48,Hyderabad,POS,12,1.18,0
31,1951.57,Chennai,POS,13,86.47,0
700,1581.68,Chennai,POS,9,57.22,0
319,3987.08,Hyderabad,Online,14,68.05,0
855,5048.08,Mumbai,POS,17,10.46,0
671,381.07,Bangalore,Online,18,24.72,0
234,608.1,Delhi,Online,22,23.94,0
567,206.33,Bangalore,Online,14,17.84,0
793,3226.06,Hyderabad,ATM,20,46.93,0
996,1803.01,Delhi,POS,7,22.41,0
397,1929.3,Hyderabad,Online,13,18.43,0
583,2992.92,Delhi,POS,22,12.87,0
408,38578.0,Delhi,ATM,17,367.0,1
784,45255.0,Delhi,Online,2,89.0,1
289,3834.28,Chennai,ATM,12,14.87,0
44,4031.91,Mumbai,ATM,10,77.39,0
143,7793.85,Mumbai,ATM,8,10.0,0
867,53488.0,Delhi,POS,15,29.0,1
106,4860.72,Bangalore,Online,22,7.29,0
751,1835.95,Delhi,POS,21,12.67,0
757,9407.78,Hyderabad,ATM,14,22.66,0
274,405.43,Hyderabad,ATM,22,72.58,0
825,7931.2,Delhi,ATM,7,1.84,0
826,4242.69,Delhi,POS,19,52.8,0
804,621.51,Hyderabad,ATM,13,43.62,0
315,197.59,Delhi,Online,12,39.52,0
657,5503.39,Chennai,POS,12,2.09,0
750,3565.54,Hyderabad,POS,18,30.55,0
648,3923.8,Bangalore,POS,15,67.83,0
889,42202.0,Delhi,Online,12,273.0,1
538,254.13,Mumbai,ATM,8,6.22,0
564,504.44,Hyderabad,POS,6,31.45,0
979,5570.68,Chennai,POS,10,77.26,0
857,992.39,Delhi,ATM,18,24.6,0
400,3346.93,Bangalore,POS,12,41.06,0
999,644.41,Chennai,Online,10,101.03,0
831,4789.56,Mumbai,Online,7,57.63,0
992,5620.38,Chennai,Online,13,36.71,0
768,53989.0,Delhi,Online,5,462.0,1
551,1091.94,Mumbai,ATM,7,3.05,0
95,2963.16,Mumbai,ATM,20,30.75,0
583,1502.36,Mumbai,POS,21,7.97,0
726,5622.0,Hyderabad,Online,8,12.85,0
133,1253.63,Hyderabad,Online,10,11.1,0
70,3529.98,Bangalore,Online,15,3.3,0
486,5467.38,Chennai,POS,23,19.28,0
51,38131.0,Chennai,Online,3,38.0,1
619,4575.57,Mumbai,Online,19,32.36,0
767,225.54,Mumbai,POS,10,12.04,0
575,1234.97,Mumbai,POS,6,9.88,0
732,10800.96,Mumbai,POS,12,102.29,0
940,2167.87,Bangalore,POS,12,18.01,0
415,948.7,Chennai,ATM,21,30.09,0
79,3096.55,Delhi,ATM,8,16.24,0
738,4722.45,Chennai,POS,9,88.48,0
12,3007.86,Hyderabad,POS,15,15.09,0
155,3052.34,Hyderabad,Online,11,47.38,0
66,1441.01,Bangalore,POS,22,10.9,0
934,4888.73,Hyderabad,POS,12,61.49,0
151,610.48,Chennai,POS,23,10.45,0
531,107.96,Chennai,ATM,11,49.89,0
745,105.61,Bangalore,ATM,20,70.66,0
821,4059.19,Hyderabad,ATM,14,29.73,0
522,35061.0,Delhi,Online,8,444.0,1
498,3691.59,Delhi,POS,15,37.72,0
508,1595.21,Hyderabad,ATM,21,12.68,0
45,2202.31,Hyderabad,Online,22,2.64,0
195,1141.55,Hyderabad,Online,17,95.54,0
71,3288.08,Chennai,Online,15,108.53,0
757,5816.9,Hyderabad,POS,11,95.16,0
246,25922.0,Mumbai,ATM,23,421.0,1
48,1233.39,Bangalore,Online,9,39.66,0
386,714.7,Bangalore,POS,15,73.17,0
68,30336.0,Hyderabad,POS,4,43.0,1
707,6498.01,Bangalore,POS,23,4.68,0
192,1175.3,Bangalore,Online,6,10.73,0
787,398.67,Delhi,POS,23,24.68,0
60,46112.0,Delhi,POS,2,24.0,1
745,34408.0,Chennai,ATM,2,13.0,1
119,1345.19,Hyderabad,Online,16,96.54,0
328,11.05,Hyderabad,POS,6,92.96,0
318,4556.51,Bangalore,Online,17,29.81,0
578,4254.36,Chennai,POS,15,10.68,0
601,5868.15,Chennai,ATM,6,38.35,0
129,3004.0,Delhi,ATM,12,24.81,0
912,4361.92,Bangalore,POS,23,4.45,0
340,22351.0,Hyderabad,ATM,2,10.0,1
239,2388.77,Mumbai,ATM,23,20.64,0
883,2142.88,Chennai,Online,12,67.52,0
489,2621.2,Mumbai,Online,12,43.45,0
143,5480.85,Chennai,ATM,11,23.32,0
686,306.96,Delhi,ATM,7,4.11,0
962,3579.29,Hyderabad,Online,11,30.19,0
403,1829.48,Delhi,Online,18,66.62,0
231,144.7,Delhi,Online,15,5.22,0
115,2021.32,Hyderabad,POS,10,22.21,0
845,2121.04,Delhi,ATM,15,11.36,0
642,3039.15,Mumbai,Online,13,33.31,0
837,305.4,Chennai,POS,16,31.32,0
84,5585.16,Delhi,POS,22,45.29,0
242,4807.13,Bangalore,Online,10,18.6,0
859,818.45,Chennai,POS,14,30.48,0
989,2969.66,Delhi,Online,20,57.14,0
244,10367.74,Mumbai,POS,12,59.09,0
391,1521.31,Delhi,ATM,18,28.36,0
350,8845.55,Chennai,Online,10,0.72,1
545,2152.54,Mumbai,POS,15,38.02,0
977,6705.31,Hyderabad,POS,10,35.02,0
379,333.8,Mumbai,POS,14,39.69,0
78,2931.61,Delhi,POS,9,12.21,0
117,4506.33,Chennai,Online,14,37.35,0
465,1216.56,Hyderabad,Online,14,17.19,0
461,1530.17,Chennai,POS,19,17.53,0
103,1619.41,Hyderabad,POS,13,10.82,0
875,35125.0,Hyderabad,ATM,19,463.0,1
98,703.79,Mumbai,POS,13,41.53,0
806,898.72,Delhi,Online,9,32.09,0
336,955.18,Hyderabad,ATM,9,22.11,0
958,2259.11,Delhi,Online,7,31.11,0
321,4705.04,Bangalore,POS,16,75.25,0
86,2866.46,Delhi,Online,7,43.47,0
575,1202.67,Delhi,Online,22,40.22,0
381,38045.0,Delhi,Online,5,46.0,1
355,7100.56,Hyderabad,POS,7,109.37,0
164,3960.93,Delhi,Online,9,52.92,0
600,2762.83,Hyderabad,POS,22,28.3,0
397,2802.36,Delhi,ATM,21,6.3,0
606,36056.0,Hyderabad,POS,5,26.0,1
633,653.46,Mumbai,Online,17,24.07,0
83,1831.17,Delhi,POS,20,107.34,1
258,4759.88,Mumbai,POS,13,24.23,0
225,1209.18,Delhi,POS,9,93.8,0
581,1920.14,Hyderabad,Online,18,26.58,0
300,2136.75,Mumbai,POS,21,10.21,0
212,2119.52,Delhi,POS,6,88.1,0
22,2653.12,Chennai,Online,23,27.48,0
704,6714.6,Mumbai,POS,8,27.41,0
659,171.11,Bangalore,ATM,17,62.14,0
480,4363.58,Bangalore,Online,8,18.36,0
929,3939.71,Hyderabad,ATM,15,29.49,0
61,3444.9,Delhi,ATM,21,11.68,0
914,3160.93,Hyderabad,Online,13,4.03,0
541,104.08,Hyderabad,Online,18,38.17,0
971,5165.03,Chennai,POS,16,0.94,0
549,6568.13,Chennai,ATM,13,46.5,0
839,2693.13,Bangalore,Online,15,26.7,0
358,5002.02,Mumbai,POS,15,4.03,0
533,6734.8,Mumbai,POS,23,39.05,0
54,259.91,Mumbai,Online,22,32.36,0
159,2456.36,Bangalore,Online,15,36.85,0
245,2319.65,Mumbai,ATM,15,25.61,0
389,9579.13,Hyderabad,ATM,11,63.71,0
574,32721.0,Mumbai,Online,23,434.0,1
102,3062.28,Delhi,POS,23,39.46,0
838,2103.64,Chennai,ATM,13,115.87,0
535,5000.87,Bangalore,Online,21,15.23,0
857,116.19,Hyderabad,Online,14,85.14,0
510,57015.0,Delhi,Online,2,369.0,1
148,2437.61,Chennai,ATM,10,19.54,0
740,1616.64,Bangalore,Online,13,7.16,0
267,3070.54,Mumbai,ATM,7,19.48,0
787,3382.2,Delhi,POS,18,16.95,0
646,3263.04,Delhi,Online,17,14.67,0
466,31.72,Hyderabad,Online,20,10.2,0
579,153.16,Mumbai,POS,19,29.02,0
140,1001.55,Delhi,POS,9,4.03,0
109,2115.68,Hyderabad,Online,20,55.82,0
674,514.61,Delhi,ATM,17,19.84,0
596,2364.08,Hyderabad,Online,17,20.43,0
440,2231.22,Mumbai,ATM,13,60.14,0
868,2569.52,Delhi,Online,21,21.33,0
101,125.98,Mumbai,Online,21,108.44,0
885,64.93,Delhi,POS,12,73.39,0
264,4590.55,Hyderabad,ATM,12,4.26,0
68,1100.87,Bangalore,ATM,16,17.28,0
510,7625.14,Delhi,POS,15,27.73,0
406,3659.25,Mumbai,ATM,10,18.13,0
17,2820.15,Delhi,Online,11,79.93,0
520,1257.44,Delhi,Online,12,62.85,0
703,4614.16,Delhi,POS,18,34.84,0
825,2333.94,Mumbai,ATM,13,33.54,0
829,897.77,Bangalore,Online,9,11.03,0
299,1614.9,Bangalore,Online,19,19.57,0
84,55763.0,Delhi,Online,20,456.0,1
753,5577.52,Chennai,Online,19,60.61,0
95,9092.65,Bangalore,Online,11,53.87,0
124,3343.93,Bangalore,POS,20,1.21,0
604,1504.36,Chennai,ATM,14,29.59,0
755,978.13,Delhi,ATM,13,11.6,0
998,48691.0,Delhi,ATM,18,401.0,1
713,1646.64,Bangalore,ATM,10,26.88,0
280,640.26,Bangalore,POS,7,55.94,0
227,3099.75,Bangalore,POS,22,33.89,0
178,4402.53,Mumbai,POS,23,0.93,0
79,2167.12,Bangalore,Online,17,68.17,0
227,124.55,Chennai,Online,22,20.08,0
568,523.55,Chennai,POS,18,68.27,0
659,53234.0,Delhi,Online,15,224.0,1
689,5886.88,Chennai,ATM,20,59.79,0
308,5028.72,Bangalore,POS,16,50.95,0
3,6670.78,Delhi,ATM,14,29.26,0
682,1877.22,Hyderabad,Online,13,67.26,0
409,4106.71,Chennai,ATM,19,122.24,0
930,4886.12,Hyderabad,Online,23,17.68,0
909,1532.31,Hyderabad,ATM,23,19.05,0
393,2317.86,Bangalore,POS,21,0.75,0
438,4788.2,Bangalore,ATM,13,9.82,0
132,5075.18,Bangalore,Online,6,26.88,0
464,800.72,Chennai,ATM,6,14.38,0
283,3426.29,Mumbai,POS,13,16.96,0
588,2462.05,Chennai,ATM,16,28.45,0
813,711.07,Mumbai,Online,21,122.92,0
510,5695.4,Hyderabad,POS,22,63.69,0
550,5110.91,Chennai,POS,11,13.81,0
724,4690.42,Bangalore,ATM,7,16.0,0
566,5074.98,Mumbai,POS,6,12.98,0
928,45859.0,Delhi,ATM,9,430.0,1
996,1520.82,Delhi,Online,21,47.81,0
369,414.37,Bangalore,ATM,11,4.34,0
364,34788.0,Hyderabad,POS,6,482.0,1
773,4020.5,Mumbai,POS,22,8.43,0
638,7736.33,Chennai,Online,18,44.69,0
80,3896.44,Delhi,POS,23,7.52,0
456,20488.0,Delhi,POS,4,13.0,1
269,58351.0,Delhi,ATM,21,455.0,1
833,30350.0,Hyderabad,Online,2,3.0,1
869,4634.26,Delhi,Online,19,6.13,0
609,2857.13,Bangalore,Online,22,35.81,0
960,5128.32,Bangalore,ATM,23,24.53,0
238,7957.54,Chennai,POS,7,129.61,0
82,51434.0,Delhi,ATM,15,205.0,1
48,4299.96,Mumbai,Online,6,13.42,0
256,848.19,Bangalore,ATM,10,55.24,0
171,2640.85,Delhi,ATM,11,36.9,0
617,7199.36,Mumbai,ATM,16,31.22,0
412,782.91,Chennai,Online,6,1.82,0
265,36863.0,Delhi,Online,18,129.0,1
194,4473.6,Bangalore,ATM,14,37.74,0
338,697.07,Chennai,ATM,18,47.83,0
734,1613.64,Mumbai,ATM,15,31.89,0
963,1663.63,Hyderabad,POS,11,17.67,0
524,27148.0,Chennai,POS,4,9.0,1
197,4679.58,Chennai,ATM,12,24.32,0
416,7306.68,Mumbai,Online,22,2.36,0
375,56378.0,Delhi,Online,9,231.0,1
597,1643.39,Chennai,ATM,23,70.52,0
580,1737.24,Bangalore,Online,7,84.7,0
593,3632.48,Chennai,POS,9,107.64,0
433,5542.71,Hyderabad,POS,7,55.64,0
395,4864.0,Hyderabad,ATM,22,85.55,0
951,21.03,Hyderabad,Online,10,19.44,0
472,533.36,Bangalore,POS,7,97.1,0
985,1974.7,Bangalore,ATM,8,8.17,0
520,3666.02,Hyderabad,ATM,12,38.47,0
258,50795.0,Delhi,Online,20,487.0,1
762,52174.0,Delhi,POS,6,118.0,0
32,8014.68,Chennai,ATM,12,22.32,0
930,49691.0,Delhi,POS,23,351.0,1
909,2248.37,Delhi,Online,6,30.02,0
785,1143.32,Mumbai,Online,6,10.77,0
993,4245.56,Hyderabad,ATM,17,5.49,0
179,5355.39,Mumbai,Online,14,80.47,0
537,4166.59,Mumbai,ATM,11,56.77,0
66,5788.21,Bangalore,POS,15,46.2,0
323,1658.43,Bangalore,Online,11,91.25,0
87,4870.78,Delhi,Online,16,19.61,0
72,3048.5,Mumbai,Online,11,13.42,0
154,6625.18,Hyderabad,ATM,10,3.73,0
486,1964.66,Bangalore,Online,20,88.93,0
234,35.33,Mumbai,POS,7,50.72,0
341,44876.0,Delhi,ATM,3,438.0,1
216,1414.15,Bangalore,POS,21,40.13,0
270,2013.48,Mumbai,ATM,12,44.59,0
6,39368.0,Delhi,Online,10,475.0,1
565,40319.0,Delhi,POS,4,314.0,1
605,6071.13,Chennai,Online,12,83.73,0
32,1125.71,Delhi,POS,7,39.36,0
527,1053.78,Chennai,ATM,11,49.08,0
199,1357.84,Mumbai,POS,20,7.08,0
281,4192.47,Mumbai,POS,17,100.3,0
630,210.82,Mumbai,POS,16,26.28,0
393,5571.38,Mumbai,Online,18,45.69,0
41,2689.97,Mumbai,ATM,22,3.59,0
993,5139.13,Delhi,POS,20,39.79,0
797,2373.73,Bangalore,POS,9,17.73,0
861,3567.03,Bangalore,POS,17,22.35,0
804,3601.47,Chennai,Online,7,68.74,0
612,1711.08,Mumbai,Online,18,22.62,0
343,3027.43,Bangalore,ATM,23,39.53,0
629,287.81,Chennai,Online,14,81.82,0
969,6141.79,Hyderabad,Online,23,54.99,0
533,3636.78,Delhi,Online,12,8.25,0
687,5878.78,Mumbai,ATM,20,29.61,0
328,2193.76,Delhi,ATM,17,74.92,0
514,3825.58,Delhi,POS,22,39.82,0
616,3365.08,Chennai,ATM,7,1.41,0
594,5043.89,Bangalore,POS,22,47.33,0
621,16.24,Delhi,POS,23,69.43,0
312,3538.48,Chennai,ATM,7,77.11,0
398,23.29,Chennai,POS,17,30.17,0
50,435.29,Mumbai,Online,22,38.58,0
19,5695.55,Chennai,ATM,20,51.98,0
53,2504.85,Hyderabad,Online,16,127.0,0
167,31775.0,Bangalore,ATM,12,301.0,1
145,1478.03,Hyderabad,Online,17,22.64,0
315,85.79,Mumbai,POS,20,34.5,0
107,4890.18,Mumbai,ATM,13,24.99,0
144,7232.57,Hyderabad,POS,22,6.34,0
790,1221.35,Chennai,ATM,8,21.57,0
498,3404.88,Mumbai,Online,10,21.4,0
115,1863.25,Delhi,ATM,14,25.63,0
943,887.48,Delhi,Online,10,19.05,0
775,2107.45,Chennai,Online,8,38.08,0
547,1416.17,Chennai,ATM,9,120.77,0
494,7251.71,Hyderabad,POS,21,37.79,0
963,1659.71,Delhi,Online,15,23.36,0
808,6638.1,Bangalore,Online,21,26.43,0
316,4157.6,Mumbai,POS,15,57.11,1
311,30184.0,Hyderabad,ATM,14,269.0,1
986,3936.88,Mumbai,POS,15,17.92,0
72,5921.62,Delhi,Online,8,6.43,0
17,5265.57,Chennai,Online,22,9.23,0
550,653.42,Bangalore,ATM,20,40.29,0
301,1203.49,Hyderabad,POS,12,42.95,0
212,238.24,Mumbai,Online,15,41.65,0
97,4151.21,Delhi,Online,8,26.4,0
921,4897.78,Hyderabad,Online,22,35.63,0
833,269.33,Delhi,ATM,9,13.81,0
481,2385.4,Chennai,POS,11,35.96,0
842,1323.87,Hyderabad,Online,14,24.04,0
473,8119.75,Mumbai,Online,15,10.64,0
802,5708.6,Mumbai,ATM,6,13.43,0
530,4676.52,Mumbai,Online,14,55.12,0
640,4867.77,Hyderabad,ATM,15,29.39,0
688,6142.1,Bangalore,Online,10,28.92,0
161,7150.59,Hyderabad,POS,11,71.0,0
665,3054.86,Mumbai,Online,15,24.17,0
949,819.56,Hyderabad,ATM,15,38.98,0
367,2480.25,Mumbai,ATM,14,22.71,0
28,59013.0,Delhi,ATM,13,316.0,1
172,4007.26,Bangalore,POS,9,87.93,0
990,1315.35,Hyderabad,POS,8,118.34,0
348,4418.85,Chennai,Online,16,32.4,0
174,251.32,Bangalore,ATM,21,42.32,0
307,3578.91,Chennai,ATM,10,6.42,0
296,2027.81,Bangalore,ATM,18,65.84,0
73,886.11,Chennai,ATM,18,101.05,0
28,8649.83,Chennai,ATM,11,20.25,0
922,2456.83,Bangalore,POS,6,6.82,0
366,813.46,Mumbai,Online,12,78.76,0
493,7630.73,Mumbai,ATM,15,34.67,0
389,1761.48,Hyderabad,Online,21,12.49,0
494,34998.0,Mumbai,ATM,23,447.0,1
523,749.28,Chennai,Online,23,69.3,0
656,1945.88,Chennai,Online,22,33.32,0
999,4194.71,Delhi,POS,23,2.89,0
624,4689.2,Delhi,POS,22,17.38,0
320,5661.39,Chennai,ATM,23,66.11,0
868,963.67,Bangalore,Online,6,6.41,0
38,6026.62,Bangalore,Online,10,44.3,0
534,44720.0,Delhi,Online,16,36.0,1
164,450.8,Chennai,ATM,17,57.41,0
631,130.53,Hyderabad,POS,19,30.9,0
72,36019.0,Delhi,Online,3,317.0,1
747,4462.46,Bangalore,ATM,20,70.9,0
8,4223.73,Hyderabad,ATM,10,8.08,0
907,2353.12,Mumbai,Online,18,60.48,0
32,3730.3,Mumbai,POS,23,53.8,0
832,4376.59,Hyderabad,ATM,18,65.44,0
960,5733.4,Delhi,Online,17,96.43,0
70,3361.24,Chennai,ATM,17,16.48,0
580,252.27,Mumbai,POS,23,38.02,0
618,34506.0,Delhi,Online,1,459.0,1
848,3200.89,Chennai,POS,6,77.56,0
659,3910.72,Bangalore,Online,17,34.39,0
46,2420.2,Hyderabad,Online,14,34.0,0
656,38792.0,Delhi,POS,10,269.0,1
167,4241.49,Delhi,ATM,7,44.02,0
110,2265.91,Bangalore,ATM,7,48.87,0
552,734.25,Mumbai,POS,8,51.89,0
519,5991.57,Delhi,ATM,9,6.33,0
494,1260.98,Delhi,ATM,23,1.92,0
990,2834.68,Chennai,POS,8,19.05,0
572,6692.56,Bangalore,ATM,15,69.64,0
202,7394.07,Delhi,Online,7,20.62,0
659,1209.96,Bangalore,POS,14,3.14,0
821,1447.49,Chennai,Online,16,59.78,0
409,2173.92,Chennai,ATM,6,29.63,0
393,1965.23,Chennai,ATM,20,53.28,0
870,3808.53,Chennai,POS,8,63.03,0
558,914.56,Hyderabad,ATM,9,101.92,0
292,3241.08,Bangalore,Online,6,45.48,0
944,3738.75,Chennai,Online,20,29.52,0
749,6693.07,Mumbai,ATM,12,51.57,0
844,371.34,Hyderabad,ATM,15,15.94,0
382,2311.87,Mumbai,Online,21,35.71,0
381,5764.74,Delhi,POS,23,12.81,0
201,2845.36,Bangalore,POS,15,17.85,0
863,637.71,Hyderabad,Online,18,55.03,0
281,2903.01,Delhi,ATM,20,0.66,0
363,59649.0,Delhi,POS,14,100.0,1
351,2929.54,Bangalore,POS,21,34.72,0
543,3470.13,Bangalore,Online,12,55.85,0
129,43427.0,Delhi,ATM,5,400.0,1
413,493.19,Chennai,ATM,15,2.15,0
512,7235.46,Hyderabad,ATM,18,49.24,0
697,5241.58,Delhi,POS,19,80.85,0
880,12818.5,Hyderabad,Online,21,12.08,0
233,6271.2,Hyderabad,ATM,9,60.63,0
589,50456.0,Delhi,ATM,20,429.0,1
823,4998.1,Bangalore,Online,15,98.71,0
60,752.06,Mumbai,Online,7,14.93,0
908,2969.3,Mumbai,ATM,19,0.87,0
430,39907.0,Mumbai,Online,16,451.0,1
831,2965.5,Mumbai,ATM,12,88.14,0
423,575.56,Mumbai,ATM,12,5.23,0
513,26512.0,Bangalore,POS,13,261.0,1
460,2532.93,Bangalore,Online,17,1.42,0
599,3752.02,Delhi,POS,20,19.01,0
16,4072.12,Hyderabad,POS,12,81.88,0
787,1473.86,Delhi,POS,17,47.96,0
900,2100.7,Delhi,ATM,6,93.78,0
111,675.09,Chennai,ATM,18,76.8,0
170,6117.18,Mumbai,Online,7,28.47,0
384,6968.5,Hyderabad,ATM,23,65.68,0
344,71.05,Mumbai,Online,10,43.6,0
1000,1429.36,Bangalore,ATM,21,4.77,0
314,3048.44,Delhi,ATM,10,28.83,0
85,4249.18,Chennai,Online,15,23.27,0
2,988.81,Hyderabad,ATM,11,25.6,0
512,1455.35,Bangalore,ATM,22,30.85,0
658,2185.32,Hyderabad,Online,21,14.27,0
146,2795.12,Bangalore,ATM,9,98.31,0
42,1612.67,Delhi,POS,13,60.23,0
407,2698.76,Hyderabad,POS,23,1.91,1
761,1652.52,Chennai,ATM,19,7.06,0
836,2849.3,Mumbai,ATM,19,37.97,0
172,2406.02,Mumbai,Online,23,42.71,0
65,4704.37,Mumbai,Online,13,47.28,0
727,2474.92,Chennai,POS,18,48.36,0
617,4150.29,Bangalore,POS,12,49.38,0
543,588.62,Delhi,ATM,6,44.85,0
772,844.29,Delhi,POS,20,9.13,0
759,1284.24,Delhi,Online,15,83.83,0
818,7175.08,Bangalore,ATM,18,3.7,0
395,2528.11,Hyderabad,ATM,11,72.23,0
175,44126.0,Hyderabad,ATM,5,489.0,0
939,5044.92,Hyderabad,ATM,18,15.58,0
783,848.65,Chennai,ATM,16,6.82,0
515,1489.54,Hyderabad,ATM,10,82.36,0
488,4030.38,Delhi,POS,8,57.9,0
635,2151.36,Hyderabad,POS,12,59.97,0
64,4249.09,Delhi,ATM,22,66.47,0
682,3089.3,Mumbai,POS,8,11.59,0
249,1379.51,Mumbai,Online,8,8.43,0
375,8045.16,Delhi,Online,21,31.15,0
81,4793.46,Bangalore,ATM,17,10.1,0
504,33998.0,Hyderabad,ATM,5,277.0,1
746,1827.18,Mumbai,POS,15,68.83,0
99,47597.0,Delhi,POS,18,309.0,1
164,6397.59,Hyderabad,Online,14,1.98,0
878,4407.61,Bangalore,ATM,8,28.19,0
588,2032.31,Mumbai,Online,7,20.21,0
503,74.03,Delhi,POS,18,5.3,0
193,268.09,Hyderabad,Online,17,55.07,0
346,1724.4,Chennai,ATM,13,54.89,0
77,180.31,Bangalore,Online,14,149.96,0
754,526.52,Delhi,Online,22,11.88,0
540,1601.59,Hyderabad,ATM,9,109.01,0
463,42245.0,Mumbai,ATM,3,376.0,1
531,3734.72,Bangalore,Online,10,36.52,0
159,47730.0,Delhi,POS,14,30.0,1
373,2939.81,Delhi,POS,11,8.23,0
27,550.01,Mumbai,ATM,11,29.3,0
717,409.64,Bangalore,POS,23,80.41,0
829,48871.0,Chennai,POS,4,362.0,1
492,1837.56,Bangalore,POS,8,53.7,0
95,1581.26,Bangalore,Online,21,15.32,0
149,1993.77,Chennai,Online,11,68.37,0
100,2022.63,Mumbai,Online,23,37.02,0
192,549.81,Hyderabad,Online,15,20.93,0
653,3071.93,Hyderabad,Online,23,104.63,0
920,6299.32,Chennai,ATM,13,39.14,0
694,2464.3,Hyderabad,POS,11,80.05,0
494,4394.03,Chennai,Online,20,104.68,0
554,1171.79,Mumbai,POS,20,26.91,0
75,3370.9,Chennai,ATM,10,34.88,0
520,109.44,Bangalore,POS,6,2.81,0
8,1147.71,Bangalore,POS,20,4.46,0
289,4485.92,Bangalore,ATM,7,3.26,0
474,856.11,Delhi,Online,17,57.46,0
991,5083.04,Hyderabad,Online,12,23.57,0
331,1271.09,Chennai,Online,9,20.65,0
472,310.82,Delhi,ATM,23,16.3,0
344,2785.38,Chennai,POS,17,6.32,0
969,8944.83,Mumbai,Online,14,6.26,0
180,3863.51,Hyderabad,POS,22,87.08,0
812,591.95,Chennai,Online,22,44.35,0
156,873.14,Chennai,ATM,9,30.78,0
914,5116.7,Bangalore,ATM,23,27.23,0
83,1330.07,Hyderabad,ATM,15,21.54,0
407,5350.8,Hyderabad,POS,20,113.56,0
845,2415.17,Delhi,ATM,21,56.97,0
339,3040.11,Hyderabad,POS,9,47.78,0
813,1503.64,Mumbai,ATM,12,14.41,0
483,3196.41,Chennai,Online,9,70.62,0
155,464.4,Hyderabad,POS,21,91.66,0
292,515.21,Mumbai,Online,19,60.51,0
91,2761.69,Delhi,POS,8,48.85,0
631,2477.76,Hyderabad,Online,21,4.2,0
278,18800.0,Bangalore,ATM,5,44.0,1
894,3793.4,Chennai,ATM,19,51.44,0
823,28755.0,Delhi,POS,20,372.0,1
888,35488.0,Bangalore,ATM,8,291.0,1
224,1035.06,Delhi,ATM,12,69.76,0
26,1588.69,Bangalore,ATM,12,83.85,0
670,1212.25,Mumbai,Online,14,52.47,0
338,891.12,Delhi,Online,13,47.25,0
71,39340.0,Delhi,Online,5,23.0,1
188,519.3,Hyderabad,Online,17,37.25,0
429,1989.44,Hyderabad,POS,12,65.92,0
509,6317.22,Bangalore,ATM,11,49.15,0
316,1778.81,Hyderabad,ATM,9,55.24,0
562,707.59,Mumbai,ATM,9,65.21,0
742,3691.09,Delhi,ATM,15,17.25,0
369,1976.69,Hyderabad,Online,22,80.22,0
895,7734.03,Delhi,ATM,19,22.97,0
412,5987.84,Delhi,POS,14,24.86,0
314,4814.24,Bangalore,POS,15,21.23,0
222,4189.54,Mumbai,ATM,13,27.85,1
641,27406.0,Hyderabad,ATM,20,275.0,1
667,1713.94,Hyderabad,POS,12,34.31,0
943,1046.54,Chennai,ATM,19,63.27,0
350,307.65,Mumbai,POS,12,32.8,0
684,2921.08,Chennai,Online,23,89.31,0
72,1884.96,Mumbai,POS,19,77.74,0
1000,3950.61,Bangalore,POS,16,116.9,0
33,4147.15,Delhi,POS,8,29.38,0
318,1255.84,Bangalore,ATM,13,37.65,0
242,8019.94,Hyderabad,POS,15,6.37,0
852,22.07,Bangalore,Online,11,2.08,0
540,1059.28,Bangalore,Online,13,88.38,0
846,1053.43,Chennai,Online,13,69.03,0
893,2376.28,Chennai,ATM,10,70.35,0
109,6757.86,Hyderabad,Online,23,14.24,0
254,1064.81,Delhi,Online,6,13.31,0
88,1725.69,Delhi,POS,22,72.85,0
471,54838.0,Delhi,Online,13,341.0,1
387,6667.44,Mumbai,Online,14,22.29,0
759,28237.0,Delhi,POS,5,33.0,1
268,1499.3,Bangalore,ATM,16,93.38,0
626,4992.8,Bangalore,Online,21,48.52,0
225,32298.0,Delhi,ATM,0,436.0,1
684,153.07,Mumbai,Online,15,12.75,0
181,3474.46,Chennai,Online,10,15.8,0
827,3649.57,Chennai,POS,15,14.76,0
4,1757.61,Mumbai,POS,17,68.64,0
500,469.19,Hyderabad,Online,23,40.13,0
673,56.07,Delhi,ATM,17,70.27,0
428,9049.2,Bangalore,Online,21,42.82,0
267,6488.5,Mumbai,POS,21,46.04,0
948,407.21,Delhi,Online,14,20.01,0
984,8049.96,Delhi,ATM,14,16.18,0
170,1127.98,Hyderabad,POS,15,46.71,0
947,1357.41,Chennai,Online,21,40.17,0
929,36047.0,Delhi,Online,18,486.0,1
390,7032.06,Mumbai,ATM,23,20.82,0
104,4925.18,Hyderabad,ATM,15,4.93,0
319,49160.0,Delhi,Online,10,222.0,1
396,1430.59,Delhi,POS,14,55.47,0
322,58972.0,Delhi,ATM,18,422.0,1
370,733.98,Chennai,Online,13,27.38,0
47,46743.0,Delhi,POS,4,91.0,1
301,3569.65,Chennai,ATM,6,40.16,0
169,2476.02,Delhi,Online,6,9.98,0
764,1088.19,Mumbai,Online,7,30.07,0
228,3447.23,Mumbai,Online,22,48.61,0
305,47059.0,Delhi,ATM,17,403.0,1
525,4914.09,Delhi,Online,13,126.94,0
153,4514.51,Bangalore,Online,16,1.86,0
653,1060.36,Chennai,POS,20,0.45,0
592,292.2,Hyderabad,ATM,12,22.62,0
891,1425.39,Mumbai,ATM,23,84.48,0
253,2668.81,Delhi,POS,16,11.06,0
277,296.49,Delhi,Online,19,54.13,0
296,2879.23,Bangalore,Online,15,39.51,0
554,1593.17,Hyderabad,ATM,7,98.25,0
270,3963.57,Delhi,ATM,10,58.46,0
828,1834.55,Chennai,POS,18,17.59,0
255,2135.96,Delhi,POS,21,90.09,0
50,3607.12,Delhi,Online,22,26.05,0
889,3361.79,Hyderabad,ATM,22,23.15,0
279,1814.07,Delhi,POS,11,23.11,0
618,3558.4,Mumbai,ATM,7,86.49,0
943,506.31,Bangalore,POS,22,41.04,0
623,1415.36,Bangalore,POS,13,33.34,0
56,2617.8,Hyderabad,Online,14,96.98,0
31,3327.51,Delhi,ATM,14,42.2,0
693,3404.24,Delhi,Online,16,38.96,0
645,2249.04,Hyderabad,Online,18,2.83,0
307,3568.91,Chennai,Online,6,2.94,0
306,5804.31,Hyderabad,Online,15,6.06,0
405,959.1,Delhi,POS,12,43.17,0
434,4216.41,Bangalore,Online,15,11.48,0
426,3911.15,Chennai,ATM,16,40.66,0
987,4069.55,Hyderabad,Online,14,47.0,0
653,1071.88,Bangalore,Online,13,30.8,0
615,27418.0,Chennai,POS,4,428.0,1
128,748.93,Chennai,Online,23,59.96,0
196,36855.0,Delhi,ATM,1,484.0,1
802,52925.0,Delhi,POS,3,439.0,1
566,5605.45,Bangalore,Online,19,4.64,0
965,1256.16,Hyderabad,ATM,12,25.27,0
961,2277.56,Delhi,Online,23,20.13,0
921,4429.43,Mumbai,ATM,10,49.92,0
621,4916.35,Chennai,ATM,7,2.37,0
205,34155.0,Hyderabad,POS,19,346.0,1
490,6162.3,Hyderabad,ATM,13,11.91,0
836,5427.73,Bangalore,Online,17,5.32,0
13,2534.77,Delhi,Online,17,46.84,0
585,1307.75,Chennai,Online,12,46.27,0
231,4655.45,Chennai,Online,10,11.32,0
549,16983.0,Mumbai,POS,1,31.0,1
707,1692.57,Delhi,Online,17,12.19,0
557,5781.7,Bangalore,POS,18,97.14,0
94,1059.88,Bangalore,ATM,10,72.99,0
233,4531.09,Bangalore,POS,6,3.8,0
645,4839.12,Chennai,Online,6,24.05,0
55,660.33,Mumbai,POS,18,12.91,0
633,5935.02,Delhi,POS,21,2.54,0
977,47767.0,Delhi,Online,12,136.0,1
504,1114.42,Mumbai,Online,20,69.43,0
599,36886.0,Bangalore,Online,7,448.0,1
420,326.49,Mumbai,Online,21,10.51,0
264,4470.0,Delhi,POS,23,46.04,0
633,6671.26,Chennai,Online,11,56.86,0
23,29343.0,Bangalore,Online,14,365.0,1
408,37230.0,Delhi,ATM,18,421.0,1
303,9004.46,Chennai,Online,22,96.28,0
294,2433.5,Bangalore,POS,11,72.38,0
498,1843.73,Mumbai,Online,14,9.34,0
760,1832.86,Bangalore,POS,8,24.55,0
492,480.93,Chennai,POS,19,25.75,0
302,1398.96,Hyderabad,POS,8,18.75,0
394,8244.47,Hyderabad,POS,10,16.79,0
609,3332.64,Delhi,ATM,17,17.28,1
477,3068.25,Mumbai,Online,7,31.45,0
534,4654.08,Mumbai,POS,11,23.32,0
862,2684.69,Hyderabad,POS,17,12.92,0
509,1594.75,Hyderabad,ATM,13,35.59,0
932,1827.39,Bangalore,Online,15,22.06,0
493,3216.49,Bangalore,ATM,9,19.01,0
86,1311.13,Delhi,Online,11,7.15,0
885,349.06,Chennai,ATM,17,25.66,0
546,1346.62,Mumbai,ATM,23,19.03,0
394,5012.41,Hyderabad,Online,13,25.47,0
962,3800.09,Chennai,Online,16,11.66,0
177,8073.58,Delhi,POS,15,0.82,0
20,4095.49,Bangalore,ATM,23,10.77,0
58,2174.91,Chennai,POS,12,16.03,0
285,4651.41,Bangalore,Online,7,11.63,0
300,4670.77,Mumbai,Online,20,8.43,0
973,1287.01,Delhi,POS,14,16.59,0
777,6663.44,Chennai,ATM,13,48.47,0
199,6619.97,Bangalore,ATM,14,18.08,0
467,1580.5,Bangalore,POS,8,42.22,0
381,62.13,Chennai,ATM,18,36.34,0
992,1930.17,Delhi,ATM,8,78.29,0
149,4285.88,Bangalore,ATM,10,78.51,0
222,5748.18,Chennai,ATM,8,34.99,0
496,30686.0,Mumbai,POS,21,458.0,1
815,1353.52,Delhi,ATM,12,69.11,0
578,364.79,Delhi,Online,18,41.26,0
298,2019.19,Chennai,POS,6,42.17,0
275,5454.61,Chennai,POS,16,94.22,0
531,1330.2,Chennai,POS,14,15.47,0
20,2536.55,Bangalore,POS,18,10.72,0
713,3541.32,Chennai,POS,20,27.74,0
813,487.0,Delhi,POS,8,3.71,0
108,668.37,Bangalore,Online,22,3.92,0
759,3279.7,Bangalore,ATM,9,88.38,0
498,1786.95,Delhi,ATM,21,27.5,0
590,298.55,Bangalore,ATM,21,13.97,0
560,658.82,Chennai,POS,19,13.95,0
24,2027.65,Hyderabad,ATM,10,16.45,0
375,4311.54,Delhi,Online,8,42.64,0
346,37922.0,Delhi,Online,1,42.0,1
804,1140.0,Delhi,Online,9,106.65,0
657,1584.95,Bangalore,POS,21,33.37,0
548,1401.27,Delhi,POS,7,30.66,0
329,3862.3,Delhi,POS,18,31.46,0
464,3783.96,Chennai,POS,18,37.41,0
298,6120.08,Mumbai,Online,12,12.69,0
295,48614.0,Delhi,POS,17,100.0,1
688,708.12,Hyderabad,ATM,20,40.51,0
226,6832.85,Hyderabad,ATM,20,30.82,0
109,5791.29,Delhi,ATM,8,93.83,0
173,775.58,Chennai,Online,13,56.92,0
456,2580.41,Hyderabad,POS,12,31.25,0
551,1796.05,Delhi,POS,20,72.15,0
845,5526.75,Chennai,POS,18,38.49,0
898,2905.28,Bangalore,Online,11,35.42,0
800,47696.0,Delhi,ATM,6,226.0,1
878,2195.31,Hyderabad,POS,17,6.94,0
733,6337.73,Bangalore,Online,7,88.14,0
475,1585.02,Delhi,POS,6,21.88,0
592,2254.97,Chennai,Online,20,70.58,0
248,1000.69,Delhi,ATM,7,89.99,0
787,259.33,Mumbai,Online,18,115.73,0
143,5526.38,Hyderabad,Online,20,30.07,0
53,3692.53,Hyderabad,POS,19,35.86,0
598,1214.31,Bangalore,POS,8,82.07,0
960,166.41,Mumbai,ATM,22,63.06,0
30,2141.12,Bangalore,Online,6,49.91,0
747,7714.15,Hyderabad,POS,11,9.41,0
593,394.5,Bangalore,Online,23,78.14,0
451,5747.46,Chennai,ATM,11,56.04,0
308,300.31,Delhi,ATM,13,4.35,0
946,54793.0,Delhi,Online,6,415.0,1
917,2944.89,Bangalore,ATM,14,44.72,0
37,484.55,Delhi,POS,14,18.54,0
25,2812.17,Hyderabad,Online,9,74.34,0
527,4273.4,Hyderabad,Online,13,65.34,0
193,1369.11,Bangalore,Online,15,36.44,0
802,3714.26,Mumbai,Online,16,56.16,0
315,2314.67,Hyderabad,Online,21,3.41,0
703,2217.51,Hyderabad,POS,18,20.45,0
568,89.7,Bangalore,ATM,22,50.94,0
719,4160.42,Bangalore,POS,20,73.36,0
902,3499.1,Mumbai,Online,23,28.13,0
261,5805.6,Delhi,Online,15,52.77,0
983,3216.89,Bangalore,ATM,10,29.21,0
835,2889.81,Hyderabad,ATM,7,76.57,0
418,3088.56,Chennai,Online,14,10.01,0
86,431.26,Chennai,Online,11,6.67,0
277,5334.59,Chennai,POS,9,19.57,0
420,122.88,Bangalore,Online,9,37.86,0
961,1535.31,Hyderabad,POS,11,41.94,0
186,5658.62,Hyderabad,ATM,21,31.95,0
20,3677.99,Bangalore,Online,8,5.44,0
70,4546.38,Hyderabad,Online,14,80.23,0
187,4203.33,Delhi,Online,17,21.96,0
880,218.59,Bangalore,ATM,10,59.55,0
828,5495.7,Chennai,POS,21,61.73,0
284,8125.93,Bangalore,Online,21,73.34,0
70,396.31,Hyderabad,POS,21,17.08,0
937,929.41,Delhi,ATM,10,111.45,0
454,5324.61,Delhi,POS,17,0.56,0
591,4643.73,Bangalore,POS,21,51.61,0
716,2760.79,Chennai,ATM,10,36.9,0
102,3075.78,Bangalore,POS,23,49.23,0
885,4735.77,Bangalore,POS,18,32.86,0
612,1461.1,Hyderabad,Online,21,53.32,0
531,1494.04,Hyderabad,ATM,11,38.46,0
871,1308.98,Delhi,Online,15,63.81,0
427,5191.21,Delhi,POS,10,72.43,0
131,89.7,Bangalore,Online,19,26.01,0
298,5604.75,Chennai,ATM,22,38.31,0
723,1271.52,Mumbai,ATM,9,4.34,0
653,6047.61,Delhi,ATM,15,14.42,0
405,717.81,Bangalore,Online,22,38.6,0
93,5186.62,Chennai,ATM,12,24.82,0
957,35862.0,Bangalore,POS,5,39.0,1
479,4077.57,Bangalore,ATM,17,2.72,0
388,1764.43,Bangalore,ATM,18,15.65,0
824,269.36,Hyderabad,POS,8,18.4,0
720,6143.64,Bangalore,POS,14,110.4,0
218,6786.59,Mumbai,Online,9,56.16,0
719,2269.57,Delhi,Online,10,49.54,0
291,2413.16,Delhi,POS,10,130.44,0
409,243.6,Chennai,ATM,22,80.35,0
968,4957.32,Chennai,ATM,22,15.45,0
633,38843.0,Delhi,ATM,2,343.0,1
331,709.93,Chennai,POS,13,38.36,0
362,4815.81,Bangalore,POS,7,16.66,0
470,33373.0,Hyderabad,Online,0,273.0,1
37,46875.0,Delhi,Online,1,336.0,1
279,18678.0,Delhi,Online,2,27.0,1
716,1306.9,Delhi,Online,10,18.3,0
45,2004.05,Hyderabad,ATM,16,0.99,1
196,29748.0,Chennai,ATM,22,452.0,1
588,1122.22,Hyderabad,POS,17,53.03,0
178,44909.0,Chennai,ATM,14,427.0,1
331,37421.0,Chennai,POS,1,457.0,1
662,3948.24,Chennai,Online,10,34.17,0
687,4097.16,Delhi,Online,23,28.4,0
73,3960.73,Delhi,POS,9,33.37,0
160,17.66,Bangalore,ATM,8,34.53,0
880,27070.0,Bangalore,POS,9,275.0,1
183,1781.16,Chennai,ATM,13,3.77,0
178,6741.98,Mumbai,POS,14,15.27,0
886,1279.41,Delhi,POS,18,42.6,0
230,2528.44,Chennai,Online,9,95.97,0
883,3997.04,Chennai,POS,11,116.42,0
262,5811.61,Bangalore,ATM,18,51.79,0
620,6555.58,Mumbai,POS,18,6.23,0
81,4981.16,Hyderabad,ATM,14,15.28,0
394,6185.99,Delhi,ATM,9,51.53,0
10,7116.44,Hyderabad,ATM,23,68.01,0
957,801.17,Mumbai,POS,12,13.34,0
64,616.03,Delhi,POS,9,1.53,0
871,2195.5,Delhi,Online,12,5.75,0
251,45021.0,Delhi,ATM,2,445.0,1
514,6036.76,Chennai,ATM,17,6.51,0
549,806.26,Delhi,ATM,22,33.48,0
519,3975.3,Bangalore,Online,10,60.16,0
697,1406.44,Hyderabad,ATM,6,76.38,0
5,2887.8,Mumbai,Online,7,6.27,0
131,1902.27,Hyderabad,ATM,18,41.48,0
255,581.4,Bangalore,ATM,12,0.24,0
945,2823.82,Hyderabad,POS,18,57.41,0
707,2287.68,Mumbai,Online,23,77.64,0
343,6825.59,Chennai,Online,8,49.76,0
295,5684.94,Delhi,POS,12,39.54,0
233,1457.6,Mumbai,ATM,11,35.9,0
764,2033.63,Hyderabad,POS,9,4.52,0
906,4323.58,Hyderabad,ATM,6,80.67,0
180,1247.35,Bangalore,ATM,15,22.5,0
937,2971.38,Delhi,POS,8,43.68,0
346,1490.16,Mumbai,POS,10,9.6,0
764,1926.05,Mumbai,Online,16,14.43,0
416,513.54,Delhi,Online,13,26.35,0
229,251.35,Hyderabad,ATM,6,71.0,0
149,3035.49,Mumbai,POS,10,54.73,0
113,4398.93,Hyderabad,ATM,21,3.12,0
763,443.02,Bangalore,ATM,17,47.22,0
824,3926.77,Chennai,Online,9,20.87,0
860,31527.0,Hyderabad,Online,4,23.0,1
847,7242.93,Delhi,POS,9,8.68,0
181,1239.33,Bangalore,ATM,16,9.99,0
292,2692.63,Mumbai,ATM,21,43.07,0
751,1693.54,Hyderabad,Online,9,35.5,0
602,7535.63,Mumbai,ATM,15,9.54,0
457,5024.03,Hyderabad,Online,9,34.05,0
291,2510.58,Chennai,POS,9,26.62,0
458,3201.8,Chennai,POS,11,49.3,0
91,849.83,Bangalore,Online,21,5.07,0
362,6440.26,Hyderabad,Online,22,26.08,0
269,39489.0,Hyderabad,Online,3,499.0,1
334,2210.01,Chennai,Online,23,121.22,0
623,2455.54,Chennai,Online,9,17.88,0
691,39634.0,Delhi,ATM,3,28.0,1
762,5693.96,Delhi,Online,22,58.1,0
796,2233.69,Delhi,ATM,7,8.79,0
198,4869.26,Chennai,POS,11,50.89,0
386,3300.23,Mumbai,Online,10,22.68,1
952,2679.11,Delhi,POS,9,13.45,0
997,1254.66,Hyderabad,POS,20,33.89,0
635,2140.96,Chennai,POS,19,3.36,0
720,940.75,Mumbai,ATM,7,13.88,0
519,2676.13,Mumbai,Online,17,39.46,0
810,56465.0,Delhi,POS,16,411.0,1
795,30554.0,Hyderabad,ATM,4,403.0,1
35,961.59,Hyderabad,POS,15,42.76,0
829,1890.46,Delhi,ATM,10,19.62,0
39,4322.35,Hyderabad,POS,20,43.64,0
861,778.25,Hyderabad,Online,11,9.88,0
673,3925.55,Hyderabad,ATM,20,1.23,0
668,194.65,Mumbai,ATM,6,44.62,0
439,4572.8,Mumbai,Online,7,55.14,1
77,1386.16,Hyderabad,POS,17,48.31,0
365,6905.63,Bangalore,ATM,12,76.38,0
906,1539.17,Chennai,ATM,19,17.09,0
897,1048.45,Bangalore,POS,21,79.79,0
571,1192.19,Mumbai,ATM,15,83.72,0
53,3198.81,Chennai,Online,19,41.13,0
979,1022.39,Bangalore,POS,7,55.41,0
642,4801.53,Chennai,POS,20,25.57,0
515,6094.87,Chennai,ATM,13,0.31,0
69,752.31,Hyderabad,ATM,16,79.4,0
187,7745.68,Hyderabad,POS,21,10.47,0
127,268.27,Bangalore,ATM,19,50.53,0
252,1247.94,Chennai,Online,17,39.96,0
965,1232.17,Mumbai,POS,20,88.2,0
242,108.47,Bangalore,Online,14,34.03,0
710,543.89,Delhi,ATM,6,4.08,0
21,773.83,Chennai,ATM,14,46.93,0
265,4765.09,Bangalore,POS,8,37.89,0
697,1686.05,Delhi,ATM,9,17.01,0
867,4703.16,Delhi,Online,14,56.47,0
811,6080.83,Bangalore,POS,11,3.61,0
371,1337.22,Chennai,Online,6,43.46,0
998,1809.69,Mumbai,POS,17,45.96,0
77,1245.98,Hyderabad,ATM,9,23.0,0
131,4710.62,Mumbai,ATM,16,63.72,0
57,9550.93,Hyderabad,POS,19,69.54,0
817,49305.0,Bangalore,ATM,6,469.0,1
479,2014.06,Hyderabad,Online,18,31.42,0
439,1484.74,Delhi,POS,7,14.19,0
297,3331.99,Chennai,Online,23,85.03,0
565,581.7,Chennai,POS,9,38.14,0
743,1887.29,Bangalore,POS,6,10.68,0
935,3140.15,Hyderabad,Online,16,44.56,0
466,269.7,Mumbai,ATM,19,12.04,0
924,6391.67,Mumbai,Online,15,68.1,0
83,2635.37,Delhi,Online,15,101.83,0
844,38592.0,Hyderabad,Online,17,437.0,1
394,9543.4,Mumbai,ATM,11,9.0,0
550,1072.3,Hyderabad,ATM,22,16.12,0
418,3139.1,Bangalore,POS,14,29.33,0
416,4861.88,Delhi,ATM,7,36.3,0
873,1072.52,Chennai,POS,17,111.53,0
682,2683.77,Delhi,POS,9,1.37,0
648,834.85,Delhi,ATM,14,35.3,0
6,5103.05,Hyderabad,ATM,16,53.73,0
851,1233.6,Delhi,POS,7,28.06,0
173,7024.98,Mumbai,Online,21,63.54,0
486,362.49,Delhi,POS,18,117.3,0
943,2900.32,Mumbai,POS,19,49.93,0
77,44189.0,Delhi,POS,14,209.0,1
33,1277.67,Hyderabad,POS,23,9.56,0
664,1218.9,Bangalore,POS,7,15.21,0
46,375.91,Chennai,POS,14,74.53,0
807,2453.91,Delhi,Online,10,33.95,0
482,4762.39,Chennai,POS,16,53.21,0
903,5863.48,Hyderabad,ATM,17,59.55,0
696,6179.33,Bangalore,ATM,22,2.09,0
136,521.66,Delhi,ATM,8,14.2,0
445,1756.69,Chennai,Online,6,22.64,0
525,349.13,Hyderabad,POS,21,8.32,0
306,1520.01,Chennai,ATM,13,43.9,0
456,1853.11,Mumbai,POS,17,5.42,0
975,1341.06,Hyderabad,POS,12,48.02,0
774,7817.74,Mumbai,ATM,15,21.36,0
74,3841.59,Bangalore,Online,10,18.13,0
883,38363.0,Delhi,POS,18,345.0,1
243,6335.57,Bangalore,ATM,13,99.62,0
10,4062.25,Delhi,POS,12,28.38,0
676,1924.9,Hyderabad,Online,12,47.46,0
557,7488.66,Delhi,POS,8,35.38,0
589,440.75,Chennai,ATM,14,26.48,0
442,2251.14,Bangalore,Online,13,78.52,0
792,7378.12,Hyderabad,POS,8,9.95,0
992,3144.78,Chennai,POS,7,14.1,0
876,954.83,Chennai,ATM,17,131.13,0
549,6098.28,Bangalore,Online,14,19.46,0
229,6755.63,Bangalore,ATM,19,70.61,0
256,2255.58,Delhi,ATM,18,26.3,0
922,6546.38,Bangalore,Online,11,37.31,0
481,7031.07,Bangalore,Online,12,1.26,0
370,6584.03,Mumbai,Online,18,9.74,0
758,20894.0,Bangalore,POS,5,24.0,1
705,3022.82,Mumbai,ATM,11,8.28,0
891,414.47,Delhi,Online,18,3.5,0
757,6147.33,Delhi,ATM,6,105.71,0
646,1726.9,Bangalore,POS,22,26.27,0
960,1245.03,Hyderabad,POS,13,85.5,0
73,5783.03,Mumbai,Online,7,39.6,0
305,96.59,Bangalore,POS,16,76.75,0
307,47348.0,Delhi,ATM,13,128.0,1
291,2774.39,Mumbai,ATM,6,117.1,0
317,63.89,Delhi,Online,18,3.1,0
94,721.97,Bangalore,ATM,9,43.66,0
55,7785.34,Mumbai,ATM,6,49.44,0
857,5656.41,Delhi,Online,9,51.18,0
932,2552.81,Bangalore,Online,17,36.05,0
776,2822.27,Hyderabad,ATM,19,48.02,0
7,5236.5,Hyderabad,POS,9,16.08,0
54,874.89,Hyderabad,POS,6,82.76,0
145,3830.0,Chennai,ATM,16,132.52,0
985,1055.76,Bangalore,ATM,10,18.52,0
855,5341.49,Bangalore,ATM,13,53.48,0
323,570.13,Hyderabad,POS,19,33.01,0
92,4964.03,Chennai,Online,22,76.28,0
569,2487.11,Delhi,POS,8,32.09,0
707,681.63,Chennai,ATM,21,21.52,0
599,941.81,Chennai,Online,20,4.9,0
618,19645.0,Bangalore,Online,4,5.0,1
482,3734.48,Hyderabad,ATM,22,34.51,0
716,1985.3,Bangalore,Online,6,12.85,0
791,1765.35,Hyderabad,POS,16,54.86,0
474,2490.4,Mumbai,Online,16,19.18,0
718,2052.03,Bangalore,Online,14,28.54,0
93,174.81,Chennai,ATM,13,21.39,0
900,4552.91,Delhi,POS,18,37.51,0
685,2286.36,Hyderabad,POS,13,80.52,1
570,6607.6,Chennai,POS,21,57.95,0
170,34199.0,Bangalore,Online,13,486.0,1
66,465.54,Chennai,POS,17,76.92,0
878,1306.43,Bangalore,Online,22,49.87,0
733,4149.22,Hyderabad,ATM,16,44.53,0
439,34795.0,Chennai,POS,0,341.0,1
492,110.44,Chennai,Online,20,16.25,0
731,703.77,Chennai,Online,16,0.35,0
171,3688.91,Bangalore,Online,22,0.93,0
693,7361.74,Delhi,Online,16,34.8,0
164,259.52,Chennai,POS,13,49.18,0
218,3846.49,Mumbai,Online,7,70.16,0
40,5550.95,Mumbai,POS,20,52.4,0
988,3509.38,Bangalore,Online,20,81.69,0
473,3538.99,Delhi,POS,9,33.92,0
605,595.07,Delhi,Online,7,21.01,0
992,5718.95,Hyderabad,ATM,6,26.41,0
395,1754.82,Delhi,POS,8,12.8,0
243,52794.0,Delhi,ATM,8,374.0,1
732,25608.0,Delhi,Online,3,39.0,1
350,33495.0,Bangalore,POS,7,273.0,1
360,5637.84,Hyderabad,ATM,9,26.24,0
753,2367.19,Mumbai,Online,17,17.7,0
827,5575.8,Mumbai,Online,8,93.12,0
672,5799.57,Bangalore,Online,12,82.13,0
890,933.88,Bangalore,POS,7,15.01,0
761,49290.0,Mumbai,POS,11,472.0,1
79,1540.96,Chennai,Online,22,11.93,0
968,6303.06,Mumbai,POS,7,68.29,0
599,3625.41,Mumbai,Online,7,61.56,0
843,3074.07,Hyderabad,POS,8,22.02,0
622,4650.79,Bangalore,Online,11,6.02,0
777,7754.71,Hyderabad,Online,23,44.12,0
673,52595.0,Delhi,POS,20,60.0,1
242,1635.06,Delhi,POS,22,23.21,0
556,116.89,Delhi,POS,23,36.31,1
556,744.86,Bangalore,ATM,19,67.39,0
469,4684.74,Bangalore,POS,7,78.0,0
291,1223.65,Delhi,Online,12,71.14,0
958,2631.36,Bangalore,ATM,22,19.3,0
708,7759.36,Hyderabad,Online,21,55.69,0
149,6334.94,Bangalore,ATM,14,24.43,0
816,940.8,Mumbai,POS,14,16.41,0
566,3787.26,Delhi,ATM,18,45.19,0
564,592.76,Mumbai,ATM,12,34.44,0
622,809.08,Delhi,POS,18,42.16,0
522,1357.35,Hyderabad,POS,9,11.23,0
799,1543.51,Delhi,POS,14,11.24,0
987,4718.75,Mumbai,ATM,20,41.46,0
905,497.06,Mumbai,ATM,12,13.58,0
353,2750.66,Chennai,POS,8,14.96,0
486,4370.58,Hyderabad,ATM,19,39.52,0
976,5429.57,Delhi,POS,19,5.92,0
532,471.54,Hyderabad,Online,22,24.13,0
821,30420.0,Bangalore,Online,1,3.0,1
99,2931.08,Chennai,Online,11,8.86,0
847,302.49,Hyderabad,ATM,6,12.41,0
360,61.07,Delhi,Online,11,19.95,0
602,2247.75,Delhi,Online,15,25.15,0
446,4039.65,Delhi,POS,22,19.04,0
295,7776.11,Bangalore,POS,8,10.88,0
508,2694.03,Bangalore,POS,16,4.06,0
536,36344.0,Bangalore,POS,2,50.0,1
13,2197.97,Hyderabad,POS,21,32.45,0
975,1237.71,Chennai,Online,19,40.58,0
631,1294.94,Chennai,ATM,20,22.68,0
449,336.67,Delhi,Online,12,46.75,0
7,208.44,Bangalore,Online,16,42.97,0
809,6955.24,Mumbai,Online,12,47.77,0
968,5927.58,Mumbai,POS,8,58.71,0
482,4509.39,Bangalore,POS,15,6.89,0
433,2432.73,Chennai,POS,22,11.03,0
763,1352.68,Mumbai,ATM,9,13.41,0
50,4150.7,Hyderabad,ATM,10,31.17,0
925,1524.51,Chennai,Online,20,12.78,0
810,3310.39,Delhi,ATM,21,43.37,0
562,2566.99,Mumbai,Online,17,43.87,0
138,5331.93,Chennai,Online,22,6.96,0
896,737.77,Bangalore,Online,18,3.17,0
311,1218.88,Hyderabad,POS,8,37.9,0
449,1334.05,Bangalore,POS,14,11.24,0
933,2748.35,Hyderabad,POS,10,29.81,0
663,2678.59,Chennai,Online,9,35.8,0
539,291.91,Hyderabad,POS,10,37.09,0
716,9381.01,Mumbai,POS,14,5.06,0
381,1456.64,Chennai,POS,22,43.89,0
551,6798.27,Delhi,ATM,21,17.23,0
858,1006.45,Delhi,ATM,9,52.11,0
709,21063.0,Bangalore,POS,4,16.0,1
127,6789.32,Hyderabad,POS,6,41.91,0
132,1927.33,Bangalore,ATM,22,38.86,0
149,2355.07,Delhi,ATM,14,4.62,0
782,823.36,Mumbai,ATM,13,24.58,0
606,8028.32,Chennai,ATM,9,31.24,0
718,4804.41,Hyderabad,POS,19,51.23,0
405,1707.42,Mumbai,Online,17,11.99,0
904,38057.0,Hyderabad,ATM,4,312.0,1
776,2756.8,Delhi,POS,22,18.42,0
864,303.58,Mumbai,Online,6,16.49,0
802,128.99,Hyderabad,ATM,22,1.43,0
471,1004.15,Chennai,Online,18,53.44,0
936,5063.47,Bangalore,POS,20,36.95,0
843,7422.31,Mumbai,ATM,23,5.48,0
200,4337.9,Chennai,POS,21,96.22,0
612,1034.86,Hyderabad,ATM,23,57.72,0
645,1403.1,Chennai,ATM,22,131.1,0
970,42050.0,Chennai,Online,0,268.0,1
134,3390.72,Hyderabad,POS,12,94.78,0
343,1246.69,Mumbai,POS,18,78.24,0
405,8229.77,Delhi,ATM,19,4.53,0
198,392.21,Mumbai,Online,16,55.89,0
313,1082.82,Bangalore,POS,22,14.09,0
850,8102.86,Hyderabad,POS,6,54.75,0
917,2188.99,Delhi,ATM,21,80.72,0
8,729.71,Hyderabad,POS,10,25.57,0
818,50836.0,Delhi,ATM,3,495.0,1
872,3547.75,Mumbai,POS,22,39.45,0
62,3202.21,Mumbai,POS,20,39.02,0
183,2147.22,Hyderabad,Online,23,42.39,0
304,3564.97,Hyderabad,ATM,19,17.33,0
229,1606.15,Delhi,Online,20,72.7,0
963,1708.19,Mumbai,Online,21,0.17,0
845,3166.58,Hyderabad,POS,23,3.5,0
49,4441.63,Chennai,Online,11,108.97,0
508,8582.36,Mumbai,Online,8,14.85,0
866,3020.68,Mumbai,ATM,23,88.94,0
18,1560.11,Hyderabad,ATM,6,43.96,0
419,1415.48,Mumbai,POS,13,5.54,0
872,5478.34,Delhi,Online,20,25.91,0
194,1625.85,Chennai,Online,22,68.71,0
132,8027.3,Delhi,ATM,9,73.15,0
644,2574.3,Chennai,Online,22,35.38,0
673,3197.69,Chennai,ATM,9,79.22,0
418,453.6,Bangalore,ATM,9,46.61,0
112,41687.0,Mumbai,ATM,5,284.0,1
687,5242.25,Mumbai,POS,17,70.77,0
27,4788.11,Mumbai,Online,11,19.96,0
772,1067.51,Mumbai,POS,10,17.48,0
554,4058.09,Hyderabad,Online,15,92.28,0
507,8520.28,Chennai,Online,10,40.88,0
276,2373.03,Hyderabad,Online,18,28.18,0
54,2449.02,Chennai,POS,16,59.87,0
146,35768.0,Hyderabad,POS,15,406.0,1
679,112.67,Hyderabad,Online,15,19.33,0
886,2692.26,Delhi,Online,15,42.34,0
126,5840.95,Hyderabad,ATM,23,12.28,0
498,5062.27,Chennai,POS,9,15.75,0
672,6910.75,Chennai,Online,17,42.07,0
944,1264.28,Chennai,ATM,20,35.28,0
81,2409.89,Chennai,Online,15,87.07,0
924,6789.28,Hyderabad,Online,6,105.5,0
681,2759.12,Mumbai,POS,6,150.65,0
631,4395.1,Mumbai,POS,21,65.91,0
786,1889.27,Hyderabad,Online,20,14.2,0
654,2230.92,Mumbai,Online,16,29.22,0
422,3305.12,Bangalore,POS,9,1.57,0
436,4800.88,Chennai,Online,20,4.32,0
977,593.07,Delhi,ATM,6,66.79,0
23,3602.19,Hyderabad,ATM,10,75.63,0
207,636.63,Mumbai,ATM,20,26.93,0
470,7359.69,Chennai,ATM,23,18.14,0
562,127.57,Hyderabad,ATM,9,3.39,0
965,48319.0,Mumbai,POS,4,422.0,1
296,2098.3,Chennai,Online,18,104.38,0
439,6707.46,Hyderabad,POS,14,41.04,0
63,6358.24,Bangalore,POS,10,1.09,0
817,2907.49,Hyderabad,Online,6,5.08,0
298,1881.11,Hyderabad,POS,11,70.19,0
563,3605.1,Bangalore,Online,16,10.9,0
445,2002.6,Bangalore,POS,9,65.31,0
150,942.43,Mumbai,ATM,22,26.81,0
844,422.66,Delhi,ATM,13,0.89,0
305,1696.03,Chennai,POS,10,24.12,0
465,913.75,Mumbai,Online,9,70.62,0
730,1570.45,Chennai,POS,16,40.93,0
45,2940.9,Bangalore,ATM,16,8.8,0
10,23370.0,Hyderabad,ATM,1,21.0,1
752,2853.43,Delhi,Online,21,39.48,0
716,6276.43,Hyderabad,ATM,7,9.29,0
897,1706.22,Delhi,POS,10,1.94,0
18,3322.32,Delhi,ATM,17,60.44,0
618,876.56,Hyderabad,Online,8,1.83,0
826,3802.98,Hyderabad,ATM,15,83.05,0
932,1249.8,Hyderabad,Online,10,12.32,0
588,6157.26,Hyderabad,ATM,15,33.19,0
974,49445.0,Delhi,Online,23,112.0,1
630,4023.51,Delhi,Online,15,42.56,0
545,872.37,Bangalore,POS,15,1.61,0
445,583.68,Hyderabad,Online,22,73.73,0
66,478.5,Delhi,POS,11,77.71,0
169,2187.52,Hyderabad,POS,15,78.71,0
251,39223.0,Delhi,ATM,12,500.0,1
913,2547.06,Mumbai,Online,7,28.24,0
303,5842.86,Mumbai,Online,16,20.62,0
894,4895.52,Delhi,ATM,15,43.42,0
683,5126.27,Delhi,ATM,18,63.44,0
870,2879.3,Bangalore,POS,20,30.35,0
349,1871.97,Mumbai,POS,22,40.56,0
696,2713.71,Bangalore,Online,17,40.05,0
892,5046.74,Chennai,POS,18,22.42,0
839,1475.23,Delhi,ATM,18,8.12,0
924,1020.77,Delhi,Online,18,49.29,0
393,1233.5,Hyderabad,ATM,9,61.02,0
87,6070.84,Hyderabad,ATM,20,10.02,0
614,2192.21,Mumbai,ATM,19,28.38,0
233,382.02,Mumbai,ATM,11,10.42,0
324,6338.82,Bangalore,Online,22,6.41,0
509,1976.52,Delhi,ATM,20,22.77,0
71,4488.87,Mumbai,Online,13,8.73,0
964,6417.64,Chennai,ATM,23,48.88,0
490,1157.39,Chennai,ATM,12,17.57,0
343,2688.68,Delhi,POS,9,73.31,0
758,3019.07,Delhi,ATM,23,78.08,0
653,5080.3,Bangalore,Online,22,55.36,0
392,3524.34,Bangalore,ATM,6,23.79,0
685,27820.0,Chennai,Online,3,27.0,1
898,2520.61,Mumbai,ATM,10,15.67,0
442,1102.45,Mumbai,ATM,9,6.94,0
992,4104.8,Chennai,ATM,13,12.19,0
766,28722.0,Hyderabad,Online,4,14.0,1
697,6362.13,Chennai,ATM,11,48.29,0
507,3986.07,Mumbai,ATM,17,70.45,0
423,1154.52,Delhi,ATM,19,43.22,0
710,1460.99,Bangalore,POS,9,24.66,0
29,877.19,Mumbai,ATM,9,63.06,0
676,3435.75,Mumbai,Online,14,60.36,0
597,2812.05,Delhi,POS,20,12.9,0
706,4910.11,Chennai,ATM,19,85.31,0
736,18157.0,Chennai,Online,3,33.0,1
927,51673.0,Delhi,Online,16,413.0,1
251,2654.27,Chennai,ATM,6,7.57,0
245,5112.68,Delhi,ATM,19,0.39,0
10,741.25,Mumbai,POS,7,67.5,0
337,856.1,Hyderabad,Online,23,74.45,0
59,2185.38,Bangalore,POS,11,54.82,0
633,1792.92,Hyderabad,ATM,19,22.89,0
89,4545.81,Mumbai,Online,23,9.86,0
603,2842.08,Delhi,POS,18,29.31,0
710,1846.06,Chennai,ATM,7,2.17,0
789,369.49,Bangalore,Online,18,14.34,0
658,31593.0,Bangalore,Online,0,454.0,1
539,3539.45,Hyderabad,ATM,8,129.53,0
771,2347.0,Chennai,ATM,22,85.56,0
528,3083.27,Chennai,ATM,21,5.02,0
891,2455.64,Hyderabad,POS,21,51.09,0
726,37752.0,Delhi,POS,5,153.0,1
471,2927.58,Mumbai,POS,10,89.6,0
705,598.0,Delhi,ATM,14,15.49,0
939,5591.95,Hyderabad,Online,16,81.53,0
449,46364.0,Hyderabad,POS,3,265.0,1
136,1300.36,Delhi,POS,17,17.79,0
456,4963.09,Mumbai,ATM,17,56.47,0
412,3224.24,Bangalore,Online,7,31.39,0
142,1494.52,Chennai,ATM,12,12.95,0
633,3316.07,Mumbai,Online,20,37.52,0
773,47536.0,Delhi,POS,12,282.0,1
585,4683.24,Delhi,ATM,7,27.41,0
648,2524.96,Chennai,ATM,7,102.7,0
249,2583.08,Chennai,ATM,10,94.78,0
206,1140.53,Bangalore,Online,9,38.54,0
269,1033.02,Mumbai,ATM,20,25.13,0
816,3463.73,Delhi,ATM,15,62.11,0
840,3429.02,Hyderabad,ATM,6,17.11,0
192,12844.05,Bangalore,Online,22,69.93,0
146,28152.0,Delhi,Online,3,44.0,1
692,4810.03,Bangalore,ATM,7,7.65,0
16,134.5,Hyderabad,ATM,7,3.99,0
447,5254.22,Delhi,Online,16,39.53,0
601,1214.61,Delhi,ATM,21,36.98,0
417,2967.59,Chennai,ATM,19,28.52,0
399,1283.61,Chennai,Online,8,81.89,0
702,3081.01,Chennai,Online,12,58.18,0
912,1890.88,Mumbai,ATM,22,8.08,0
235,42776.0,Hyderabad,Online,13,272.0,1
30,4208.53,Delhi,Online,7,39.75,0
520,5405.04,Delhi,POS,22,64.52,0
282,2681.54,Hyderabad,ATM,9,81.3,0
676,6008.41,Hyderabad,POS,13,27.95,0
75,9054.06,Delhi,Online,18,40.46,0
355,5138.24,Mumbai,Online,14,12.22,0
960,29040.0,Mumbai,POS,4,33.0,1
27,352.93,Mumbai,ATM,6,33.76,0
518,24523.0,Mumbai,POS,4,17.0,1
18,2554.85,Mumbai,ATM,20,0.58,0
273,3315.76,Delhi,ATM,14,41.29,0
252,1054.79,Hyderabad,POS,21,46.36,0
177,1961.78,Hyderabad,ATM,13,6.4,0
46,970.74,Delhi,POS,20,11.16,0
605,5967.3,Delhi,POS,22,17.78,0
238,2531.94,Chennai,POS,19,52.58,0
933,3776.37,Bangalore,ATM,13,1.22,0
235,1786.26,Hyderabad,POS,17,20.64,0
463,3520.24,Bangalore,Online,6,5.05,0
722,1450.16,Bangalore,Online,22,32.56,0
422,4775.07,Delhi,ATM,22,1.06,0
599,3833.64,Delhi,POS,12,49.68,0
222,7211.65,Hyderabad,POS,6,73.87,0
376,3739.39,Bangalore,Online,14,30.1,0
938,3442.9,Bangalore,ATM,22,55.99,0
800,1615.22,Bangalore,POS,23,31.33,0
646,1455.82,Delhi,ATM,17,36.94,0
600,89.99,Hyderabad,Online,14,102.21,0
294,4956.35,Hyderabad,ATM,14,58.79,0
178,9520.91,Hyderabad,POS,12,100.36,0
730,4262.5,Hyderabad,ATM,18,88.43,0
410,7279.48,Delhi,ATM,8,34.39,0
287,865.79,Bangalore,ATM,21,49.01,0
107,350.86,Hyderabad,POS,20,25.02,0
989,59487.0,Delhi,ATM,3,15.0,1
199,2627.88,Bangalore,Online,14,97.21,0
955,36145.0,Bangalore,POS,23,482.0,1
346,7454.78,Delhi,ATM,23,19.86,0
401,5184.32,Mumbai,ATM,6,27.74,0
149,2248.05,Chennai,POS,11,24.81,0
576,9018.44,Delhi,ATM,21,27.89,0
980,5009.34,Delhi,ATM,9,0.6,0
357,390.17,Hyderabad,ATM,22,11.36,0
163,1211.69,Bangalore,Online,23,64.66,0
60,1019.98,Mumbai,ATM,9,45.39,0
607,867.93,Mumbai,Online,13,11.29,0
522,2714.77,Bangalore,POS,13,25.65,0
503,5449.74,Mumbai,Online,14,44.93,0
932,3720.76,Delhi,POS,9,47.75,0
138,4967.56,Bangalore,POS,20,60.65,0
516,2774.46,Chennai,ATM,20,95.8,0
855,1712.64,Mumbai,Online,16,34.17,0
204,4351.19,Hyderabad,ATM,10,41.27,0
925,7511.47,Bangalore,Online,8,34.98,0
588,3568.51,Mumbai,POS,13,73.1,0
288,4393.63,Delhi,Online,10,35.32,0
731,6882.57,Hyderabad,Online,16,5.56,0
920,972.97,Hyderabad,ATM,15,24.11,0
218,495.07,Delhi,Online,22,45.94,0
794,20215.0,Hyderabad,ATM,1,19.0,1
946,5880.48,Hyderabad,ATM,18,76.38,0
686,1422.62,Bangalore,ATM,13,9.64,0
420,3456.45,Hyderabad,Online,15,44.8,0
661,6970.32,Hyderabad,Online,15,21.86,0
883,49341.0,Bangalore,Online,6,477.0,1
178,45929.0,Delhi,Online,1,266.0,1
307,1659.65,Hyderabad,POS,7,31.71,0
150,7183.26,Delhi,Online,20,19.99,0
625,2596.29,Hyderabad,Online,8,18.97,0
685,2285.1,Delhi,POS,14,62.34,0
847,433.99,Hyderabad,ATM,8,60.64,0
13,1003.93,Delhi,Online,22,16.48,0
37,368.48,Chennai,ATM,11,3.12,0
437,19986.0,Mumbai,Online,1,40.0,1
158,7116.32,Mumbai,ATM,19,2.44,0
859,368.89,Mumbai,POS,7,11.26,0
946,7275.25,Delhi,ATM,19,15.14,0
56,16572.0,Chennai,Online,4,3.0,1
937,38457.0,Delhi,Online,3,30.0,1
902,1553.02,Mumbai,ATM,20,15.05,0
705,2396.29,Chennai,Online,21,44.41,0
74,5030.65,Hyderabad,ATM,18,42.29,0
705,862.54,Bangalore,POS,8,6.16,0
500,4063.48,Hyderabad,Online,17,53.0,0
808,188.02,Bangalore,Online,13,19.64,0
478,4835.25,Chennai,POS,20,36.41,0
373,4721.16,Delhi,ATM,11,76.93,0
10,33465.0,Chennai,POS,15,481.0,1
46,1093.05,Delhi,ATM,22,49.37,0
606,1552.89,Chennai,Online,20,81.91,0
911,633.7,Bangalore,Online,15,9.21,0
211,4372.66,Chennai,Online,20,10.85,0
178,539.01,Hyderabad,Online,20,4.2,0
434,1126.92,Mumbai,Online,14,61.27,0
96,37459.0,Delhi,ATM,1,47.0,1
719,45458.0,Bangalore,POS,12,282.0,1
240,367.75,Chennai,Online,13,47.0,0
890,4463.65,Hyderabad,ATM,19,38.71,0
151,3181.06,Hyderabad,ATM,10,52.75,0
113,234.78,Chennai,Online,9,8.71,0
705,2571.06,Delhi,Online,17,39.33,0
197,3346.44,Hyderabad,Online,19,7.51,0
931,736.07,Delhi,ATM,22,30.61,0
883,1654.84,Mumbai,ATM,16,100.27,0
916,3769.23,Hyderabad,ATM,23,36.17,0
222,577.2,Chennai,ATM,10,12.41,0
134,5908.29,Mumbai,POS,13,80.56,0
721,821.6,Bangalore,ATM,15,36.68,0
209,1194.49,Bangalore,Online,17,22.62,0
293,8921.35,Chennai,ATM,15,36.95,0
361,2791.74,Delhi,Online,12,26.3,0
855,138.26,Bangalore,Online,11,31.1,0
307,846.32,Chennai,ATM,9,28.47,0
482,4055.94,Bangalore,POS,20,64.59,0
431,3582.61,Delhi,POS,12,87.71,0
938,1181.91,Delhi,ATM,15,2.1,0
622,2451.84,Bangalore,ATM,13,53.07,0
466,2139.55,Bangalore,POS,17,12.54,0
151,2723.39,Delhi,POS,21,2.75,0
124,2270.66,Mumbai,ATM,16,66.29,0
298,1758.27,Mumbai,ATM,11,8.49,0
48,1909.24,Chennai,Online,17,74.89,0
524,1334.16,Delhi,POS,7,98.79,0
497,54869.0,Delhi,POS,11,120.0,1
724,1539.15,Chennai,ATM,14,22.71,0
211,23831.0,Bangalore,ATM,5,36.0,1
134,4244.21,Mumbai,ATM,18,61.52,0
270,2220.5,Chennai,ATM,13,44.64,0
930,2843.53,Delhi,ATM,15,127.22,0
336,5748.79,Delhi,Online,16,2.4,0
620,5267.39,Chennai,Online,16,14.08,0
803,15349.0,Chennai,POS,4,4.0,1
60,39245.0,Delhi,Online,15,412.0,1
635,3096.89,Mumbai,ATM,10,9.13,0
99,562.17,Delhi,Online,23,17.96,0
538,836.78,Hyderabad,ATM,17,103.62,0
77,6560.23,Chennai,ATM,15,42.9,0
766,2279.13,Delhi,Online,13,23.01,0
604,1947.64,Hyderabad,POS,13,91.96,0
809,4615.96,Chennai,Online,20,20.18,0
108,4781.92,Hyderabad,POS,19,37.28,0
141,3198.83,Bangalore,POS,17,59.03,0
99,3561.08,Hyderabad,POS,20,52.93,0
650,2494.16,Mumbai,Online,20,2.71,0
947,365.51,Bangalore,POS,19,23.37,0
97,2825.51,Hyderabad,ATM,9,35.6,0
202,832.56,Chennai,POS,12,15.37,0
169,6696.73,Delhi,ATM,11,2.12,0
667,2735.3,Mumbai,POS,22,23.67,0
799,6772.74,Delhi,POS,8,18.78,0
30,1342.43,Hyderabad,POS,11,4.69,0
207,5419.6,Hyderabad,POS,6,77.21,0
320,3433.75,Mumbai,POS,7,71.65,0
355,2542.98,Mumbai,Online,19,1.37,0
802,5546.17,Bangalore,ATM,11,34.38,0
661,216.59,Delhi,ATM,22,59.87,0
240,39508.0,Delhi,Online,4,113.0,1
226,1384.52,Delhi,Online,19,6.54,0
71,4689.01,Hyderabad,POS,9,5.56,0
940,40733.0,Hyderabad,POS,16,304.0,1
957,3176.88,Mumbai,Online,8,43.1,0
641,358.83,Bangalore,ATM,10,29.24,0
98,6058.42,Chennai,ATM,14,37.82,0
930,3359.73,Delhi,POS,7,31.47,0
941,5074.19,Chennai,POS,20,60.6,0
517,947.03,Delhi,POS,9,120.48,0
711,5329.88,Delhi,Online,15,45.35,0
847,3961.83,Delhi,Online,8,59.2,0
171,25862.0,Mumbai,ATM,1,33.0,1
43,996.93,Chennai,POS,21,19.73,0
9,3159.57,Hyderabad,Online,15,10.01,0
247,3404.39,Chennai,POS,8,71.58,0
379,744.69,Chennai,ATM,18,7.28,0
514,471.76,Chennai,ATM,16,79.35,0
66,4346.8,Delhi,POS,13,8.71,0
303,2152.74,Mumbai,ATM,8,39.34,0
479,1453.49,Mumbai,ATM,11,64.83,0
889,2012.46,Hyderabad,POS,7,11.46,0
784,2632.58,Mumbai,POS,15,51.82,0
14,3884.76,Hyderabad,Online,21,52.76,0
365,828.85,Mumbai,POS,18,42.46,0
277,1484.33,Delhi,POS,16,7.62,0
75,2006.32,Delhi,ATM,20,35.26,0
483,29788.0,Bangalore,ATM,3,30.0,1
933,5026.49,Chennai,POS,18,51.7,0
35,1488.56,Chennai,Online,6,13.92,0
944,271.93,Delhi,Online,23,5.51,0
148,2210.74,Chennai,ATM,20,37.98,0
10,4590.36,Hyderabad,ATM,9,25.09,0
440,6912.82,Chennai,POS,16,4.96,0
732,925.46,Delhi,Online,20,10.39,0
538,1052.51,Delhi,ATM,13,23.0,0
269,2822.96,Hyderabad,Online,18,11.46,0
425,480.26,Hyderabad,ATM,9,72.56,0
714,7699.75,Mumbai,POS,13,68.33,0
937,3684.37,Hyderabad,POS,15,48.09,0
327,43803.0,Mumbai,ATM,19,439.0,1
695,7579.25,Mumbai,ATM,23,48.02,0
988,254.44,Bangalore,Online,18,29.61,0
83,3888.73,Chennai,Online,21,39.74,0
70,1155.21,Hyderabad,ATM,20,65.02,0
538,3480.48,Hyderabad,Online,13,52.52,0
59,30465.0,Hyderabad,ATM,2,20.0,1
811,1480.78,Chennai,ATM,11,27.68,0
27,2082.9,Delhi,ATM,18,3.66,0
4,5471.31,Chennai,ATM,22,13.43,0
959,4827.27,Mumbai,ATM,17,19.61,0
883,439.75,Hyderabad,ATM,12,52.44,0
573,3117.8,Bangalore,POS,6,49.28,0
118,412.52,Mumbai,ATM,9,88.23,0
696,783.67,Chennai,ATM,20,56.72,0
196,56745.0,Delhi,Online,14,389.0,1
867,575.44,Mumbai,Online,7,9.84,0
606,2893.78,Chennai,POS,19,95.05,0
21,2398.15,Delhi,POS,16,14.32,0
210,182.92,Bangalore,POS,15,59.83,0
859,2828.36,Delhi,ATM,17,38.26,0
841,2138.66,Delhi,POS,6,7.61,0
263,1203.13,Mumbai,POS,10,105.12,0
149,2028.48,Chennai,Online,7,3.9,0
808,3190.51,Delhi,Online,18,89.98,0
178,3213.85,Bangalore,POS,21,16.85,0
730,6432.94,Delhi,POS,20,17.37,0
775,2668.71,Hyderabad,ATM,10,16.59,0
827,3700.9,Hyderabad,ATM,13,14.62,0
961,1367.14,Bangalore,POS,14,50.52,0
152,2842.12,Mumbai,Online,17,4.29,0
9,2211.57,Hyderabad,Online,21,84.9,0
81,30025.0,Chennai,POS,1,39.0,1
710,25.64,Bangalore,POS,9,59.36,0
420,2537.26,Hyderabad,Online,22,54.67,0
908,5766.83,Mumbai,ATM,18,22.73,0
432,6016.04,Bangalore,Online,10,0.88,0
350,4122.15,Bangalore,ATM,23,78.13,0
201,509.35,Bangalore,POS,11,53.65,0
914,885.65,Chennai,POS,12,33.59,0
678,196.26,Mumbai,ATM,7,53.19,0
530,579.84,Delhi,POS,8,54.26,0
468,5939.27,Bangalore,ATM,19,60.68,0
699,977.43,Bangalore,POS,6,96.27,0
849,3756.5,Chennai,POS,19,3.74,0
207,945.18,Chennai,ATM,12,17.81,0
702,6313.28,Delhi,Online,20,46.87,1
126,3414.93,Bangalore,POS,11,20.9,0
471,937.84,Mumbai,ATM,20,42.23,0
977,6906.74,Mumbai,ATM,23,4.8,0
660,1280.46,Chennai,Online,13,41.1,0
731,4764.73,Bangalore,Online,14,3.61,0
82,39721.0,Hyderabad,Online,4,6.0,1
344,1093.88,Bangalore,Online,6,100.88,0
267,344.03,Bangalore,ATM,19,46.97,0
257,4063.87,Mumbai,POS,8,2.2,0
221,1160.94,Delhi,POS,20,9.55,0
307,620.53,Bangalore,Online,11,87.66,0
720,5904.58,Hyderabad,POS,20,90.91,0
914,4060.25,Delhi,ATM,21,8.53,0
912,6854.19,Mumbai,Online,13,24.05,0
1000,623.63,Hyderabad,Online,13,20.08,0
388,3578.61,Mumbai,POS,7,28.11,0
819,1543.88,Hyderabad,ATM,19,70.09,0
181,3453.29,Chennai,ATM,8,65.86,0
659,806.48,Delhi,Online,13,70.86,0
423,5550.95,Hyderabad,ATM,15,28.72,0
507,2836.99,Bangalore,ATM,21,16.55,0
503,328.71,Delhi,ATM,20,8.11,0
951,2550.96,Delhi,ATM,14,22.62,0
962,2156.49,Delhi,ATM,11,36.67,0
704,6716.05,Delhi,Online,11,40.35,0
95,4085.53,Chennai,ATM,8,14.37,0
600,2006.01,Delhi,ATM,15,41.37,0
969,2468.35,Hyderabad,ATM,12,90.1,0
178,1398.64,Chennai,Online,15,15.23,0
698,3912.76,Delhi,ATM,14,53.23,0
481,26626.0,Mumbai,Online,14,259.0,1
44,4782.89,Bangalore,POS,11,55.04,0
252,3925.75,Hyderabad,ATM,20,22.41,0
494,29166.0,Hyderabad,POS,19,490.0,1
592,3439.75,Bangalore,POS,16,55.37,0
53,2470.26,Hyderabad,ATM,9,49.98,0
664,700.33,Delhi,POS,11,26.43,0
846,3695.02,Chennai,Online,22,66.37,0
862,2340.32,Delhi,ATM,20,46.78,0
19,6377.02,Bangalore,POS,12,25.07,0
272,2761.72,Hyderabad,Online,6,31.26,0
406,4064.78,Chennai,POS,20,58.22,0
576,664.53,Hyderabad,Online,10,54.91,0
410,3049.6,Chennai,ATM,15,17.01,0
627,4040.08,Delhi,POS,6,73.5,0
488,2681.04,Mumbai,ATM,7,4.03,0
9,5407.27,Delhi,ATM,6,72.37,0
682,5473.77,Bangalore,POS,9,2.35,0
155,15783.0,Delhi,Online,1,50.0,1
900,1020.43,Hyderabad,Online,23,59.45,0
601,2105.16,Chennai,Online,13,107.36,0
127,2094.0,Chennai,POS,23,43.04,0
285,1705.61,Chennai,Online,21,53.88,0
772,2431.09,Mumbai,POS,14,9.68,0
983,1717.77,Bangalore,ATM,7,7.82,0
647,2113.81,Delhi,ATM,21,39.47,0
608,1846.22,Mumbai,ATM,21,8.92,0
142,1874.33,Bangalore,ATM,21,5.01,0
886,765.82,Mumbai,Online,15,25.89,0
163,2511.05,Chennai,POS,12,49.6,0
154,556.27,Delhi,ATM,9,83.02,0
911,32290.0,Delhi,POS,2,19.0,1
840,4983.28,Chennai,POS,22,36.8,0
713,1330.75,Hyderabad,Online,10,7.84,0
932,2916.81,Mumbai,ATM,9,16.54,0
175,393.92,Mumbai,ATM,21,9.55,0
141,6259.62,Hyderabad,Online,10,9.87,0
635,913.89,Bangalore,ATM,23,37.89,0
28,1257.35,Hyderabad,Online,13,21.89,0
450,3461.94,Chennai,ATM,17,16.21,0
789,535.62,Delhi,ATM,14,11.2,0
145,4211.72,Hyderabad,POS,20,47.3,0
501,612.74,Hyderabad,Online,11,39.87,0
210,32464.0,Bangalore,POS,2,12.0,1
707,4635.84,Mumbai,ATM,23,0.35,0
238,27501.0,Delhi,Online,12,277.0,1
881,26349.0,Hyderabad,ATM,4,44.0,1
361,776.38,Chennai,ATM,21,56.11,0
889,3586.92,Delhi,POS,8,75.94,0
229,32612.0,Mumbai,POS,12,343.0,1
381,9705.46,Chennai,Online,16,29.32,0
313,1857.36,Chennai,POS,13,35.99,0
86,3646.57,Mumbai,ATM,12,18.85,0
143,9061.02,Mumbai,Online,7,73.54,0
966,5359.69,Hyderabad,Online,10,22.28,0
794,32660.0,Hyderabad,POS,4,40.0,1
424,3088.57,Chennai,ATM,6,111.19,0
995,4297.53,Delhi,POS,23,18.97,0
234,56007.0,Delhi,ATM,16,437.0,1
440,115.18,Chennai,POS,11,6.16,0
780,938.99,Chennai,Online,6,25.88,0
959,2051.62,Hyderabad,POS,12,17.91,0
195,2310.97,Hyderabad,Online,10,64.36,0
378,1367.83,Hyderabad,POS,18,44.81,0
869,85.65,Bangalore,Online,10,17.17,0
949,2821.99,Mumbai,POS,6,31.12,0
857,3716.89,Mumbai,Online,11,60.66,0
708,38319.0,Delhi,POS,3,338.0,1
317,7343.6,Chennai,Online,16,70.22,0
767,526.42,Delhi,ATM,16,29.36,0
151,2615.82,Bangalore,ATM,21,62.37,0
443,4016.43,Chennai,POS,6,12.97,1
467,1607.85,Mumbai,Online,19,14.72,0
14,165.78,Hyderabad,POS,15,73.7,0
676,2495.42,Hyderabad,Online,12,46.91,0
274,3469.91,Mumbai,Online,6,48.08,0
218,1610.96,Hyderabad,POS,13,16.17,0
165,1170.57,Chennai,ATM,14,3.35,0
899,109.57,Mumbai,Online,19,33.08,0
35,4316.92,Chennai,POS,21,16.98,0
862,1751.57,Mumbai,POS,23,1.59,0
130,473.69,Chennai,Online,9,0.33,0
776,1560.97,Bangalore,Online,21,19.68,0
310,193.28,Chennai,ATM,10,72.13,0
596,3552.2,Bangalore,POS,18,1.33,0
437,4518.69,Mumbai,Online,7,33.84,0
978,934.51,Mumbai,Online,14,30.41,0
937,1030.38,Delhi,POS,13,39.96,0
82,229.77,Bangalore,POS,11,22.76,0
355,2802.9,Bangalore,Online,12,128.42,0
131,27204.0,Delhi,ATM,1,37.0,1
943,2949.75,Mumbai,Online,21,30.56,0
799,2390.45,Delhi,POS,12,3.79,0
10,1652.74,Chennai,ATM,8,100.53,0
525,151.56,Bangalore,Online,6,24.87,0
205,412.93,Mumbai,POS,16,58.43,0
559,2685.07,Mumbai,ATM,12,43.84,0
455,4751.67,Chennai,Online,22,57.82,0
559,2707.57,Mumbai,POS,16,25.73,0
569,16.26,Mumbai,POS,12,60.31,0
238,768.4,Delhi,POS,19,35.25,0
281,46514.0,Delhi,Online,7,283.0,1
310,4772.25,Chennai,ATM,14,35.65,0
145,1467.33,Chennai,ATM,18,26.21,0
803,867.91,Bangalore,ATM,19,6.38,0
784,5029.13,Mumbai,ATM,9,44.54,0
244,2164.18,Chennai,Online,23,3.03,0
632,3330.06,Hyderabad,POS,12,74.6,0
581,668.71,Chennai,ATM,19,87.74,0
443,29915.0,Hyderabad,ATM,12,461.0,1
573,2598.33,Chennai,ATM,19,111.26,0
731,3828.96,Chennai,Online,14,61.6,0
821,166.75,Bangalore,POS,23,1.54,0
708,631.35,Bangalore,ATM,15,8.85,0
578,2110.82,Bangalore,ATM,7,10.29,0
977,2722.24,Bangalore,POS,15,40.21,0
999,7830.76,Hyderabad,Online,16,13.18,0
823,460.22,Bangalore,Online,15,71.48,0
464,2189.83,Mumbai,Online,7,3.02,0
503,4359.12,Hyderabad,Online,17,2.83,0
885,1591.16,Hyderabad,Online,13,93.54,0
692,3316.87,Chennai,ATM,19,2.71,0
233,20189.0,Bangalore,POS,1,41.0,1
346,2503.92,Bangalore,Online,18,33.7,0
466,2296.57,Mumbai,Online,7,17.88,0
765,659.63,Chennai,ATM,12,35.36,0
943,230.55,Bangalore,POS,6,20.24,0
653,6998.61,Chennai,ATM,12,71.55,0
515,7896.68,Chennai,POS,16,67.84,0
11,20286.0,Hyderabad,Online,4,7.0,1
205,1789.04,Hyderabad,ATM,15,25.41,0
557,1031.52,Bangalore,ATM,18,37.46,0
991,49.81,Hyderabad,POS,7,46.36,0
1000,2073.8,Bangalore,ATM,8,42.02,0
88,2980.18,Bangalore,ATM,14,12.5,0
862,3677.57,Chennai,ATM,11,6.68,0
67,1930.04,Chennai,ATM,10,34.72,0
461,1024.07,Hyderabad,ATM,7,42.33,0
7,1507.76,Delhi,ATM,17,24.37,0
653,925.83,Delhi,POS,21,43.72,0
685,2537.99,Chennai,Online,12,11.0,0
852,7667.01,Mumbai,POS,12,81.85,0
987,1125.13,Chennai,Online,21,44.06,0
58,3321.96,Chennai,POS,21,25.98,0
253,4073.31,Bangalore,ATM,23,19.58,0
93,1010.99,Hyderabad,POS,20,76.13,0
460,399.58,Chennai,ATM,18,13.08,0
23,3937.2,Delhi,POS,13,73.75,0
598,644.97,Hyderabad,Online,14,64.34,0
727,674.75,Bangalore,Online,17,95.78,0
192,5847.53,Bangalore,POS,23,46.74,0
427,4618.19,Mumbai,ATM,16,77.19,0
457,6547.37,Chennai,POS,14,28.66,0
649,42083.0,Chennai,ATM,19,412.0,1
238,481.68,Delhi,Online,8,25.14,0
390,4850.81,Chennai,ATM,12,1.01,0
952,3455.22,Mumbai,Online,18,13.8,0
331,1724.87,Mumbai,POS,6,37.34,0
225,7446.42,Bangalore,ATM,14,63.17,0
384,3246.76,Chennai,ATM,15,28.83,0
280,5473.07,Chennai,ATM,11,79.4,0
420,1597.83,Delhi,POS,9,36.52,0
478,7304.62,Chennai,POS,21,6.74,0
602,1209.3,Chennai,ATM,6,9.22,0
686,1923.94,Hyderabad,Online,10,28.59,0
877,5203.37,Chennai,Online,22,3.95,0
974,2872.88,Hyderabad,POS,20,61.08,0
488,3338.9,Bangalore,ATM,17,67.3,0
836,1474.98,Chennai,POS,6,22.59,0
116,3276.74,Bangalore,POS,20,6.69,0
773,7290.13,Delhi,POS,20,13.26,1
318,5114.0,Bangalore,POS,6,49.35,0
350,1888.62,Mumbai,ATM,19,1.51,0
341,8379.96,Hyderabad,ATM,8,15.22,0
381,33.86,Mumbai,POS,6,18.53,0
929,604.44,Delhi,Online,10,29.69,0
944,31355.0,Hyderabad,ATM,3,24.0,1
908,560.15,Bangalore,POS,8,81.6,0
922,1600.14,Chennai,POS,14,56.4,0
386,2545.24,Delhi,POS,23,120.34,0
839,1340.0,Mumbai,ATM,10,31.73,0
458,324.13,Chennai,Online,10,26.05,0
185,6387.99,Delhi,POS,22,22.61,0
516,3385.76,Hyderabad,Online,18,60.29,0
739,35649.0,Mumbai,POS,2,5.0,1
262,8078.6,Bangalore,POS,8,23.43,0
164,771.62,Mumbai,Online,13,4.89,0
351,479.89,Mumbai,POS,12,12.95,0
68,5352.49,Mumbai,Online,8,5.1,0
894,34071.0,Chennai,ATM,4,40.0,1
750,1590.36,Hyderabad,POS,22,34.43,0
234,440.57,Mumbai,Online,18,28.55,0
322,1986.68,Hyderabad,ATM,15,70.62,0
726,2440.27,Hyderabad,ATM,17,83.09,0
79,57776.0,Delhi,POS,18,107.0,1
535,21614.0,Bangalore,ATM,1,0.0,1
83,5372.46,Hyderabad,ATM,19,44.21,0
183,788.56,Chennai,Online,11,43.06,0
772,2344.54,Hyderabad,ATM,7,40.45,0
429,4078.63,Hyderabad,POS,23,25.82,0
769,392.85,Delhi,Online,8,64.75,0
177,2052.1,Chennai,Online,19,24.98,0
36,22926.0,Chennai,POS,2,33.0,1
376,7403.52,Chennai,ATM,21,38.82,0
516,56346.0,Delhi,ATM,0,220.0,1
359,8975.26,Delhi,ATM,17,14.32,0
239,2162.27,Chennai,Online,10,29.99,0
911,1575.8,Bangalore,Online,20,27.7,0
469,2794.1,Mumbai,POS,16,63.89,0
216,3919.8,Bangalore,Online,8,38.74,0
605,2614.48,Delhi,POS,11,74.34,0
119,1061.17,Hyderabad,Online,13,4.52,0
26,3726.72,Delhi,POS,10,62.81,0
596,1779.22,Hyderabad,POS,20,156.68,0
105,793.4,Bangalore,Online,9,14.43,0
475,3649.51,Chennai,Online,6,45.09,0
161,3085.64,Bangalore,Online,20,11.73,0
716,1098.94,Delhi,ATM,21,68.63,0
624,721.25,Delhi,ATM,11,23.75,0
196,6373.99,Mumbai,POS,19,25.33,0
74,1119.34,Bangalore,POS,13,127.27,0
153,3433.17,Mumbai,ATM,6,15.31,0
196,4417.87,Mumbai,Online,11,18.4,0
715,2704.75,Chennai,Online,9,78.62,0
883,1319.18,Mumbai,POS,14,132.59,0
977,542.0,Mumbai,POS,8,116.66,0
195,2116.01,Hyderabad,Online,20,61.27,0
705,3509.18,Hyderabad,Online,11,51.89,0
703,4914.07,Delhi,POS,13,14.89,0
623,1936.53,Bangalore,Online,22,7.45,0
330,2679.09,Delhi,ATM,23,13.59,0
635,2842.66,Mumbai,Online,7,26.48,1
889,740.08,Bangalore,Online,20,29.75,0
699,30676.0,Chennai,ATM,1,33.0,1
552,1208.36,Chennai,POS,20,25.0,0
897,4372.13,Mumbai,ATM,22,28.85,0
66,640.0,Delhi,ATM,14,13.6,0
855,6132.93,Delhi,ATM,17,19.64,0
69,3594.86,Chennai,Online,19,4.88,0
978,1774.53,Bangalore,ATM,11,7.56,0
456,32150.0,Mumbai,ATM,5,4.0,1
635,2889.92,Bangalore,ATM,12,4.8,0
840,6030.0,Delhi,ATM,20,8.66,0
68,3131.72,Delhi,POS,19,147.14,0
428,1027.89,Delhi,POS,11,75.66,0
164,6224.37,Delhi,Online,22,57.26,0
832,1415.92,Mumbai,ATM,6,24.33,0
142,1833.53,Hyderabad,POS,8,109.51,0
903,45243.0,Delhi,ATM,6,315.0,1
765,28507.0,Mumbai,POS,4,262.0,1
317,565.42,Hyderabad,Online,7,2.7,0
310,2306.96,Bangalore,ATM,14,4.63,0
930,39.38,Mumbai,POS,12,79.72,0
580,4860.84,Chennai,Online,6,26.1,0
437,811.34,Bangalore,Online,11,63.21,0
638,616.59,Bangalore,POS,13,88.52,0
739,2343.66,Hyderabad,ATM,20,71.49,0
623,39439.0,Hyderabad,Online,4,28.0,1
712,1668.54,Mumbai,Online,21,13.58,0
180,5686.26,Hyderabad,POS,10,119.7,0
805,6691.1,Chennai,ATM,22,53.86,0
973,3777.85,Delhi,Online,23,15.35,0
254,2895.69,Bangalore,ATM,12,35.65,0
375,3137.35,Bangalore,Online,9,32.0,0
892,3892.54,Delhi,POS,11,11.94,0
392,3254.62,Delhi,ATM,15,5.81,0
230,3084.15,Mumbai,POS,9,57.09,0
383,31649.0,Mumbai,Online,16,357.0,1
678,337.59,Hyderabad,POS,7,61.75,0
441,2011.71,Hyderabad,ATM,18,26.99,0
688,370.44,Delhi,Online,21,10.97,0
833,4916.04,Chennai,POS,9,52.3,0
640,7433.8,Bangalore,Online,21,43.25,0
941,831.0,Delhi,POS,8,32.04,0
716,29800.0,Delhi,POS,1,4.0,1
506,6431.64,Chennai,ATM,12,9.9,0
436,1697.95,Mumbai,Online,7,0.43,0
820,1099.8,Bangalore,Online,11,23.44,0
199,1097.88,Hyderabad,Online,20,36.47,0
959,343.72,Chennai,Online,12,13.73,0
235,17950.0,Bangalore,ATM,5,45.0,1
593,2655.11,Bangalore,POS,20,61.2,0
390,3199.15,Bangalore,ATM,9,9.1,0
66,4170.78,Hyderabad,Online,19,49.02,0
373,376.38,Chennai,Online,20,40.71,0
166,29523.0,Mumbai,Online,2,365.0,1
127,520.87,Bangalore,POS,6,76.19,0
413,407.41,Bangalore,Online,9,27.64,0
487,1447.17,Delhi,POS,10,40.84,0
266,4712.75,Bangalore,POS,19,20.71,0
845,3110.22,Delhi,Online,16,134.1,0
357,39700.0,Delhi,ATM,4,8.0,1
755,635.13,Bangalore,Online,21,78.8,0
277,5783.22,Hyderabad,ATM,21,25.93,0
718,886.64,Hyderabad,POS,10,13.25,0
933,33178.0,Mumbai,POS,1,46.0,1
519,2010.3,Hyderabad,POS,8,37.44,0
909,4953.45,Hyderabad,Online,19,35.19,0
928,2829.27,Mumbai,Online,16,56.76,0
932,2312.11,Bangalore,Online,6,105.19,0
68,4538.41,Hyderabad,POS,10,22.93,0
323,2045.7,Delhi,Online,23,90.82,0
1000,3398.49,Bangalore,Online,11,36.52,0
867,3675.52,Mumbai,ATM,19,51.98,0
454,1896.45,Chennai,ATM,10,71.84,0
349,6549.12,Bangalore,POS,14,43.39,0
39,17372.0,Bangalore,ATM,4,9.0,1
493,160.13,Delhi,POS,19,42.21,0
323,2212.22,Chennai,Online,8,14.68,0
411,1053.26,Chennai,POS,10,16.5,0
882,799.78,Hyderabad,ATM,16,51.25,0
745,228.9,Bangalore,Online,7,13.73,0
267,292.08,Chennai,ATM,23,6.18,0
906,4094.74,Delhi,POS,17,15.04,0
985,2011.9,Bangalore,Online,10,38.17,0
233,2807.55,Chennai,ATM,15,26.43,0
978,3887.52,Bangalore,Online,11,32.83,0
281,2096.19,Mumbai,ATM,7,129.57,0
705,1864.91,Bangalore,ATM,14,19.32,0
538,4912.0,Chennai,Online,12,17.13,0
483,4283.77,Chennai,Online,16,18.49,0
43,6132.17,Bangalore,ATM,15,40.38,0
538,6037.38,Hyderabad,ATM,10,68.55,0
24,1640.87,Bangalore,POS,14,41.53,0
324,1880.88,Delhi,Online,20,20.33,0
996,3675.86,Delhi,POS,18,40.54,0
887,4134.34,Mumbai,Online,15,50.69,0
123,1377.87,Delhi,Online,14,50.85,0
64,4845.78,Mumbai,ATM,17,17.73,0
332,177.0,Chennai,POS,19,32.05,0
656,3470.95,Mumbai,Online,19,43.7,0
997,4606.21,Bangalore,ATM,11,58.11,0
138,480.21,Delhi,POS,9,84.93,0
807,4250.99,Chennai,ATM,22,0.62,0
44,3302.44,Bangalore,ATM,23,63.78,0
306,6212.94,Mumbai,POS,9,49.72,0
869,4333.69,Bangalore,POS,20,15.9,0
491,1441.67,Chennai,Online,11,3.51,0
485,95.81,Chennai,POS,14,74.76,0
950,2047.84,Chennai,POS,18,53.46,0
676,858.12,Hyderabad,Online,14,16.42,0
54,4703.42,Bangalore,Online,22,20.23,0
732,396.67,Delhi,POS,21,11.17,0
189,4630.27,Hyderabad,Online,8,58.44,0
745,3526.06,Chennai,Online,16,13.2,0
597,1036.7,Mumbai,ATM,12,110.08,0
737,30392.0,Bangalore,ATM,13,470.0,1
979,1420.59,Bangalore,POS,16,47.73,0
801,4166.74,Chennai,POS,6,49.0,0
528,3546.18,Delhi,Online,8,51.05,0
733,1260.64,Mumbai,Online,8,73.21,0
159,5088.49,Chennai,ATM,17,40.97,0
261,327.55,Bangalore,POS,20,108.72,0
94,2989.21,Chennai,Online,15,52.81,0
140,630.91,Hyderabad,ATM,19,2.01,0
443,691.24,Hyderabad,Online,6,47.93,0
259,46496.0,Delhi,Online,4,194.0,1
898,6539.98,Hyderabad,ATM,15,23.15,0
394,3765.51,Chennai,Online,21,3.14,0
785,2878.36,Chennai,Online,11,56.65,0
311,998.9,Hyderabad,ATM,13,23.24,0
517,4098.13,Hyderabad,ATM,17,87.24,0
558,7853.67,Hyderabad,POS,20,13.49,0
829,26359.0,Chennai,ATM,4,2.0,1
537,5425.92,Delhi,Online,10,123.51,0
34,6666.85,Hyderabad,Online,8,26.29,0
731,1286.71,Bangalore,Online,13,32.06,0
335,1549.67,Bangalore,Online,12,19.82,0
333,6773.08,Chennai,Online,12,9.21,0
643,1270.77,Hyderabad,POS,10,100.67,0
154,49743.0,Delhi,POS,19,473.0,1
38,3590.29,Bangalore,ATM,16,106.11,0
96,4600.89,Delhi,ATM,10,56.18,0
193,3946.15,Delhi,ATM,19,39.2,0
419,2032.3,Hyderabad,Online,15,6.21,0
468,2862.99,Delhi,POS,6,30.64,0
123,8625.56,Hyderabad,Online,16,21.92,0
792,27324.0,Mumbai,ATM,1,13.0,1
860,1483.21,Mumbai,POS,16,100.64,0
57,821.29,Delhi,Online,6,5.43,0
832,4982.41,Mumbai,Online,11,10.04,0
496,36774.0,Bangalore,POS,5,47.0,1
944,249.56,Chennai,ATM,15,102.69,0
521,819.49,Hyderabad,POS,8,37.3,1
672,2485.7,Hyderabad,POS,19,20.52,0
181,8484.06,Hyderabad,ATM,17,42.88,0
865,6211.94,Chennai,Online,14,20.99,0
290,4430.32,Chennai,ATM,8,47.3,0
55,4664.71,Delhi,ATM,7,9.42,0
547,1223.32,Mumbai,POS,15,46.65,0
288,3388.88,Bangalore,ATM,21,95.83,0
440,6029.01,Hyderabad,ATM,12,16.72,0
881,41622.0,Mumbai,ATM,23,352.0,1
668,1747.3,Mumbai,ATM,8,13.59,0
827,1033.14,Delhi,ATM,14,20.28,0
666,4078.52,Chennai,ATM,15,91.81,0
233,9993.96,Chennai,ATM,15,26.98,0
742,3472.63,Bangalore,ATM,9,37.96,0
145,6841.45,Hyderabad,Online,20,50.68,0
417,6829.04,Mumbai,POS,13,1.27,0
596,181.28,Mumbai,POS,10,15.77,0
794,1018.34,Bangalore,ATM,9,43.15,0
721,4919.3,Bangalore,Online,9,62.4,0
813,3541.78,Mumbai,Online,9,22.29,0
105,4393.28,Hyderabad,POS,11,88.15,0
764,2641.71,Mumbai,ATM,6,12.62,0
508,2649.24,Mumbai,POS,17,5.62,0
239,3305.57,Mumbai,POS,23,18.73,0
555,5398.57,Bangalore,Online,16,33.68,0
103,2462.06,Chennai,POS,21,24.88,0
388,4455.95,Delhi,ATM,13,20.33,0
740,276.45,Hyderabad,ATM,14,7.17,0
140,3897.25,Mumbai,POS,17,37.58,0
30,30058.0,Chennai,ATM,19,266.0,1
756,3471.03,Chennai,ATM,16,14.63,0
59,5087.46,Bangalore,POS,14,71.89,0
261,4221.97,Mumbai,Online,17,19.37,0
143,1184.19,Bangalore,Online,11,17.2,0
10,7870.97,Delhi,Online,9,24.08,0
531,8389.33,Hyderabad,POS,21,3.99,0
194,52518.0,Delhi,Online,9,165.0,1
776,1233.56,Hyderabad,POS,9,6.3,0
445,1733.48,Chennai,ATM,6,28.68,0
890,1456.54,Chennai,POS,23,35.07,0
231,5174.7,Hyderabad,POS,20,132.25,0
482,708.86,Delhi,POS,8,7.63,0
271,323.69,Bangalore,ATM,14,66.29,0
64,4454.96,Delhi,POS,13,33.85,0
998,29163.0,Bangalore,ATM,22,291.0,1
191,716.59,Bangalore,Online,15,57.63,0
798,3159.59,Delhi,Online,13,47.92,0
920,658.31,Bangalore,ATM,14,83.89,0
599,634.9,Mumbai,Online,16,44.39,0
485,8343.17,Delhi,Online,11,11.47,0
777,8837.57,Bangalore,ATM,23,51.49,0
779,2189.1,Delhi,ATM,15,20.7,0
415,4601.92,Chennai,ATM,16,111.27,0
973,3943.35,Delhi,ATM,23,68.64,0
586,3206.6,Hyderabad,POS,7,6.91,0
275,1491.22,Delhi,ATM,17,1.57,0
993,1537.94,Mumbai,POS,9,24.38,0
885,760.22,Chennai,Online,7,15.67,0
840,339.56,Chennai,Online,9,33.46,0
789,4289.31,Bangalore,ATM,10,28.53,0
94,392.31,Hyderabad,ATM,12,35.31,0
103,650.53,Mumbai,POS,22,13.15,0
255,4935.13,Chennai,Online,19,20.19,0
827,1527.23,Hyderabad,Online,6,2.74,0
925,2100.4,Hyderabad,POS,23,3.87,0
552,1168.09,Chennai,ATM,14,113.18,0
38,3601.91,Mumbai,POS,7,0.87,0
955,5555.69,Bangalore,ATM,22,20.78,0
80,4216.83,Mumbai,POS,13,69.5,0
388,1614.85,Mumbai,Online,12,9.96,0
793,2730.63,Delhi,ATM,15,71.98,0
369,1572.91,Hyderabad,Online,6,40.29,0
536,4229.17,Delhi,Online,20,98.99,0
154,722.18,Hyderabad,Online,19,55.42,0
659,696.83,Chennai,ATM,21,25.9,0
621,761.54,Mumbai,Online,10,90.5,0
628,4156.44,Bangalore,Online,20,3.86,0
909,1193.03,Chennai,ATM,6,3.43,0
792,2052.24,Hyderabad,ATM,7,42.67,0
960,41271.0,Delhi,ATM,4,74.0,1
320,1853.81,Hyderabad,POS,13,58.08,0
507,3736.55,Delhi,POS,21,34.93,0
678,33949.0,Mumbai,POS,11,263.0,1
491,29392.0,Mumbai,ATM,4,0.0,1
838,2626.58,Hyderabad,ATM,21,63.76,0
569,2101.14,Mumbai,ATM,20,65.57,0
727,54891.0,Delhi,ATM,8,350.0,1
846,6231.63,Mumbai,Online,16,39.12,0
150,45966.0,Hyderabad,POS,8,407.0,1
38,35029.0,Mumbai,ATM,13,262.0,1
378,253.8,Bangalore,ATM,15,3.46,0
552,5726.57,Bangalore,ATM,15,64.88,0
750,834.14,Chennai,POS,23,7.15,0
528,605.63,Chennai,POS,22,53.64,0
537,38026.0,Delhi,Online,18,389.0,1
450,3140.45,Delhi,ATM,22,25.55,0
67,3826.54,Delhi,ATM,10,2.08,0
855,680.58,Hyderabad,Online,11,25.65,0
966,3318.15,Mumbai,ATM,6,56.95,0
778,549.7,Chennai,POS,20,37.22,0
991,6755.26,Bangalore,Online,11,52.94,0
531,3077.01,Mumbai,Online,10,51.53,0
117,1724.55,Delhi,POS,12,71.91,0
214,8606.51,Hyderabad,Online,22,27.17,0
538,1309.23,Bangalore,ATM,14,58.85,0
645,4536.21,Delhi,POS,22,115.94,0
248,2001.79,Hyderabad,POS,9,9.73,0
450,3200.12,Delhi,Online,19,0.32,0
41,1754.47,Delhi,POS,20,33.16,0
67,4213.59,Hyderabad,POS,6,92.75,0
400,553.02,Delhi,Online,13,59.85,0
125,2070.01,Delhi,Online,19,8.57,0
206,5522.8,Bangalore,ATM,18,51.46,0
562,396.13,Mumbai,POS,18,97.39,0
858,6134.95,Bangalore,POS,9,22.53,0
468,619.7,Delhi,POS,9,56.11,0
334,1701.43,Delhi,POS,23,30.71,0
226,1332.28,Chennai,ATM,10,15.2,0
301,8138.83,Delhi,POS,9,7.38,0
780,894.33,Bangalore,Online,13,29.1,0
212,1687.38,Mumbai,Online,18,96.0,0
595,6220.86,Mumbai,ATM,10,1.79,0
697,701.88,Bangalore,Online,14,11.29,0
627,31409.0,Delhi,ATM,15,263.0,1
961,1123.0,Chennai,Online,17,29.18,0
174,5128.9,Delhi,ATM,7,41.83,0
202,5042.73,Mumbai,POS,10,40.88,0
817,486.63,Mumbai,Online,21,44.34,0
772,2358.7,Bangalore,Online,19,42.98,0
152,5081.04,Delhi,POS,18,46.19,0
646,52005.0,Delhi,POS,19,449.0,1
126,3653.12,Mumbai,Online,12,5.97,0
121,328.13,Chennai,Online,7,4.86,0
627,5249.95,Delhi,ATM,13,49.61,0
82,15704.0,Chennai,ATM,2,46.0,1
52,34266.0,Bangalore,ATM,5,264.0,1
914,773.53,Chennai,Online,22,27.59,0
252,1894.15,Delhi,ATM,14,24.23,0
150,3314.24,Mumbai,POS,8,42.76,0
697,6923.27,Chennai,ATM,11,22.34,0
747,2647.09,Mumbai,ATM,19,4.13,0
443,1855.12,Chennai,ATM,19,11.49,0
706,3590.79,Chennai,ATM,12,15.04,0
57,1523.8,Chennai,ATM,11,22.69,0
24,5386.23,Chennai,Online,14,30.69,0
48,2238.07,Bangalore,ATM,16,5.2,0
516,1593.88,Chennai,POS,14,10.14,0
710,3744.84,Delhi,ATM,17,85.14,0
100,28354.0,Bangalore,Online,3,15.0,1
224,2634.07,Bangalore,POS,22,58.77,0
824,43307.0,Delhi,POS,5,385.0,1
729,2403.46,Bangalore,ATM,6,12.53,0
582,4289.57,Mumbai,ATM,10,1.8,0
793,4162.59,Chennai,Online,12,39.61,0
325,111.01,Chennai,POS,11,57.18,0
384,19414.0,Hyderabad,POS,3,35.0,1
2,6466.2,Hyderabad,ATM,9,8.25,0
778,6371.87,Chennai,POS,22,0.05,0
317,2107.28,Chennai,Online,11,1.64,0
68,3019.02,Bangalore,Online,7,13.85,0
716,4526.61,Bangalore,POS,9,48.34,0
807,5720.55,Hyderabad,ATM,21,87.5,0
429,749.18,Hyderabad,ATM,20,35.68,0
199,3242.09,Mumbai,Online,19,49.36,0
740,532.19,Mumbai,POS,15,65.13,0
376,4222.82,Delhi,POS,6,109.01,0
451,2522.35,Bangalore,Online,21,20.54,0
328,2163.73,Delhi,POS,18,2.47,0
157,1600.33,Delhi,ATM,18,8.81,0
830,805.3,Chennai,ATM,23,24.11,0
431,2235.99,Hyderabad,Online,11,25.84,0
258,1653.36,Hyderabad,Online,19,102.98,0
833,4316.97,Mumbai,ATM,6,92.66,0
933,4018.76,Chennai,ATM,12,54.64,0
52,795.24,Hyderabad,POS,20,35.96,0
211,8604.42,Mumbai,ATM,21,15.82,0
676,3957.88,Hyderabad,POS,18,57.68,0
901,1314.24,Hyderabad,Online,12,13.5,0
398,3683.59,Mumbai,POS,9,101.27,0
793,2029.61,Delhi,POS,23,10.48,0
469,5675.5,Delhi,Online,8,46.36,0
933,53988.0,Delhi,ATM,11,321.0,1
283,2891.01,Hyderabad,POS,19,73.13,0
348,3358.58,Hyderabad,ATM,7,67.36,0
338,2177.26,Delhi,Online,10,61.74,0
644,1652.13,Hyderabad,POS,17,78.88,0
467,2547.89,Mumbai,Online,7,29.56,0
712,838.61,Hyderabad,POS,7,78.85,0
443,536.95,Delhi,POS,13,48.14,0
181,3345.63,Hyderabad,ATM,21,43.06,0
713,4012.61,Hyderabad,ATM,14,3.57,0
913,2773.6,Mumbai,POS,6,22.51,0
111,7034.41,Bangalore,POS,7,67.21,0
199,5258.87,Bangalore,Online,7,49.71,0
420,3569.2,Mumbai,ATM,10,52.22,0
911,3909.9,Chennai,POS,19,15.71,0
374,5800.09,Chennai,ATM,10,50.37,0
159,3661.14,Delhi,Online,19,74.21,0
691,1743.0,Delhi,POS,20,17.89,0
955,2767.1,Hyderabad,Online,9,10.78,0
874,1182.16,Chennai,ATM,19,32.95,0
703,713.59,Mumbai,Online,14,16.08,0
818,2568.24,Mumbai,POS,12,31.62,0
162,3978.13,Bangalore,Online,21,51.51,0
371,5747.18,Mumbai,Online,17,58.72,0
833,1205.31,Mumbai,Online,23,159.94,0
568,33090.0,Hyderabad,POS,4,426.0,1
762,5739.31,Chennai,ATM,12,37.46,0
963,4248.52,Chennai,POS,19,13.29,0
602,340.14,Hyderabad,Online,16,43.5,0
196,4994.68,Delhi,ATM,8,19.9,0
573,1704.37,Mumbai,POS,14,36.05,0
890,254.47,Hyderabad,ATM,6,3.65,0
629,3174.55,Chennai,POS,12,119.42,0
561,2060.76,Mumbai,Online,13,27.31,0
335,6217.09,Delhi,Online,19,157.14,0
194,932.16,Delhi,ATM,6,76.11,0
991,2360.63,Hyderabad,POS,13,0.27,0
567,7924.05,Hyderabad,Online,13,93.33,0
216,4606.12,Hyderabad,ATM,12,19.33,0
236,4043.3,Hyderabad,Online,16,23.25,0
563,2733.97,Hyderabad,POS,16,67.91,0
516,5195.39,Hyderabad,POS,6,15.39,0
630,1707.48,Delhi,ATM,19,20.01,0
414,390.85,Mumbai,ATM,12,25.86,0
426,3257.49,Delhi,ATM,7,49.47,0
537,1172.32,Delhi,Online,22,92.93,0
46,53723.0,Delhi,POS,19,55.0,1
299,29513.0,Mumbai,POS,4,13.0,1
501,7475.69,Hyderabad,Online,22,32.9,0
261,176.48,Chennai,Online,13,66.73,0
204,15358.0,Chennai,POS,3,37.0,1
756,7573.29,Hyderabad,ATM,6,66.65,0
467,878.5,Bangalore,Online,9,34.13,0
54,4814.4,Bangalore,POS,8,91.96,0
975,1250.76,Mumbai,ATM,17,80.74,0
290,137.1,Hyderabad,Online,13,26.81,0
138,1824.36,Mumbai,POS,22,3.9,0
632,1676.66,Chennai,POS,18,5.76,0
31,3164.91,Chennai,POS,15,40.35,0
772,661.17,Bangalore,Online,14,31.89,0
421,6036.11,Hyderabad,POS,14,8.86,0
815,3521.01,Bangalore,POS,22,47.9,0
76,4501.52,Delhi,Online,15,37.68,1
228,341.03,Delhi,POS,11,24.5,0
656,7795.9,Mumbai,Online,23,35.41,0
52,3399.95,Hyderabad,POS,13,28.31,0
416,1972.38,Mumbai,POS,6,106.91,0
988,3447.56,Bangalore,ATM,15,46.16,0
860,3306.56,Mumbai,POS,13,48.98,0
135,941.36,Hyderabad,POS,8,56.14,0
564,871.29,Mumbai,ATM,9,53.24,0
894,1855.35,Mumbai,ATM,11,13.03,0
933,849.71,Hyderabad,ATM,9,26.7,0
480,7037.93,Hyderabad,Online,12,3.52,0
562,4744.67,Delhi,POS,9,2.1,0
520,5590.18,Delhi,Online,15,5.7,0
329,6597.99,Delhi,ATM,23,32.65,0
319,3524.81,Chennai,POS,12,15.48,0
668,2901.0,Delhi,ATM,18,64.02,0
985,7468.91,Chennai,Online,16,55.39,0
583,3331.44,Hyderabad,ATM,13,43.81,0
350,1505.98,Bangalore,POS,8,63.14,0
695,2134.49,Bangalore,ATM,16,28.26,0
416,1620.97,Mumbai,Online,11,76.33,0
888,5026.23,Bangalore,POS,18,58.59,0
668,6107.5,Mumbai,Online,15,5.42,0
23,345.47,Mumbai,Online,14,63.96,0
845,1856.84,Mumbai,POS,15,104.96,0
324,568.66,Chennai,Online,18,76.58,0
303,1168.69,Hyderabad,POS,13,49.46,0
55,791.43,Hyderabad,ATM,23,56.51,0
909,2696.78,Mumbai,Online,13,63.18,0
621,2930.08,Bangalore,ATM,13,7.03,0
129,3493.4,Mumbai,Online,21,59.19,0
350,45654.0,Chennai,POS,15,341.0,1
988,5904.49,Hyderabad,ATM,10,0.85,0
759,4300.57,Bangalore,POS,21,57.99,0
257,1482.33,Mumbai,POS,14,54.11,0
505,2285.2,Bangalore,POS,6,58.51,0
361,7902.0,Bangalore,ATM,17,65.59,0
867,8230.99,Mumbai,POS,8,8.51,0
906,2317.29,Hyderabad,Online,17,36.37,0
438,1973.41,Chennai,POS,19,27.31,0
119,698.25,Chennai,Online,6,20.69,0
543,1210.58,Chennai,POS,20,44.74,0
688,3190.72,Bangalore,ATM,16,5.24,0
976,4821.62,Chennai,POS,23,11.25,0
344,266.23,Mumbai,ATM,11,31.18,0
818,446.07,Chennai,ATM,8,22.91,0
18,154.64,Delhi,POS,10,0.49,0
418,7327.31,Delhi,ATM,11,58.84,0
801,5896.52,Mumbai,POS,15,46.89,0
172,6710.94,Bangalore,Online,15,166.83,0
620,6304.36,Bangalore,ATM,22,56.28,0
359,1947.49,Mumbai,POS,9,49.31,0
289,3090.57,Mumbai,POS,11,74.9,0
622,3856.32,Delhi,ATM,17,96.75,0
808,5466.7,Mumbai,ATM,6,6.09,0
353,2389.79,Delhi,Online,12,27.42,0
835,3705.58,Bangalore,POS,14,71.73,0
255,6017.1,Bangalore,POS,10,7.57,0
3,3995.79,Mumbai,Online,9,9.54,0
241,2875.47,Bangalore,POS,6,47.96,0
160,3675.25,Mumbai,POS,22,77.05,0
623,3566.64,Chennai,POS,11,11.4,0
755,294.26,Chennai,POS,17,13.93,0
434,4440.15,Chennai,Online,22,65.09,0
900,5327.42,Bangalore,POS,21,4.06,0
659,465.82,Mumbai,Online,13,44.94,0
197,4033.1,Bangalore,ATM,12,9.27,0
749,6776.3,Chennai,ATM,23,53.15,0
895,275.51,Bangalore,Online,11,5.39,0
681,44746.0,Delhi,Online,22,356.0,1
92,265.57,Delhi,Online,12,10.31,0
55,2968.5,Hyderabad,ATM,8,34.22,0
85,6528.5,Hyderabad,POS,9,55.17,0
307,3023.28,Mumbai,POS,20,22.35,0
654,3300.04,Chennai,Online,14,31.57,0
939,970.76,Mumbai,Online,18,35.06,0
575,3544.93,Chennai,Online,18,11.17,0
129,1351.13,Chennai,Online,23,42.9,0
695,4205.16,Mumbai,POS,19,16.48,0
596,566.16,Mumbai,ATM,16,53.1,0
434,2110.36,Hyderabad,ATM,10,61.16,0
227,2308.29,Chennai,Online,7,70.84,0
556,949.62,Delhi,ATM,6,16.81,0
497,8003.53,Delhi,POS,21,85.49,0
902,303.79,Hyderabad,Online,21,16.95,0
836,2996.03,Delhi,POS,6,20.18,0
789,7454.02,Mumbai,Online,10,14.36,0
208,2721.7,Bangalore,Online,18,44.43,0
26,5579.76,Bangalore,ATM,10,56.84,0
817,3624.25,Bangalore,Online,18,67.93,0
839,29003.0,Delhi,POS,17,475.0,1
178,39319.0,Delhi,Online,16,222.0,1
616,545.59,Bangalore,Online,14,50.97,0
551,2761.2,Mumbai,Online,14,51.31,0
300,7671.5,Hyderabad,Online,14,48.85,0
774,5423.73,Mumbai,ATM,13,6.52,0
315,4816.05,Hyderabad,Online,6,7.94,0
929,8391.01,Delhi,ATM,16,16.5,0
979,48774.0,Delhi,POS,0,35.0,1
465,88.46,Mumbai,POS,18,30.99,0
325,2981.83,Bangalore,ATM,23,66.9,0
809,3354.16,Delhi,ATM,20,133.75,0
24,1675.79,Bangalore,POS,6,5.02,0
361,198.34,Chennai,Online,19,14.28,0
138,2703.18,Chennai,ATM,19,24.06,0
809,2211.56,Mumbai,Online,20,20.49,0
500,655.0,Bangalore,ATM,17,8.76,0
708,5434.61,Mumbai,ATM,14,77.84,0
878,1779.11,Bangalore,POS,11,37.08,0
724,1766.48,Bangalore,ATM,13,114.58,0
924,30956.0,Delhi,ATM,0,496.0,1
506,5006.9,Bangalore,ATM,14,37.54,0
635,4898.05,Chennai,ATM,11,87.03,0
88,1468.6,Hyderabad,POS,9,9.6,0
677,423.84,Delhi,Online,10,39.36,0
569,2490.33,Mumbai,ATM,10,47.82,0
563,489.34,Delhi,ATM,21,78.6,0
624,1802.0,Mumbai,POS,13,44.73,0
807,5596.22,Mumbai,POS,20,65.76,0
985,3092.49,Mumbai,POS,18,50.97,0
693,7234.98,Delhi,Online,13,35.68,0
993,198.94,Hyderabad,ATM,22,39.15,0
321,1898.16,Chennai,Online,6,107.4,0
69,3395.99,Hyderabad,Online,18,15.83,0
499,5479.25,Bangalore,POS,16,27.5,0
242,2527.13,Delhi,ATM,19,18.43,0
343,3150.53,Delhi,POS,21,14.69,0
520,2072.13,Chennai,Online,22,43.44,0
849,1593.25,Mumbai,Online,11,7.42,0
683,5228.13,Bangalore,POS,19,28.97,0
388,1176.01,Chennai,POS,23,96.19,0
391,1203.28,Mumbai,Online,22,37.89,0
233,1509.24,Chennai,ATM,15,91.56,0
26,26310.0,Bangalore,Online,14,370.0,1
253,2270.58,Bangalore,ATM,8,15.82,0
317,1590.39,Bangalore,ATM,21,19.83,0
583,5608.61,Chennai,Online,20,52.29,0
59,2094.23,Mumbai,ATM,11,95.07,0
74,4628.96,Hyderabad,POS,20,11.91,0
367,2151.05,Bangalore,ATM,7,10.75,0
487,3250.05,Hyderabad,ATM,7,39.86,0
102,53000.0,Delhi,ATM,0,287.0,1
281,6087.41,Chennai,ATM,12,44.73,0
76,692.53,Chennai,POS,12,48.88,0
381,2026.4,Mumbai,ATM,23,21.39,0
826,3109.84,Bangalore,Online,22,48.57,0
198,855.06,Delhi,Online,18,30.46,0
558,3349.47,Chennai,POS,14,20.72,0
289,206.42,Chennai,POS,17,93.15,0
171,3239.43,Chennai,POS,12,1.43,0
493,86.66,Hyderabad,ATM,12,64.73,0
238,2113.62,Bangalore,Online,14,21.11,0
356,106.71,Hyderabad,ATM,13,39.96,0
666,3141.28,Mumbai,ATM,22,35.71,0
786,634.1,Delhi,ATM,22,106.76,0
880,3250.19,Bangalore,POS,12,12.91,0
611,1354.26,Hyderabad,ATM,18,17.54,0
828,102.99,Hyderabad,ATM,19,9.65,0
147,1333.42,Bangalore,Online,15,9.59,0
566,39537.0,Chennai,Online,3,33.0,1
950,1906.16,Chennai,POS,15,70.91,0
143,1144.45,Bangalore,ATM,9,10.1,0
161,1418.89,Chennai,ATM,23,4.57,0
593,442.49,Delhi,POS,21,0.62,0
536,570.58,Hyderabad,Online,17,86.2,0
878,409.22,Bangalore,Online,23,8.55,0
406,39297.0,Bangalore,Online,22,431.0,1
375,38638.0,Delhi,POS,21,241.0,1
172,181.37,Chennai,Online,23,27.03,0
63,2083.92,Delhi,ATM,7,4.89,0
664,631.62,Mumbai,POS,11,4.17,0
754,169.44,Bangalore,POS,13,30.09,0
349,8175.58,Chennai,Online,21,33.74,0
72,3191.89,Mumbai,Online,10,12.25,0
174,4015.89,Bangalore,Online,8,44.84,0
685,2626.24,Chennai,POS,13,8.01,0
583,706.65,Bangalore,Online,13,28.25,0
929,1719.46,Hyderabad,POS,16,54.23,0
251,228.43,Bangalore,POS,11,65.34,0
143,2305.54,Bangalore,Online,14,54.63,0
745,6418.93,Bangalore,ATM,13,1.15,0
890,2631.98,Delhi,Online,18,5.09,0
216,447.82,Hyderabad,Online,11,37.65,0
899,31069.0,Bangalore,Online,7,460.0,1
848,4539.45,Bangalore,Online,12,20.43,0
68,7549.81,Mumbai,POS,13,58.6,0
164,203.64,Mumbai,Online,23,52.02,0
606,1094.77,Delhi,POS,20,70.84,0
84,551.0,Delhi,Online,13,42.62,0
698,397.27,Hyderabad,ATM,10,27.23,0
985,530.76,Bangalore,ATM,8,18.63,0
137,4580.08,Mumbai,ATM,6,99.8,0
906,2000.57,Mumbai,ATM,18,73.18,0
937,576.89,Chennai,POS,8,27.39,0
871,2972.44,Hyderabad,ATM,23,36.2,0
997,40377.0,Delhi,ATM,21,216.0,1
629,4025.94,Mumbai,POS,8,25.7,0
668,2781.77,Hyderabad,Online,18,19.55,0
616,214.73,Chennai,Online,7,37.48,0
397,3183.24,Hyderabad,POS,8,0.5,0
901,4025.55,Bangalore,POS,7,5.22,0
819,3596.33,Delhi,ATM,8,3.71,0
689,30464.0,Bangalore,Online,2,26.0,1
870,2660.11,Bangalore,POS,23,38.74,0
451,816.26,Bangalore,ATM,12,51.69,0
399,2838.24,Bangalore,POS,7,69.47,0
214,2907.45,Delhi,POS,10,25.91,0
924,52724.0,Delhi,Online,19,347.0,1
944,40416.0,Delhi,ATM,6,368.0,1
791,1883.47,Delhi,Online,15,46.96,0
651,28460.0,Chennai,ATM,4,32.0,1
368,1452.19,Mumbai,ATM,20,12.69,0
398,5325.89,Mumbai,POS,23,16.53,0
384,4678.41,Chennai,Online,18,65.3,0
833,3710.45,Delhi,POS,19,52.46,0
955,2091.46,Delhi,Online,6,0.1,0
100,522.0,Hyderabad,ATM,6,17.14,0
824,4317.62,Bangalore,Online,18,12.93,0
429,1495.85,Chennai,ATM,20,2.05,0
134,5501.61,Delhi,POS,13,2.86,0
749,1713.22,Delhi,ATM,8,68.67,0
510,3098.19,Mumbai,POS,21,28.03,0
258,4016.17,Delhi,Online,16,56.56,0
99,393.26,Hyderabad,POS,16,56.53,0
904,3313.83,Delhi,ATM,16,42.44,0
546,3025.88,Delhi,ATM,12,44.3,0
113,247.29,Chennai,Online,11,21.72,0
678,3073.22,Hyderabad,ATM,23,2.06,0
496,6560.72,Hyderabad,ATM,9,1.0,0
936,2475.63,Bangalore,Online,17,20.37,0
565,117.92,Hyderabad,Online,22,117.02,0
220,7007.04,Mumbai,POS,7,46.55,0
156,980.77,Chennai,Online,10,70.03,0
589,1410.38,Hyderabad,POS,6,63.83,0
687,4793.92,Hyderabad,Online,23,2.43,0
178,5427.56,Mumbai,ATM,18,12.36,0
1,1805.26,Bangalore,POS,22,58.9,0
666,1754.27,Bangalore,Online,18,40.09,0
121,7472.66,Chennai,ATM,22,26.11,0
740,1579.86,Hyderabad,POS,8,88.48,0
189,4016.2,Bangalore,POS,22,24.99,0
775,875.05,Mumbai,Online,13,16.4,0
543,24978.0,Chennai,Online,3,25.0,1
748,225.24,Delhi,ATM,17,21.87,0
470,2245.3,Chennai,ATM,6,23.96,0
971,532.44,Delhi,POS,8,6.46,0
198,4177.1,Chennai,ATM,16,17.25,0
704,5536.32,Hyderabad,Online,8,61.24,0
235,3460.28,Hyderabad,Online,18,20.55,0
828,4417.5,Hyderabad,Online,17,17.93,0
112,3224.11,Chennai,ATM,10,13.24,0
478,58356.0,Delhi,ATM,11,36.0,1
299,45997.0,Delhi,Online,13,464.0,1
53,5995.0,Delhi,ATM,17,27.37,0
822,126.27,Mumbai,ATM,10,14.94,0
813,903.36,Hyderabad,POS,23,18.12,0
865,750.69,Bangalore,ATM,21,23.84,0
277,2607.82,Mumbai,Online,16,12.79,0
330,5201.87,Hyderabad,ATM,9,10.75,0
998,3952.56,Bangalore,ATM,12,8.19,0
376,2889.29,Mumbai,Online,23,30.78,0
515,3031.69,Bangalore,POS,14,39.42,0
450,923.0,Bangalore,POS,10,87.2,0
644,1228.67,Delhi,POS,20,10.62,0
33,3749.93,Delhi,ATM,20,84.2,0
648,4343.38,Chennai,ATM,14,64.7,0
434,4602.92,Bangalore,Online,9,50.46,0
445,3089.08,Bangalore,Online,15,52.43,0
605,879.5,Delhi,ATM,11,18.99,0
139,419.58,Delhi,POS,21,48.63,0
602,1802.16,Bangalore,ATM,8,6.04,0
293,1855.01,Mumbai,POS,12,6.63,0
408,307.23,Mumbai,POS,19,22.17,0
69,1438.9,Delhi,ATM,9,18.9,0
702,693.15,Hyderabad,POS,20,52.46,0
847,1991.85,Delhi,POS,14,48.85,0
373,48865.0,Delhi,Online,2,134.0,1
915,1390.8,Bangalore,ATM,8,16.05,0
289,2819.47,Mumbai,ATM,14,25.38,0
334,285.57,Mumbai,ATM,10,62.92,0
227,683.32,Mumbai,ATM,18,32.51,0
498,1517.53,Chennai,ATM,20,28.78,0
523,1367.02,Delhi,POS,13,29.68,0
446,1987.83,Bangalore,POS,8,50.69,0
831,466.06,Hyderabad,Online,14,78.49,0
167,930.07,Hyderabad,Online,22,63.45,0
363,1546.32,Delhi,ATM,7,14.6,0
882,1170.91,Hyderabad,POS,21,13.28,0
822,1078.44,Mumbai,POS,19,33.79,0
26,802.55,Bangalore,POS,13,32.25,0
401,3665.54,Chennai,POS,20,38.95,0
771,2774.25,Mumbai,ATM,8,9.67,0
164,1419.65,Hyderabad,POS,11,66.61,0
848,2057.95,Mumbai,Online,6,2.52,0
416,3544.58,Bangalore,Online,17,14.06,0
307,362.04,Bangalore,POS,14,56.29,0
870,38405.0,Delhi,POS,13,442.0,1
11,4673.7,Mumbai,POS,8,6.79,0
473,3299.75,Chennai,ATM,20,35.61,0
898,3584.44,Mumbai,POS,21,53.71,0
1000,2281.15,Delhi,Online,21,129.1,0
572,2087.87,Delhi,Online,20,92.53,0
801,1493.39,Chennai,POS,18,16.24,0
59,3710.36,Hyderabad,Online,17,76.83,0
438,1448.2,Bangalore,Online,17,15.51,0
649,4550.61,Hyderabad,ATM,16,24.4,0
277,5315.75,Mumbai,Online,23,35.76,0
354,7434.67,Hyderabad,POS,13,18.93,0
863,45887.0,Chennai,Online,15,482.0,1
147,39923.0,Delhi,Online,18,137.0,1
264,2675.43,Bangalore,ATM,17,26.09,0
648,1582.53,Mumbai,Online,18,52.4,0
556,2721.12,Hyderabad,POS,15,49.41,0
596,4843.5,Hyderabad,ATM,21,31.42,0
538,3515.15,Hyderabad,POS,10,40.52,0
707,358.94,Chennai,POS,19,52.17,0
512,6280.89,Bangalore,POS,14,87.02,0
683,306.41,Mumbai,Online,17,11.18,0
253,647.82,Mumbai,POS,11,31.13,0
10,56675.0,Delhi,ATM,18,463.0,1
498,3434.76,Hyderabad,ATM,11,89.07,0
518,4105.47,Chennai,ATM,20,1.48,0
144,3399.84,Hyderabad,Online,7,49.01,0
266,2967.38,Mumbai,ATM,13,98.07,0
20,2096.72,Delhi,ATM,18,75.6,0
75,70.9,Hyderabad,Online,11,12.9,0
550,49589.0,Delhi,Online,21,228.0,1
605,1648.15,Chennai,POS,14,55.04,0
982,1648.67,Bangalore,POS,16,27.89,0
121,1069.89,Hyderabad,Online,11,39.32,1
665,3202.3,Delhi,POS,11,39.73,0
719,820.3,Hyderabad,Online,19,8.61,0
318,27023.0,Hyderabad,POS,3,493.0,1
305,3988.72,Delhi,POS,21,103.14,0
13,2918.97,Hyderabad,Online,19,60.38,0
150,2848.55,Mumbai,POS,7,110.65,0
715,3827.06,Delhi,ATM,19,7.52,0
700,1515.91,Delhi,ATM,6,45.36,0
232,473.86,Bangalore,ATM,19,105.52,0
771,977.01,Chennai,POS,22,40.41,0
374,116.66,Chennai,ATM,21,49.91,0
868,2055.92,Mumbai,Online,11,64.45,0
694,178.52,Bangalore,ATM,9,58.67,0
279,2885.58,Bangalore,Online,10,7.21,0
250,5018.17,Bangalore,ATM,18,12.73,0
670,1229.53,Chennai,Online,9,2.52,0
738,30211.0,Hyderabad,POS,4,24.0,1
375,2277.01,Hyderabad,ATM,6,9.63,0
90,346.07,Chennai,POS,14,82.52,0
392,313.84,Mumbai,Online,17,45.76,0
189,4560.74,Bangalore,Online,23,13.56,0
995,5908.46,Hyderabad,POS,8,8.56,0
861,2023.54,Mumbai,ATM,9,72.62,0
294,5664.77,Delhi,POS,22,8.65,0
62,1652.19,Chennai,Online,20,102.96,0
471,822.85,Hyderabad,ATM,16,30.24,0
974,103.07,Chennai,ATM,22,42.66,1
420,361.87,Delhi,POS,8,72.16,0
205,2188.94,Chennai,ATM,12,22.09,0
805,5642.27,Bangalore,POS,14,34.71,0
865,31941.0,Hyderabad,POS,2,361.0,1
244,2547.38,Hyderabad,POS,19,22.42,0
167,2101.51,Hyderabad,ATM,23,16.89,0
743,588.16,Delhi,POS,9,44.0,0
876,4362.29,Mumbai,POS,13,6.98,0
162,2953.54,Bangalore,Online,15,17.58,0
571,3332.76,Bangalore,Online,19,2.74,0
286,565.03,Chennai,ATM,19,30.76,0
906,2251.91,Hyderabad,POS,8,46.1,0
677,21556.0,Hyderabad,Online,2,9.0,1
678,913.75,Bangalore,POS,22,70.15,1
965,2156.86,Mumbai,ATM,21,62.11,0
847,2682.54,Hyderabad,ATM,21,12.59,0
552,8824.72,Bangalore,ATM,21,72.41,0
639,4936.83,Mumbai,ATM,18,4.43,0
26,4365.14,Hyderabad,POS,11,15.45,0
636,34729.0,Mumbai,POS,17,309.0,1
691,3626.74,Chennai,ATM,13,14.77,0
947,3016.67,Mumbai,ATM,7,99.6,0
301,7842.14,Bangalore,Online,17,25.56,0
981,4025.96,Hyderabad,POS,23,48.28,0
189,4081.85,Chennai,Online,11,64.48,0
174,2770.7,Hyderabad,POS,8,9.53,0
40,690.76,Mumbai,ATM,14,0.81,0
460,473.91,Bangalore,POS,13,38.6,0
311,559.63,Chennai,POS,10,38.23,0
520,526.96,Delhi,POS,22,3.12,0
501,3858.13,Hyderabad,ATM,20,25.19,0
870,3961.61,Chennai,Online,10,37.65,0
385,1197.15,Hyderabad,ATM,21,68.09,0
646,2243.35,Mumbai,ATM,9,65.11,0
970,7390.39,Hyderabad,Online,16,2.07,0
475,3944.86,Hyderabad,ATM,9,21.88,0
55,1108.44,Chennai,ATM,7,0.23,0
697,17237.0,Mumbai,ATM,2,20.0,1
992,2097.8,Hyderabad,ATM,16,36.88,0
719,3784.3,Delhi,ATM,16,15.68,0
651,4141.54,Bangalore,Online,14,24.97,0
887,7563.46,Mumbai,POS,23,36.22,0
664,5352.65,Mumbai,POS,7,30.09,0
910,45050.0,Bangalore,POS,6,292.0,1
815,2944.18,Hyderabad,POS,18,68.24,0
995,4016.39,Chennai,ATM,19,20.5,0
876,26317.0,Bangalore,ATM,3,33.0,1
355,32793.0,Delhi,POS,11,332.0,1
871,2626.96,Chennai,POS,7,36.91,0
671,24.12,Bangalore,POS,21,25.69,0
817,6286.22,Chennai,Online,19,103.22,0
551,796.65,Mumbai,POS,7,23.45,0
927,5437.57,Mumbai,POS,13,36.68,0
142,4039.28,Mumbai,ATM,9,54.83,0
696,1287.8,Bangalore,POS,22,26.5,0
849,2766.58,Hyderabad,Online,18,32.92,0
7,2955.27,Hyderabad,Online,19,71.89,0
430,1007.6,Chennai,ATM,21,17.63,0
335,2630.13,Bangalore,POS,7,4.23,0
213,4040.7,Bangalore,Online,21,24.0,0
922,6007.94,Chennai,POS,17,41.31,0
964,820.31,Chennai,POS,9,94.9,0
462,36387.0,Delhi,ATM,1,334.0,1
604,2514.3,Delhi,Online,13,26.15,0
355,5323.66,Mumbai,POS,12,34.73,0
176,3325.88,Mumbai,Online,8,16.28,0
694,2847.29,Chennai,Online,16,97.98,0
652,47687.0,Bangalore,POS,6,254.0,1
139,2265.21,Bangalore,ATM,6,17.9,0
842,1560.48,Bangalore,POS,14,23.53,0
922,2032.39,Mumbai,Online,22,49.56,0
859,4768.68,Bangalore,POS,23,51.89,0
746,1140.79,Bangalore,ATM,18,0.07,0
313,4188.79,Mumbai,ATM,12,0.03,0
360,3802.72,Bangalore,POS,15,34.35,0
41,449.78,Chennai,POS,7,9.49,0
760,31704.0,Bangalore,POS,6,350.0,1
25,6383.61,Delhi,Online,13,3.3,0
739,28691.0,Bangalore,POS,7,351.0,1
860,2015.2,Delhi,POS,20,35.48,0
241,3526.0,Mumbai,ATM,13,35.96,0
274,1829.1,Mumbai,ATM,6,11.81,0
856,2826.08,Mumbai,ATM,10,24.46,0
462,9772.32,Hyderabad,ATM,6,48.79,0
619,4950.27,Chennai,Online,21,69.17,0
868,3488.35,Chennai,Online,13,22.52,0
869,7004.0,Chennai,POS,19,99.6,0
480,59.8,Hyderabad,POS,17,68.58,0
282,899.67,Delhi,POS,22,89.82,0
777,2545.41,Chennai,Online,7,45.61,0
915,415.09,Hyderabad,ATM,15,30.87,0
171,1343.94,Hyderabad,ATM,12,14.52,0
96,6271.19,Mumbai,Online,7,85.67,0
297,766.86,Mumbai,POS,16,75.49,0
195,4482.45,Mumbai,POS,12,21.96,0
596,3977.87,Hyderabad,ATM,11,13.15,0
25,1797.28,Delhi,Online,7,30.23,0
712,3974.94,Delhi,ATM,12,93.91,0
443,4660.63,Mumbai,Online,9,6.12,0
540,921.05,Delhi,Online,21,64.52,0
8,1399.93,Delhi,POS,19,28.98,0
500,3224.89,Chennai,Online,21,83.01,0
235,42110.0,Delhi,ATM,10,70.0,1
622,2036.34,Bangalore,ATM,14,77.91,0
91,1295.49,Hyderabad,Online,14,59.32,0
9,1630.39,Bangalore,ATM,18,39.03,0
318,2592.54,Delhi,Online,8,39.38,0
30,937.52,Hyderabad,POS,23,49.53,0
575,769.79,Hyderabad,ATM,13,65.83,0
207,3043.92,Bangalore,Online,22,0.35,0
262,2646.28,Mumbai,POS,15,9.11,0
550,6798.32,Hyderabad,POS,17,22.27,0
228,2005.16,Mumbai,POS,23,1.92,0
153,4539.55,Chennai,Online,15,45.4,0
414,1188.48,Hyderabad,POS,17,47.78,0
882,33593.0,Hyderabad,ATM,4,16.0,1
193,715.9,Mumbai,Online,22,0.79,0
245,6056.78,Chennai,POS,23,2.51,0
564,227.63,Delhi,Online,13,78.04,0
372,6550.62,Chennai,Online,8,38.45,0
554,4398.03,Bangalore,POS,8,58.08,0
643,1515.81,Bangalore,Online,10,14.23,0
295,6475.81,Mumbai,ATM,16,18.98,0
125,3772.58,Bangalore,POS,20,53.53,0
831,3938.79,Delhi,POS,17,3.59,0
1000,1908.35,Bangalore,ATM,23,48.88,0
951,4338.01,Mumbai,ATM,7,68.41,0
593,3663.29,Delhi,ATM,9,39.83,0
323,671.3,Chennai,ATM,22,19.06,0
298,4351.89,Chennai,ATM,21,18.71,0
624,1947.9,Mumbai,ATM,6,78.95,0
520,5671.71,Chennai,Online,20,25.09,0
111,1121.58,Delhi,POS,7,3.83,0
149,4612.98,Mumbai,ATM,22,8.18,0
637,335.15,Hyderabad,Online,7,70.79,0
549,34326.0,Hyderabad,POS,9,384.0,1
397,2554.8,Delhi,ATM,8,18.86,0
185,3446.82,Mumbai,Online,19,58.56,0
61,1033.02,Hyderabad,Online,13,0.02,0
186,1269.95,Chennai,ATM,11,32.61,0
640,3906.02,Mumbai,POS,8,17.57,0
441,2488.25,Mumbai,Online,19,61.59,0
441,1369.84,Bangalore,POS,17,23.56,0
702,1614.06,Bangalore,Online,20,18.12,0
844,6963.7,Hyderabad,ATM,16,161.91,0
456,42095.0,Mumbai,ATM,15,408.0,1
920,2910.31,Bangalore,Online,19,59.2,0
490,1541.26,Bangalore,ATM,20,62.39,0
422,4881.79,Bangalore,POS,12,80.49,0
395,2864.89,Chennai,Online,19,34.48,0
979,4792.95,Hyderabad,Online,18,15.9,0
495,1308.47,Mumbai,Online,11,13.81,0
552,5029.01,Chennai,ATM,15,90.17,0
602,38264.0,Mumbai,POS,5,26.0,1
92,1596.06,Mumbai,ATM,16,41.1,0
751,892.84,Mumbai,Online,8,63.36,0
700,2453.12,Mumbai,Online,17,31.66,0
351,2743.26,Delhi,ATM,9,29.09,0
314,1093.32,Mumbai,ATM,7,22.33,0
948,1987.65,Hyderabad,POS,10,9.76,0
358,149.75,Mumbai,ATM,8,28.78,0
311,3790.62,Hyderabad,POS,10,23.01,0
557,1303.67,Hyderabad,ATM,10,3.12,0
362,521.22,Mumbai,ATM,7,30.65,0
457,4120.81,Chennai,ATM,21,77.99,0
147,1767.83,Hyderabad,Online,21,6.18,0
659,3807.4,Mumbai,ATM,11,61.25,0
290,2047.44,Bangalore,POS,20,27.15,0
732,49999.0,Chennai,POS,23,426.0,1
61,3724.19,Mumbai,ATM,16,43.72,0
403,1734.63,Chennai,Online,11,35.71,0
871,2557.5,Mumbai,Online,23,38.02,0
17,1248.12,Chennai,POS,14,69.44,0
94,2263.52,Chennai,Online,21,51.47,0
536,605.97,Mumbai,ATM,18,56.61,0
93,2577.3,Mumbai,ATM,23,18.41,0
409,104.09,Bangalore,POS,16,41.05,0
292,2645.91,Bangalore,POS,18,50.73,1
766,3853.47,Mumbai,POS,17,104.09,0
838,1677.44,Bangalore,ATM,11,36.38,0
823,6542.08,Bangalore,Online,8,17.38,0
207,22648.0,Delhi,Online,3,49.0,1
239,208.69,Chennai,Online,10,61.3,0
501,2330.03,Bangalore,POS,15,28.83,0
492,6362.93,Hyderabad,Online,6,9.77,0
593,342.84,Chennai,Online,13,44.87,0
215,67.84,Bangalore,POS,9,23.72,0
997,2135.4,Chennai,Online,20,10.47,0
54,1963.39,Delhi,ATM,6,98.16,0
778,3823.6,Delhi,ATM,20,64.63,0
733,766.08,Delhi,Online,18,64.8,0
158,3927.06,Chennai,ATM,15,64.98,0
425,3629.37,Bangalore,ATM,7,15.66,0
516,2647.41,Delhi,Online,20,16.49,0
305,3627.13,Chennai,Online,22,17.58,0
859,1682.58,Hyderabad,POS,11,6.53,0
795,9409.76,Delhi,Online,18,49.13,0
211,4628.77,Chennai,ATM,9,10.77,0
633,573.4,Hyderabad,Online,15,7.58,0
214,2188.8,Chennai,Online,6,19.77,0
111,1869.2,Hyderabad,POS,17,67.56,0
801,3529.15,Delhi,Online,14,38.19,0
519,2365.16,Bangalore,POS,7,44.02,0
804,8537.86,Mumbai,POS,10,88.9,0
59,3318.37,Chennai,Online,9,27.58,0
618,959.62,Hyderabad,Online,9,40.2,0
569,3674.46,Chennai,POS,22,24.03,0
287,2083.47,Mumbai,POS,22,41.11,0
226,3667.13,Delhi,ATM,6,4.25,0
432,3335.83,Chennai,POS,19,12.29,0
918,491.11,Mumbai,Online,12,10.2,0
725,3567.1,Mumbai,ATM,12,25.46,0
334,3537.49,Mumbai,ATM,7,28.03,0
136,6755.64,Delhi,Online,8,7.12,0
874,50558.0,Delhi,ATM,4,23.0,1
369,1653.25,Bangalore,ATM,18,55.93,0
746,1428.43,Bangalore,POS,22,36.61,0
195,4297.53,Hyderabad,POS,14,88.1,0
515,3570.7,Bangalore,Online,6,23.85,0
402,671.11,Mumbai,Online,16,23.09,0
577,4920.75,Bangalore,ATM,20,57.55,0
965,1241.04,Mumbai,ATM,20,46.15,0
655,3961.15,Chennai,POS,21,45.69,0
9,3631.37,Hyderabad,Online,15,42.48,0
264,5297.88,Hyderabad,POS,6,1.99,0
871,2783.44,Delhi,Online,6,4.25,0
711,10611.32,Delhi,POS,12,28.94,0
555,2451.43,Hyderabad,ATM,11,31.48,0
408,686.04,Chennai,POS,20,56.47,0
309,3093.01,Bangalore,ATM,6,25.76,0
535,137.64,Mumbai,Online,17,68.22,0
585,505.84,Chennai,POS,18,24.13,0
713,675.9,Mumbai,POS,17,24.59,0
691,1312.91,Hyderabad,Online,19,31.53,0
779,940.47,Delhi,POS,6,19.64,0
822,87.14,Chennai,Online,13,66.91,0
815,1514.54,Hyderabad,POS,22,86.82,0
764,2385.73,Delhi,Online,11,15.97,0
315,4402.73,Delhi,ATM,15,125.0,0
320,531.2,Delhi,POS,17,21.6,0
162,49203.0,Delhi,Online,18,170.0,1
729,1510.08,Hyderabad,Online,9,67.03,0
446,612.24,Bangalore,POS,17,8.53,0
700,3556.81,Bangalore,Online,16,54.2,0
79,5484.77,Delhi,ATM,6,52.29,0
312,2825.98,Chennai,ATM,22,40.36,0
286,3028.01,Chennai,Online,16,12.9,0
517,2625.23,Delhi,ATM,20,25.51,0
867,3613.91,Bangalore,ATM,11,9.6,0
409,3897.29,Delhi,ATM,7,36.76,0
680,2302.82,Delhi,POS,9,35.13,0
693,35383.0,Delhi,POS,18,305.0,1
418,2718.19,Chennai,ATM,11,87.0,0
483,5703.9,Bangalore,POS,21,45.3,0
842,38.9,Hyderabad,Online,21,115.85,0
226,4304.04,Chennai,Online,17,28.33,0
188,886.01,Bangalore,Online,20,66.24,0
556,4553.99,Chennai,Online,23,18.8,0
560,2115.18,Hyderabad,Online,17,12.55,0
104,4049.82,Delhi,ATM,7,32.87,0
63,3287.95,Mumbai,ATM,16,36.03,0
468,6019.67,Delhi,ATM,12,36.61,0
217,74.68,Mumbai,Online,13,14.03,0
849,571.36,Delhi,ATM,7,85.21,0
375,6878.63,Mumbai,POS,14,44.81,0
1,6679.97,Chennai,ATM,14,17.59,0
858,32796.0,Chennai,POS,3,42.0,1
33,4300.54,Mumbai,Online,21,71.24,0
550,1992.77,Hyderabad,ATM,8,13.56,0
728,4810.97,Chennai,POS,15,42.32,0
267,276.38,Chennai,POS,12,99.34,0
830,1483.42,Chennai,ATM,8,94.85,0
701,983.05,Chennai,Online,8,33.71,0
617,50492.0,Delhi,Online,18,160.0,1
307,304.07,Chennai,Online,18,51.02,0
331,5123.04,Chennai,Online,20,35.44,0
342,3907.52,Bangalore,POS,15,42.81,0
661,5500.49,Hyderabad,Online,12,10.51,0
805,3399.38,Bangalore,Online,15,35.46,0
497,4289.32,Chennai,ATM,19,0.98,0
368,3653.31,Bangalore,ATM,10,45.89,0
592,4895.15,Hyderabad,Online,8,35.33,0
164,3152.47,Delhi,POS,22,44.9,0
143,41888.0,Hyderabad,ATM,19,430.0,1
113,932.4,Mumbai,POS,15,17.6,0
276,2040.15,Bangalore,POS,19,9.37,0
501,26.09,Delhi,Online,23,52.13,0
621,999.42,Delhi,Online,9,9.6,0
46,220.19,Mumbai,POS,20,52.6,0
248,1526.62,Hyderabad,POS,9,1.42,0
104,5509.02,Bangalore,ATM,14,55.46,0
288,38442.0,Hyderabad,POS,1,284.0,1
135,5658.88,Bangalore,POS,16,19.54,0
650,4362.86,Chennai,ATM,11,43.15,0
862,1182.38,Hyderabad,Online,12,0.91,0
682,282.48,Chennai,Online,7,8.09,0
789,529.87,Mumbai,Online,16,39.12,0
830,26035.0,Chennai,Online,2,35.0,1
480,4579.24,Bangalore,ATM,10,0.88,0
929,2614.31,Bangalore,ATM,8,18.19,0
215,2174.18,Chennai,Online,22,14.64,0
8,1093.75,Chennai,POS,10,80.92,0
877,4292.23,Mumbai,Online,18,10.92,0
624,668.84,Bangalore,ATM,21,4.06,0
17,3262.86,Mumbai,ATM,16,85.0,0
74,2129.14,Delhi,Online,21,42.99,0
157,38087.0,Hyderabad,ATM,3,395.0,1
364,5390.17,Delhi,Online,6,64.34,0
271,1466.55,Chennai,ATM,16,43.23,0
885,3301.59,Mumbai,POS,10,7.92,0
672,1619.58,Hyderabad,ATM,19,10.55,0
951,4170.49,Chennai,POS,20,21.45,0
865,2702.78,Delhi,POS,23,18.03,0
13,3727.47,Chennai,POS,7,3.1,0
34,37240.0,Bangalore,ATM,13,344.0,1
325,7112.32,Bangalore,Online,17,51.74,0
947,3187.76,Delhi,POS,14,80.43,0
800,4248.76,Chennai,ATM,19,43.66,0
314,3664.1,Hyderabad,POS,9,70.39,0
813,1179.91,Mumbai,POS,23,47.27,0
503,57851.0,Delhi,ATM,3,441.0,1
951,2180.47,Chennai,ATM,15,18.33,0
117,3886.87,Mumbai,ATM,12,27.81,0
13,9771.75,Delhi,ATM,11,76.59,0
182,414.88,Hyderabad,Online,15,44.54,0
927,1746.29,Chennai,ATM,12,19.11,0
336,5206.85,Delhi,Online,6,48.44,0
73,2866.46,Delhi,ATM,19,66.45,0
27,3319.07,Delhi,Online,14,4.62,0
670,7820.04,Mumbai,Online,13,67.3,0
908,6121.83,Chennai,ATM,21,75.19,0
779,1991.63,Bangalore,Online,8,73.85,0
858,2761.06,Bangalore,ATM,19,48.68,0
956,2054.99,Bangalore,ATM,23,20.14,0
240,48188.0,Hyderabad,Online,2,346.0,1
810,3365.33,Hyderabad,ATM,14,11.99,0
217,1523.34,Delhi,Online,17,101.45,0
505,2447.51,Chennai,ATM,18,50.28,0
231,31140.0,Chennai,POS,18,405.0,1
915,2438.77,Hyderabad,POS,6,44.89,0
70,3659.66,Hyderabad,Online,20,22.79,0
30,1737.04,Hyderabad,Online,21,25.27,0
985,3834.25,Bangalore,POS,16,70.48,0
532,4738.38,Hyderabad,ATM,18,23.19,0
159,161.03,Bangalore,ATM,15,18.32,0
265,852.98,Delhi,ATM,17,30.88,0
220,26006.0,Mumbai,ATM,5,33.0,1
77,1856.63,Hyderabad,Online,22,19.93,0
803,115.58,Mumbai,POS,17,19.68,0
280,5325.27,Delhi,ATM,12,18.39,0
400,4755.95,Bangalore,Online,15,7.42,0
951,4213.44,Mumbai,Online,7,16.44,0
945,1909.77,Mumbai,ATM,15,27.49,0
746,5650.79,Bangalore,ATM,16,21.8,0
217,3445.59,Mumbai,POS,7,8.42,0
834,6722.66,Delhi,Online,10,42.02,0
262,2243.13,Hyderabad,POS,10,3.87,0
230,4943.72,Chennai,POS,7,20.31,0
125,3358.63,Hyderabad,Online,11,13.62,0
160,5580.01,Bangalore,Online,17,89.57,0
798,1688.12,Chennai,Online,23,12.18,0
486,3568.59,Mumbai,Online,13,3.22,0
337,3559.22,Chennai,POS,12,5.73,0
495,5044.1,Chennai,Online,15,46.15,0
30,4440.68,Chennai,POS,23,0.27,0
847,7787.78,Delhi,Online,18,34.2,0
794,2751.88,Delhi,POS,9,28.05,0
195,1718.78,Hyderabad,ATM,10,15.72,0
443,373.03,Hyderabad,ATM,18,4.62,0
128,1512.6,Bangalore,Online,21,12.8,0
682,3298.12,Hyderabad,ATM,10,3.24,0
729,877.96,Hyderabad,Online,7,8.96,0
872,5115.83,Chennai,Online,10,112.62,0
111,41053.0,Chennai,ATM,9,258.0,1
509,4045.13,Bangalore,Online,21,51.72,0
51,973.78,Chennai,POS,20,39.8,0
132,3459.87,Mumbai,POS,21,59.37,0
58,1717.95,Bangalore,POS,13,8.18,0
434,7267.27,Delhi,POS,8,12.93,0
851,18665.0,Bangalore,ATM,5,25.0,1
766,47482.0,Chennai,ATM,12,353.0,1
347,1060.02,Hyderabad,POS,15,83.76,0
821,2498.29,Mumbai,ATM,16,164.75,0
280,4318.16,Hyderabad,POS,18,55.54,0
363,3252.04,Bangalore,POS,15,55.12,0
177,1833.39,Mumbai,ATM,19,3.91,0
987,398.13,Mumbai,Online,16,80.6,0
324,1150.0,Chennai,POS,20,25.81,0
218,27577.0,Hyderabad,Online,12,288.0,1
530,5592.14,Bangalore,Online,15,29.07,0
984,5733.36,Delhi,ATM,21,38.19,0
65,3298.05,Delhi,POS,18,28.34,0
858,3850.33,Hyderabad,Online,19,9.28,0
242,1915.62,Delhi,Online,12,57.7,0
190,5495.23,Hyderabad,POS,21,22.6,0
17,364.87,Delhi,Online,12,67.89,0
488,35731.0,Chennai,POS,12,386.0,1
67,2267.42,Chennai,POS,23,57.45,0
967,2476.96,Bangalore,ATM,10,8.96,0
356,301.31,Delhi,ATM,9,27.27,0
71,1532.11,Bangalore,Online,21,20.33,0
646,3124.75,Mumbai,Online,6,32.64,0
116,458.41,Hyderabad,Online,19,51.27,0
354,58760.0,Delhi,ATM,21,408.0,1
830,1022.87,Chennai,Online,12,47.36,0
861,1518.77,Mumbai,ATM,22,22.02,0
698,488.51,Bangalore,Online,23,31.27,0
682,2094.07,Delhi,ATM,7,45.61,0
598,39496.0,Chennai,ATM,5,33.0,1
447,1670.35,Hyderabad,ATM,7,44.35,0
319,4612.2,Delhi,Online,6,90.62,0
276,880.23,Delhi,POS,14,3.62,0
531,42854.0,Delhi,ATM,6,125.0,1
459,59357.0,Delhi,POS,11,98.0,1
896,1108.03,Hyderabad,ATM,6,52.69,0
883,2695.72,Bangalore,ATM,10,28.79,0
962,5707.14,Hyderabad,Online,10,63.12,0
469,3469.06,Chennai,ATM,6,40.29,0
972,471.35,Delhi,ATM,14,36.96,0
510,37.64,Chennai,ATM,13,15.79,0
522,47045.0,Delhi,ATM,14,382.0,1
908,446.48,Chennai,ATM,15,99.25,0
665,157.54,Chennai,Online,22,12.58,0
173,1404.26,Hyderabad,ATM,14,21.07,0
963,165.79,Mumbai,Online,8,0.04,0
116,47949.0,Delhi,ATM,18,454.0,1
252,3191.86,Hyderabad,Online,21,33.15,0
687,5277.96,Mumbai,ATM,19,69.27,0
930,3829.48,Bangalore,ATM,6,13.49,0
637,6981.8,Delhi,Online,12,31.21,0
702,836.01,Mumbai,ATM,13,2.31,0
756,3702.13,Bangalore,POS,16,34.68,0
914,2355.74,Mumbai,ATM,14,15.92,0
583,4723.97,Hyderabad,Online,17,13.47,0
349,5658.16,Hyderabad,Online,11,27.35,0
128,3811.3,Delhi,POS,14,55.24,0
819,5103.39,Chennai,POS,13,53.8,0
28,3415.07,Delhi,ATM,19,9.66,0
762,2216.0,Bangalore,POS,14,9.53,0
881,31910.0,Bangalore,ATM,3,48.0,1
775,5340.92,Mumbai,ATM,16,16.5,0
237,2669.11,Hyderabad,POS,18,46.24,0
316,5769.45,Chennai,Online,10,34.4,0
16,1712.0,Bangalore,ATM,14,78.29,0
207,134.87,Bangalore,POS,17,82.57,0
632,1542.5,Bangalore,Online,21,132.58,0
845,2800.87,Delhi,POS,9,0.7,0
157,5945.78,Mumbai,ATM,13,47.45,0
482,1563.78,Bangalore,ATM,11,2.68,0
628,1477.73,Hyderabad,ATM,21,3.38,0
963,2740.32,Bangalore,POS,9,65.26,0
270,149.47,Hyderabad,Online,13,0.51,0
401,857.64,Chennai,ATM,12,21.27,0
288,4361.34,Chennai,ATM,10,41.48,0
153,1520.56,Mumbai,ATM,21,17.34,0
122,41.94,Mumbai,Online,15,60.55,0
54,1526.06,Mumbai,POS,22,65.98,0
537,1350.59,Delhi,ATM,14,32.92,0
793,2742.02,Hyderabad,POS,13,15.59,0
641,254.18,Chennai,Online,21,39.38,0
763,825.75,Mumbai,ATM,6,32.78,0
907,4920.26,Mumbai,Online,22,35.06,0
467,2376.85,Chennai,Online,15,12.72,0
441,4847.0,Bangalore,POS,19,64.47,0
571,4097.91,Mumbai,Online,7,27.65,0
266,1155.94,Bangalore,Online,11,43.44,0
327,547.07,Delhi,POS,15,47.6,0
67,2229.99,Bangalore,ATM,14,53.43,1
5,5018.41,Delhi,Online,15,26.3,0
562,2106.22,Delhi,Online,9,9.35,0
542,1026.64,Mumbai,ATM,7,16.74,0
423,5564.27,Mumbai,ATM,7,12.6,0
827,31618.0,Delhi,ATM,1,259.0,1
579,2049.43,Mumbai,ATM,9,30.14,0
233,4035.64,Chennai,ATM,21,40.26,0
141,3374.72,Hyderabad,ATM,23,34.11,0
480,772.45,Delhi,POS,8,25.88,0
837,2567.01,Mumbai,Online,17,8.03,0
929,2048.83,Chennai,ATM,18,13.09,0
223,2399.74,Mumbai,ATM,21,13.01,0
406,51729.0,Delhi,ATM,18,67.0,1
359,1321.59,Chennai,Online,20,2.39,0
720,2804.85,Hyderabad,ATM,20,14.86,0
556,43311.0,Delhi,Online,16,376.0,1
429,35225.0,Mumbai,ATM,2,39.0,1
585,4871.25,Hyderabad,POS,16,41.0,0
190,621.23,Chennai,Online,16,1.67,0
64,1075.99,Chennai,Online,14,9.78,0
542,2001.06,Mumbai,POS,13,40.58,0
217,2541.99,Mumbai,POS,15,71.53,0
221,2733.01,Mumbai,POS,14,31.53,0
500,608.16,Chennai,Online,14,40.19,0
408,2852.5,Hyderabad,ATM,9,57.29,0
256,2042.09,Chennai,ATM,14,57.55,0
757,5931.11,Mumbai,POS,20,0.86,0
674,5192.49,Chennai,Online,22,13.61,0
21,2604.24,Chennai,ATM,13,9.6,0
516,153.28,Chennai,ATM,22,55.91,0
624,30557.0,Mumbai,ATM,12,250.0,1
66,1932.97,Chennai,Online,19,53.9,0
750,2509.14,Chennai,ATM,6,8.95,0
377,46817.0,Delhi,Online,12,269.0,1
235,5270.65,Chennai,ATM,13,15.91,0
616,2703.09,Chennai,ATM,13,42.85,0
917,4991.96,Mumbai,Online,12,69.55,0
625,1060.1,Mumbai,ATM,21,4.9,0
172,4994.08,Bangalore,Online,14,9.93,0
107,2193.44,Mumbai,POS,9,2.83,0
914,37085.0,Mumbai,Online,4,47.0,1
719,568.78,Delhi,Online,13,65.41,0
538,3827.8,Chennai,Online,11,5.69,0
364,2436.44,Delhi,Online,19,55.41,0
924,271.33,Bangalore,POS,20,87.66,0
969,2170.54,Mumbai,ATM,21,56.5,0
321,2706.04,Mumbai,POS,9,75.71,0
209,4006.51,Delhi,POS,16,0.59,0
265,6944.34,Hyderabad,Online,6,57.81,0
755,5986.12,Hyderabad,Online,12,9.66,0
187,398.68,Chennai,Online,7,41.36,0
142,43336.0,Delhi,ATM,9,103.0,1
308,1300.78,Bangalore,Online,6,50.35,0
863,3549.63,Chennai,ATM,19,6.67,0
563,3534.57,Delhi,POS,14,17.12,0
401,25200.0,Chennai,ATM,4,23.0,1
498,4896.65,Mumbai,POS,13,57.63,0
13,52495.0,Delhi,ATM,6,481.0,1
674,1207.62,Hyderabad,ATM,15,23.68,0
774,40574.0,Mumbai,POS,20,329.0,1
146,3016.6,Chennai,Online,21,16.65,0
701,3822.91,Chennai,Online,6,55.69,0
906,32381.0,Bangalore,POS,5,30.0,1
962,23435.0,Delhi,ATM,5,24.0,1
686,760.61,Chennai,ATM,19,10.48,0
536,2711.74,Mumbai,POS,22,3.93,0
499,1526.86,Bangalore,POS,13,7.3,0
513,2966.73,Delhi,POS,19,1.63,0
193,685.88,Bangalore,Online,10,3.29,0
682,332.03,Chennai,ATM,10,65.38,0
689,910.97,Delhi,POS,20,56.54,0
561,5794.38,Bangalore,ATM,22,131.97,0
25,7084.95,Delhi,ATM,15,49.85,0
66,784.69,Delhi,ATM,13,8.86,0
584,1753.32,Delhi,POS,7,13.48,0
151,9232.77,Mumbai,Online,22,44.1,0
659,150.59,Bangalore,POS,18,92.19,0
491,162.06,Mumbai,Online,10,29.68,0
60,5113.97,Chennai,ATM,17,34.32,0
163,2585.3,Mumbai,Online,13,56.93,0
412,689.21,Chennai,ATM,17,14.82,0
403,3616.91,Hyderabad,POS,12,93.47,0
936,56678.0,Delhi,ATM,2,69.0,1
319,6259.75,Hyderabad,POS,7,25.17,0
81,2469.1,Delhi,ATM,18,71.53,0
496,1869.83,Hyderabad,ATM,21,9.93,0
138,4432.29,Mumbai,POS,15,93.83,0
492,4375.09,Chennai,ATM,18,8.0,0
211,1339.73,Chennai,POS,10,22.68,0
766,2817.95,Chennai,POS,12,25.62,0
498,3884.73,Mumbai,Online,19,105.97,0
655,658.74,Bangalore,ATM,13,17.68,0
552,975.15,Delhi,POS,20,81.35,0
853,4284.08,Delhi,Online,17,52.42,0
146,1807.46,Bangalore,ATM,16,17.65,0
143,2069.48,Delhi,Online,17,68.45,0
419,1850.21,Mumbai,POS,19,31.37,0
670,1842.29,Hyderabad,ATM,15,40.65,0
646,6190.49,Chennai,Online,10,16.88,0
228,4355.55,Delhi,POS,17,82.77,0
460,6081.55,Delhi,ATM,6,9.26,1
428,5119.3,Delhi,Online,6,22.44,0
873,5361.69,Delhi,POS,21,38.43,0
633,2837.0,Bangalore,Online,20,31.7,0
879,37751.0,Chennai,POS,0,430.0,1
721,2775.71,Chennai,Online,10,24.72,0
683,1533.5,Delhi,POS,15,2.59,0
705,7299.52,Delhi,ATM,12,33.88,0
719,290.09,Bangalore,Online,10,3.87,0
722,5178.78,Chennai,Online,8,26.81,0
226,33221.0,Bangalore,Online,18,330.0,1
983,2456.08,Hyderabad,POS,21,60.42,0
707,22136.0,Chennai,POS,5,27.0,1
390,3196.93,Bangalore,POS,12,54.94,0
82,1552.6,Chennai,ATM,6,79.26,0
72,1871.46,Chennai,POS,8,8.16,0
847,2340.24,Mumbai,POS,16,2.84,0
677,3221.98,Chennai,ATM,12,8.47,0
159,8203.48,Hyderabad,Online,23,43.19,0
382,1380.61,Mumbai,POS,14,44.91,0
340,445.37,Chennai,ATM,11,30.03,0
700,7122.39,Chennai,Online,19,47.11,0
540,45506.0,Bangalore,POS,14,330.0,1
927,947.64,Mumbai,ATM,18,25.3,0
668,818.7,Delhi,POS,11,42.53,0
942,1090.22,Mumbai,POS,19,43.2,0
106,3767.95,Bangalore,ATM,12,2.15,0
35,7141.98,Bangalore,ATM,14,23.27,0
810,6056.61,Delhi,POS,14,68.75,0
760,7322.65,Hyderabad,Online,22,18.7,0
159,375.76,Chennai,Online,18,113.84,0
750,40871.0,Mumbai,ATM,17,415.0,1
470,1005.9,Chennai,Online,19,30.68,0
23,1440.64,Bangalore,Online,11,39.08,0
601,3588.45,Chennai,ATM,17,20.28,0
120,1147.55,Delhi,Online,15,58.39,0
11,3881.08,Mumbai,ATM,9,10.78,0
428,2522.62,Hyderabad,ATM,9,10.61,0
512,716.53,Hyderabad,Online,22,9.87,0
23,3482.52,Chennai,ATM,10,3.69,0
557,28247.0,Hyderabad,ATM,3,31.0,1
716,3269.3,Delhi,Online,6,31.83,0
78,198.32,Mumbai,ATM,15,26.72,0
250,314.61,Delhi,Online,9,74.36,0
830,57224.0,Delhi,Online,11,385.0,1
839,4188.12,Mumbai,Online,19,43.85,0
741,3322.49,Hyderabad,Online,11,9.53,0
282,57.15,Hyderabad,ATM,6,64.29,0
510,4925.76,Mumbai,POS,13,58.19,0
82,1854.11,Mumbai,Online,16,37.32,0
137,4337.53,Delhi,ATM,6,6.72,0
116,29456.0,Bangalore,Online,15,288.0,1
601,43438.0,Delhi,POS,13,276.0,1
398,1606.61,Mumbai,POS,22,4.96,0
340,2917.71,Mumbai,POS,22,10.65,0
720,1880.18,Chennai,POS,6,15.92,0
251,2734.19,Chennai,POS,20,45.93,0
30,4165.44,Delhi,ATM,12,5.29,0
24,17.97,Mumbai,POS,9,60.29,0
550,3168.94,Hyderabad,Online,20,25.16,0
246,4674.16,Hyderabad,POS,14,17.85,0
584,36441.0,Mumbai,POS,2,12.0,1
643,3211.46,Mumbai,POS,16,20.15,0
403,3926.6,Hyderabad,ATM,15,7.59,0
749,1705.65,Chennai,Online,16,3.45,0
511,7512.0,Mumbai,ATM,23,99.49,1
805,3469.6,Delhi,ATM,23,3.15,0
658,32923.0,Hyderabad,Online,4,32.0,1
970,2921.71,Delhi,Online,10,25.84,0
903,1890.34,Chennai,Online,22,32.05,0
432,2634.68,Mumbai,POS,21,5.8,0
716,1595.77,Delhi,ATM,15,13.0,0
728,4408.56,Delhi,ATM,8,8.43,0
181,53632.0,Delhi,ATM,13,38.0,1
623,2910.86,Mumbai,POS,23,4.15,0
820,1188.79,Hyderabad,Online,14,1.93,0
87,1077.37,Chennai,POS,9,44.31,0
353,5626.91,Delhi,POS,15,11.0,0
685,234.45,Bangalore,ATM,16,90.9,0
737,53294.0,Delhi,POS,3,17.0,1
718,4454.96,Delhi,ATM,9,8.58,0
801,3292.91,Mumbai,ATM,14,1.79,0
427,88.04,Hyderabad,Online,15,33.73,0
571,1037.09,Delhi,POS,14,13.77,0
511,5074.09,Chennai,ATM,7,55.56,0
88,359.72,Chennai,Online,19,34.3,0
691,1393.57,Bangalore,ATM,21,32.52,0
125,2455.49,Chennai,Online,20,28.95,0
451,1117.67,Delhi,ATM,20,114.2,0
305,713.9,Chennai,POS,12,58.58,0
392,1105.09,Chennai,Online,18,35.22,0
367,3737.37,Mumbai,Online,13,12.75,0
573,524.03,Hyderabad,POS,8,17.06,0
653,2811.03,Bangalore,ATM,13,99.5,0
465,627.02,Bangalore,ATM,9,17.8,0
799,2864.21,Delhi,POS,18,2.8,0
24,1709.88,Mumbai,POS,14,63.52,0
478,47011.0,Delhi,POS,9,325.0,1
600,6470.8,Delhi,Online,12,19.9,0
106,3237.11,Mumbai,ATM,15,49.79,0
710,9223.87,Hyderabad,ATM,7,39.91,0
409,4864.69,Mumbai,POS,6,5.97,0
778,4286.14,Bangalore,ATM,6,78.33,0
380,5124.9,Mumbai,ATM,16,30.99,0
920,15002.0,Bangalore,POS,3,23.0,1
872,416.05,Bangalore,POS,8,35.26,0
136,2959.34,Mumbai,POS,21,14.23,0
371,2099.29,Hyderabad,ATM,19,14.99,0
639,4891.68,Mumbai,POS,7,16.62,0
291,5954.81,Bangalore,POS,20,33.63,0
901,2029.64,Bangalore,POS,19,86.77,0
706,54.2,Hyderabad,POS,18,62.7,0
953,46537.0,Chennai,Online,13,417.0,1
261,7933.96,Mumbai,ATM,23,18.55,0
352,428.95,Chennai,Online,7,28.64,0
860,5923.81,Bangalore,POS,19,73.83,0
925,6357.93,Delhi,ATM,13,8.36,0
671,5123.42,Bangalore,POS,12,7.56,0
369,659.17,Delhi,POS,10,66.21,0
145,6911.61,Mumbai,Online,7,41.03,0
304,1128.29,Hyderabad,Online,9,12.0,0
887,4878.39,Bangalore,POS,17,46.69,0
465,30702.0,Chennai,Online,13,435.0,1
993,50397.0,Delhi,POS,8,175.0,1
396,2691.05,Hyderabad,POS,14,19.52,0
31,4112.49,Delhi,POS,23,29.89,0
133,4325.41,Chennai,Online,23,2.09,0
1000,821.42,Bangalore,ATM,16,13.18,0
23,3823.92,Hyderabad,ATM,22,17.95,0
9,3022.2,Delhi,Online,17,78.59,0
119,5723.41,Chennai,POS,16,106.97,0
420,5991.39,Mumbai,POS,6,6.16,0
903,412.6,Delhi,Online,23,57.26,0
39,796.65,Chennai,Online,22,23.42,0
860,2087.27,Delhi,Online,14,13.55,0
370,2892.44,Bangalore,ATM,17,48.66,0
550,1455.28,Hyderabad,ATM,15,13.03,0
745,982.46,Mumbai,Online,19,104.9,0
846,2859.18,Delhi,POS,18,50.46,0
218,3899.16,Mumbai,Online,21,5.48,0
124,2325.36,Delhi,Online,10,45.02,0
311,789.57,Chennai,ATM,11,28.46,0
190,2812.86,Chennai,ATM,17,0.76,0
943,794.56,Chennai,Online,23,39.76,0
600,4120.36,Chennai,POS,8,15.68,1
112,1220.91,Bangalore,Online,7,16.37,0
945,1829.0,Hyderabad,POS,6,44.42,0
239,2760.47,Delhi,POS,23,18.19,0
1,801.98,Hyderabad,Online,19,5.84,0
464,1913.98,Chennai,POS,20,0.88,0
901,1078.55,Chennai,Online,14,41.88,0
693,1656.1,Hyderabad,POS,11,17.06,0
176,3496.76,Bangalore,POS,15,34.27,0
842,2279.5,Bangalore,ATM,11,30.42,0
503,210.74,Hyderabad,Online,6,24.86,0
660,2714.15,Delhi,ATM,12,10.85,0
951,1201.77,Mumbai,Online,8,62.68,0
906,6218.29,Hyderabad,Online,23,44.37,0
913,41326.0,Delhi,ATM,4,203.0,1
253,3964.34,Chennai,Online,15,69.75,0
101,223.53,Delhi,ATM,10,6.73,0
572,3803.18,Mumbai,ATM,16,54.5,0
215,56997.0,Delhi,ATM,22,324.0,1
316,6371.65,Bangalore,POS,7,113.1,0
539,1147.65,Bangalore,Online,15,15.87,0
834,57102.0,Delhi,Online,16,29.0,1
484,5978.45,Chennai,POS,19,2.68,0
402,309.04,Chennai,ATM,17,83.3,0
53,5407.87,Delhi,ATM,15,9.04,0
306,198.03,Bangalore,ATM,9,24.19,0
877,2469.02,Chennai,ATM,15,18.41,0
762,1358.71,Chennai,Online,20,91.12,0
240,1609.02,Hyderabad,POS,21,90.97,0
587,3702.35,Mumbai,POS,9,27.56,0
911,1670.18,Chennai,ATM,20,58.7,0
381,2348.98,Hyderabad,ATM,8,36.61,0
179,906.48,Mumbai,Online,20,31.12,0
856,16902.0,Mumbai,ATM,2,34.0,1
852,732.14,Mumbai,ATM,14,6.89,0
86,5181.55,Chennai,ATM,7,25.2,0
422,176.4,Chennai,Online,16,80.5,0
906,3653.63,Hyderabad,Online,21,60.89,0
416,4812.68,Chennai,POS,14,26.54,0
476,4536.47,Chennai,Online,15,95.01,0
476,2401.46,Hyderabad,Online,18,70.31,0
495,49430.0,Delhi,Online,9,192.0,1
994,6943.14,Bangalore,ATM,20,90.86,0
96,3445.77,Hyderabad,POS,13,40.88,0
557,1028.98,Delhi,POS,13,14.5,0
403,4013.56,Delhi,POS,20,20.75,0
68,1358.25,Mumbai,ATM,21,50.62,0
106,7272.13,Delhi,ATM,6,36.9,0
293,2410.45,Bangalore,ATM,18,15.82,0
928,1041.8,Chennai,Online,9,65.48,0
395,1549.65,Mumbai,ATM,8,67.54,0
425,1021.34,Delhi,Online,22,22.46,0
674,3272.4,Hyderabad,Online,6,6.17,0
902,1626.59,Hyderabad,Online,7,100.87,0
196,129.05,Delhi,Online,12,56.38,0
488,4535.57,Mumbai,Online,8,52.97,0
997,1017.16,Chennai,Online,17,5.08,0
798,606.94,Hyderabad,Online,12,96.32,0
691,1409.47,Hyderabad,POS,16,54.49,0
868,3550.91,Hyderabad,Online,23,23.2,0
910,2130.96,Bangalore,POS,23,71.86,0
535,485.28,Mumbai,POS,21,96.32,0
70,1871.67,Delhi,POS,22,49.08,0
336,2225.49,Delhi,Online,14,5.79,0
96,2289.93,Chennai,Online,9,14.33,0
883,42623.0,Mumbai,POS,23,384.0,1
359,1464.99,Bangalore,Online,16,59.35,0
290,30821.0,Delhi,POS,4,273.0,1
670,972.35,Delhi,Online,10,34.91,0
283,2099.02,Mumbai,POS,11,24.53,0
478,5982.83,Chennai,Online,16,51.0,0
31,925.23,Hyderabad,POS,14,15.28,0
54,3855.11,Chennai,ATM,20,12.41,0
955,1685.5,Mumbai,ATM,13,82.21,0
756,22110.0,Chennai,ATM,5,23.0,1
224,4605.1,Mumbai,ATM,19,0.89,0
806,2356.98,Chennai,ATM,15,27.43,0
7,727.49,Delhi,ATM,9,84.96,0
377,3329.72,Mumbai,ATM,23,42.71,0
124,6451.48,Chennai,POS,16,42.04,0
831,1033.61,Chennai,ATM,12,72.33,0
607,3350.58,Chennai,Online,11,21.63,0
153,2686.69,Mumbai,ATM,9,33.26,0
114,3527.08,Hyderabad,ATM,20,119.8,0
295,40314.0,Hyderabad,ATM,22,385.0,1
937,1425.32,Chennai,POS,15,1.8,0
357,1720.68,Chennai,Online,12,7.41,0
321,7598.66,Chennai,Online,11,59.22,0
583,379.0,Chennai,Online,9,11.5,0
827,1899.32,Mumbai,ATM,9,38.46,0
364,2458.32,Mumbai,Online,8,14.72,0
885,1143.8,Delhi,Online,9,34.49,0
554,1763.25,Chennai,POS,23,68.38,0
949,4235.44,Bangalore,ATM,13,18.5,0
853,2774.8,Delhi,Online,6,83.45,0
101,5396.91,Delhi,Online,23,5.11,0
413,1213.66,Mumbai,Online,21,0.58,0
269,1423.5,Chennai,ATM,14,30.55,0
745,1617.9,Mumbai,ATM,14,27.87,0
663,187.11,Bangalore,ATM,13,51.37,0
388,791.27,Bangalore,ATM,15,1.98,0
429,713.15,Hyderabad,ATM,6,12.76,0
75,1774.46,Hyderabad,ATM,7,21.54,0
428,4839.29,Delhi,ATM,9,39.65,0
965,4873.77,Bangalore,ATM,22,32.39,0
341,484.16,Delhi,ATM,16,42.68,0
797,4024.43,Delhi,POS,22,23.93,0
698,56581.0,Delhi,Online,12,124.0,1
776,3844.75,Mumbai,ATM,6,37.18,0
952,3453.17,Delhi,Online,9,8.69,0
476,2163.31,Hyderabad,POS,9,11.7,0
431,8556.8,Hyderabad,POS,17,20.14,0
955,8911.35,Bangalore,POS,19,62.2,1
711,4262.23,Hyderabad,POS,12,116.72,0
660,2009.29,Bangalore,ATM,18,41.56,0
404,4523.67,Hyderabad,Online,17,29.96,0
48,5127.27,Hyderabad,ATM,18,16.69,0
716,1517.71,Bangalore,POS,8,11.67,0
578,25704.0,Chennai,POS,20,283.0,1
319,1419.17,Hyderabad,POS,13,88.49,0
341,2154.05,Chennai,Online,13,64.37,0
22,5144.13,Bangalore,POS,23,38.4,0
537,5658.38,Mumbai,Online,6,35.17,0
656,1132.71,Mumbai,Online,20,32.44,0
856,1078.9,Bangalore,Online,11,90.32,0
417,4451.36,Bangalore,POS,8,6.44,0
708,5804.41,Bangalore,POS,7,69.1,0
449,258.02,Bangalore,Online,11,2.62,0
380,8717.05,Bangalore,ATM,21,43.52,0
954,3131.92,Chennai,POS,17,62.22,0
842,4728.65,Bangalore,Online,22,19.71,0
151,1532.74,Chennai,ATM,16,48.14,0
522,1535.75,Hyderabad,POS,19,20.21,0
536,3615.65,Delhi,Online,20,11.53,0
838,1511.05,Chennai,ATM,11,22.1,0
502,4614.54,Hyderabad,Online,16,29.62,0
538,7071.73,Bangalore,POS,10,43.98,0
125,24458.0,Delhi,ATM,1,40.0,1
447,4793.15,Hyderabad,ATM,20,20.0,0
827,2814.88,Hyderabad,Online,17,18.22,0
811,3510.55,Delhi,ATM,8,52.66,0
935,2179.49,Hyderabad,POS,13,134.56,0
205,55476.0,Delhi,Online,11,117.0,1
591,2701.22,Mumbai,Online,17,18.15,0
255,1533.06,Hyderabad,POS,18,53.99,0
378,2754.43,Mumbai,Online,22,56.7,0
436,110.44,Hyderabad,Online,21,23.29,0
373,57597.0,Delhi,ATM,13,319.0,1
683,223.59,Bangalore,Online,20,19.27,0
888,1467.33,Delhi,POS,7,2.11,0
717,6472.35,Bangalore,Online,13,44.3,0
800,1036.27,Hyderabad,Online,14,114.85,0
267,3484.98,Hyderabad,ATM,7,38.45,0
305,2779.54,Chennai,POS,17,36.78,0
10,72.87,Bangalore,Online,12,42.63,1
511,59302.0,Delhi,ATM,19,265.0,1
386,2269.38,Delhi,POS,18,8.01,0
738,6447.38,Hyderabad,POS,21,47.06,0
831,87.67,Chennai,POS,14,31.3,0
620,42785.0,Chennai,Online,8,431.0,1
487,5811.38,Hyderabad,ATM,6,59.69,0
675,1078.33,Chennai,Online,14,9.44,0
519,2116.81,Bangalore,POS,7,7.39,0
45,1077.67,Hyderabad,Online,8,6.3,0
452,3162.77,Delhi,POS,18,66.7,0
793,24778.0,Delhi,Online,2,0.0,1
546,567.14,Chennai,Online,8,131.92,0
156,7892.07,Chennai,POS,18,76.46,0
977,3877.45,Hyderabad,POS,6,110.4,0
853,1139.65,Bangalore,Online,7,31.63,0
817,432.08,Mumbai,Online,19,40.15,0
866,2375.4,Delhi,ATM,18,24.99,0
37,2612.52,Delhi,Online,21,9.38,0
301,2409.46,Delhi,POS,10,96.82,0
171,3870.16,Mumbai,POS,16,56.13,0
27,2582.37,Bangalore,ATM,13,70.78,0
222,3451.65,Bangalore,Online,22,114.14,0
837,414.53,Bangalore,Online,9,20.84,0
465,2746.99,Bangalore,ATM,15,37.52,0
432,19985.0,Delhi,POS,1,18.0,1
314,4040.59,Hyderabad,POS,14,98.72,0
82,6512.21,Hyderabad,POS,13,30.55,0
747,4916.2,Delhi,ATM,23,9.2,0
689,1597.47,Bangalore,POS,8,44.7,0
265,3089.22,Delhi,ATM,6,8.42,0
651,877.95,Bangalore,Online,6,56.39,0
17,1166.77,Bangalore,Online,13,25.43,0
600,45865.0,Bangalore,POS,16,293.0,1
123,6112.58,Hyderabad,POS,12,64.26,0
338,183.85,Chennai,ATM,6,19.04,0
89,2947.57,Hyderabad,POS,17,65.17,0
305,37719.0,Mumbai,ATM,2,20.0,1
15,4611.46,Mumbai,Online,18,14.85,0
849,2920.21,Delhi,POS,14,26.55,0
4,2419.14,Chennai,POS,16,2.18,0
160,2755.42,Hyderabad,Online,9,32.93,0
817,783.09,Hyderabad,POS,19,53.44,0
12,1306.4,Hyderabad,POS,21,108.37,0
141,467.74,Delhi,Online,23,68.7,0
235,6764.22,Hyderabad,ATM,13,12.27,0
601,30844.0,Mumbai,POS,12,455.0,1
428,49.54,Mumbai,ATM,15,35.64,0
634,2594.97,Chennai,ATM,16,32.96,0
298,33.59,Hyderabad,POS,11,32.68,0
663,4810.32,Chennai,POS,9,6.14,0
794,1802.6,Hyderabad,ATM,21,43.43,0
313,40725.0,Delhi,POS,13,254.0,1
163,1492.54,Hyderabad,POS,20,4.97,0
900,276.02,Hyderabad,POS,8,28.63,0
365,10016.65,Mumbai,Online,15,0.19,0
833,6105.17,Hyderabad,Online,12,94.2,0
513,1459.25,Mumbai,ATM,17,28.42,0
174,2317.44,Mumbai,POS,18,70.61,0
340,2665.92,Hyderabad,ATM,23,12.44,0
841,735.26,Delhi,ATM,17,104.58,0
471,1300.28,Hyderabad,ATM,23,107.55,0
376,580.83,Bangalore,ATM,16,105.61,0
342,3529.27,Bangalore,Online,22,38.16,0
766,474.71,Chennai,POS,7,38.85,0
204,7088.14,Chennai,Online,16,2.76,0
879,991.81,Delhi,Online,20,2.34,0
543,6870.33,Mumbai,ATM,15,52.77,0
564,6353.04,Hyderabad,Online,19,25.68,0
39,2127.96,Chennai,Online,22,31.2,0
660,5220.48,Delhi,POS,23,2.36,0
517,6116.03,Bangalore,POS,9,28.29,0
988,5228.83,Bangalore,Online,8,54.17,0
120,1826.92,Hyderabad,ATM,10,52.96,0
691,4714.55,Hyderabad,Online,18,26.49,1
622,3641.04,Hyderabad,POS,14,64.94,0
559,523.12,Delhi,POS,13,49.67,0
199,5499.07,Mumbai,Online,6,98.0,0
180,1327.34,Hyderabad,Online,20,30.43,0
897,894.47,Mumbai,ATM,22,40.2,0
394,3087.08,Mumbai,POS,21,13.87,0
997,5445.0,Mumbai,ATM,10,7.31,0
54,15550.0,Chennai,POS,2,18.0,1
362,1607.85,Mumbai,POS,15,20.58,0
201,595.49,Bangalore,Online,17,26.15,0
184,5358.3,Bangalore,POS,11,17.45,0
938,5557.43,Mumbai,ATM,8,40.37,0
86,2652.59,Delhi,Online,22,36.52,0
667,3577.44,Mumbai,POS,22,31.15,0
57,1584.37,Mumbai,ATM,8,37.0,0
593,6048.64,Mumbai,Online,10,4.92,0
601,660.22,Bangalore,POS,14,32.87,0
694,238.34,Delhi,Online,11,37.45,0
431,883.58,Chennai,ATM,23,23.27,0
8,49217.0,Delhi,POS,9,147.0,1
781,746.73,Bangalore,Online,21,50.32,0
237,37110.0,Mumbai,POS,5,39.0,1
253,1668.52,Hyderabad,POS,22,72.61,0
91,573.53,Bangalore,POS,6,76.38,0
131,2456.31,Chennai,Online,11,102.8,0
144,3602.96,Bangalore,ATM,22,170.77,0
913,28162.0,Bangalore,POS,4,19.0,1
25,3006.18,Delhi,POS,8,21.78,0
238,4476.09,Delhi,ATM,22,31.4,0
327,2516.0,Hyderabad,ATM,8,10.37,0
314,1599.66,Delhi,ATM,17,6.59,0
918,1470.21,Delhi,ATM,17,114.49,0
864,897.41,Delhi,POS,10,18.47,0
779,798.3,Chennai,POS,13,49.17,0
432,2540.29,Hyderabad,ATM,15,4.0,0
25,3787.9,Bangalore,POS,19,22.17,0
893,1081.27,Bangalore,POS,12,6.96,0
777,1557.37,Chennai,Online,22,81.66,0
466,4580.23,Chennai,Online,7,81.54,0
614,5450.94,Bangalore,Online,7,39.62,0
531,1436.85,Bangalore,ATM,17,102.17,0
720,792.91,Chennai,POS,23,3.42,0
868,39499.0,Delhi,Online,21,226.0,1
533,4130.71,Hyderabad,Online,13,47.83,0
811,3726.71,Chennai,POS,17,10.01,0
796,189.21,Hyderabad,Online,14,136.73,0
449,1892.06,Hyderabad,POS,6,1.91,0
680,150.67,Chennai,Online,21,22.23,0
132,2604.07,Delhi,ATM,6,9.19,0
773,3155.18,Delhi,ATM,19,98.18,0
647,224.84,Chennai,Online,22,12.15,0
380,66.45,Hyderabad,POS,12,24.73,0
703,304.59,Mumbai,POS,9,16.27,0
257,2388.57,Delhi,ATM,18,14.89,0
408,3299.31,Delhi,ATM,8,103.02,0
630,3418.51,Chennai,ATM,16,12.48,0
588,39355.0,Delhi,Online,14,339.0,1
281,2089.04,Chennai,Online,12,51.06,0
456,1896.89,Chennai,POS,12,103.9,0
3,2873.43,Chennai,ATM,13,19.15,0
354,889.58,Hyderabad,POS,21,32.81,0
490,182.1,Mumbai,Online,19,75.81,0
296,1920.17,Chennai,ATM,11,62.37,0
351,8941.38,Delhi,ATM,14,47.01,0
770,237.49,Hyderabad,POS,6,75.51,0
612,3255.45,Mumbai,ATM,10,13.5,0
357,18498.0,Hyderabad,POS,4,46.0,1
576,1704.1,Bangalore,POS,16,38.33,0
314,729.49,Chennai,POS,7,10.35,0
174,2583.19,Mumbai,ATM,14,2.57,0
361,28040.0,Chennai,ATM,1,47.0,1
834,1892.36,Mumbai,POS,21,42.54,0
318,25023.0,Hyderabad,POS,4,30.0,1
327,2889.41,Chennai,ATM,15,74.03,0
580,1521.62,Mumbai,ATM,22,0.89,0
193,2259.0,Hyderabad,ATM,20,65.91,0
964,694.17,Bangalore,ATM,16,82.54,0
83,3273.67,Delhi,ATM,6,11.43,0
232,5649.72,Mumbai,Online,10,49.1,0
523,54557.0,Delhi,ATM,3,390.0,1
501,3576.14,Delhi,POS,9,31.52,0
616,816.37,Delhi,ATM,23,33.03,0
494,38004.0,Delhi,Online,2,1.0,1
826,2859.92,Hyderabad,POS,14,1.06,0
123,4598.45,Delhi,Online,15,18.59,0
888,2820.96,Bangalore,Online,18,3.42,0
877,165.91,Bangalore,ATM,10,35.14,0
521,43045.0,Delhi,Online,6,323.0,1
592,1386.79,Mumbai,Online,22,63.65,0
572,3413.2,Mumbai,ATM,21,49.45,0
146,1671.8,Bangalore,POS,21,23.97,0
555,2174.86,Bangalore,Online,17,8.43,0
238,7880.01,Bangalore,ATM,13,18.98,0
233,4276.9,Hyderabad,ATM,7,24.24,0
120,1315.38,Hyderabad,ATM,13,9.05,0
419,6385.63,Mumbai,POS,22,64.41,0
992,7865.96,Hyderabad,Online,16,21.08,0
488,640.81,Mumbai,Online,7,12.03,0
29,1573.33,Bangalore,ATM,14,48.35,0
567,252.25,Hyderabad,POS,21,142.77,0
534,9401.33,Hyderabad,ATM,16,18.53,0
550,280.23,Mumbai,Online,23,93.58,0
671,1634.75,Hyderabad,Online,10,66.83,0
89,247.67,Bangalore,Online,10,56.19,0
7,7127.15,Mumbai,POS,19,56.15,0
875,4770.0,Mumbai,Online,22,28.38,0
296,3807.3,Chennai,Online,6,51.61,0
845,2344.83,Delhi,POS,9,36.44,0
66,2176.82,Bangalore,Online,23,30.55,0
835,5484.45,Delhi,ATM,7,9.17,0
557,1373.96,Hyderabad,ATM,21,46.91,0
426,2031.65,Bangalore,POS,13,48.0,0
10,4384.58,Bangalore,ATM,22,37.26,0
210,154.71,Bangalore,POS,12,22.51,0
751,29238.0,Hyderabad,Online,4,11.0,1
209,4396.21,Delhi,Online,11,50.6,0
215,1494.02,Chennai,POS,20,11.31,0
823,5511.74,Mumbai,ATM,7,8.0,0
180,4247.8,Chennai,POS,14,3.16,0
692,1152.6,Mumbai,Online,9,90.62,0
270,2370.19,Chennai,ATM,14,25.54,0
1000,2182.42,Delhi,Online,23,54.5,0
657,891.27,Delhi,ATM,20,106.26,0
486,256.01,Chennai,POS,6,82.37,0
727,1617.71,Delhi,POS,10,49.06,0
958,590.37,Chennai,POS,17,54.05,0
11,577.91,Chennai,ATM,8,34.29,0
291,3721.41,Hyderabad,POS,19,85.64,0
20,49755.0,Delhi,ATM,15,125.0,1
245,2643.05,Hyderabad,ATM,8,24.31,0
168,2675.27,Hyderabad,POS,11,31.77,0
994,43733.0,Chennai,ATM,1,412.0,1
411,6023.19,Chennai,ATM,8,157.83,0
504,2578.8,Mumbai,Online,15,19.45,0
701,3811.74,Bangalore,ATM,20,64.71,0
673,6973.48,Delhi,POS,19,85.1,0
818,4269.65,Mumbai,Online,17,45.75,0
393,6539.92,Chennai,POS,9,32.49,0
138,3974.77,Bangalore,ATM,7,32.31,0
403,2530.96,Chennai,ATM,17,49.91,0
514,479.35,Hyderabad,POS,12,42.18,0
770,2151.3,Bangalore,Online,10,1.23,0
178,1480.17,Chennai,POS,14,49.64,0
650,4034.01,Bangalore,ATM,13,40.51,0
262,6350.06,Mumbai,POS,21,48.16,0
251,5286.72,Chennai,ATM,9,17.51,0
957,2501.78,Bangalore,POS,7,21.3,0
629,2603.12,Bangalore,POS,7,43.72,0
657,3184.38,Bangalore,POS,8,49.18,0
394,3403.86,Hyderabad,Online,14,53.22,0
57,2819.4,Delhi,ATM,21,18.19,0
169,1337.79,Bangalore,ATM,10,4.49,0
656,2559.71,Hyderabad,ATM,11,22.48,0
122,5178.07,Chennai,Online,20,75.37,0
902,33255.0,Chennai,ATM,4,28.0,1
423,3018.84,Hyderabad,POS,13,35.86,0
86,34592.0,Hyderabad,POS,1,32.0,1
707,26951.0,Delhi,Online,4,471.0,1
570,39635.0,Delhi,Online,12,23.0,1
934,2295.93,Delhi,ATM,8,48.36,0
998,3470.96,Chennai,Online,11,7.28,0
230,8465.95,Chennai,ATM,6,17.31,0
588,42286.0,Mumbai,ATM,19,473.0,0
955,6373.37,Hyderabad,ATM,11,57.71,0
251,4450.85,Hyderabad,Online,13,81.83,0
54,30009.0,Mumbai,POS,6,457.0,1
167,3731.66,Delhi,Online,7,16.95,0
142,4156.24,Chennai,ATM,15,22.6,0
415,3144.47,Bangalore,ATM,22,16.81,0
162,1292.74,Bangalore,POS,6,128.4,0
989,499.39,Chennai,POS,11,31.71,0
600,69.48,Hyderabad,Online,14,103.79,0
48,783.54,Hyderabad,Online,6,62.38,0
934,5284.7,Bangalore,POS,10,20.34,0
170,467.73,Hyderabad,ATM,11,43.22,0
918,2292.11,Hyderabad,POS,12,25.82,0
502,4987.06,Mumbai,ATM,14,25.1,0
765,294.52,Hyderabad,ATM,7,52.51,0
878,28645.0,Mumbai,POS,3,12.0,0
809,43424.0,Delhi,ATM,3,74.0,1
780,2033.82,Mumbai,ATM,7,11.07,0
963,2397.9,Delhi,ATM,20,6.45,0
688,2974.63,Delhi,ATM,9,76.68,0
904,265.68,Bangalore,ATM,8,123.91,0
856,3680.6,Mumbai,Online,23,65.97,0
686,545.59,Mumbai,POS,14,81.05,0
342,5739.69,Chennai,ATM,17,10.9,0
287,2459.75,Chennai,ATM,11,48.23,0
504,5974.33,Hyderabad,POS,6,39.39,0
787,4544.22,Chennai,Online,9,77.6,0
562,2154.47,Bangalore,Online,16,58.38,0
43,7552.92,Mumbai,Online,6,23.4,0
899,1484.09,Bangalore,ATM,23,6.66,0
815,238.96,Delhi,Online,11,28.28,0
980,3337.22,Delhi,ATM,6,1.8,0
495,2992.71,Chennai,POS,13,64.5,0
188,26779.0,Chennai,Online,21,252.0,1
862,1732.14,Chennai,POS,7,61.51,0
974,1366.77,Hyderabad,Online,9,10.83,0
943,3573.83,Hyderabad,POS,21,55.27,0
343,4432.98,Delhi,Online,20,5.46,0
863,7476.22,Delhi,ATM,7,31.62,0
894,3601.79,Bangalore,Online,15,43.82,0
609,854.68,Delhi,ATM,13,26.63,0
51,1206.33,Hyderabad,Online,16,43.19,0
163,48260.0,Delhi,POS,1,440.0,1
969,4603.55,Hyderabad,Online,21,29.95,0
384,25792.0,Hyderabad,ATM,3,16.0,1
272,494.2,Delhi,ATM,18,26.54,0
497,3748.04,Delhi,POS,14,76.15,0
919,1904.45,Hyderabad,Online,6,46.02,0
299,2355.88,Chennai,Online,8,20.21,0
63,1791.75,Chennai,POS,19,45.51,0
47,5410.04,Mumbai,Online,11,74.3,0
972,43057.0,Delhi,POS,11,16.0,1
14,2459.81,Mumbai,Online,13,4.65,0
512,1802.7,Delhi,Online,23,71.13,0
999,1544.64,Mumbai,ATM,11,87.85,0
655,5115.37,Delhi,Online,14,71.75,0
893,7671.32,Hyderabad,Online,16,14.06,0
594,56823.0,Delhi,Online,18,291.0,1
675,1048.92,Bangalore,Online,23,4.85,0
397,310.0,Chennai,POS,9,25.46,0
742,2462.56,Bangalore,Online,12,5.59,0
146,266.63,Delhi,POS,9,2.27,0
475,56484.0,Delhi,POS,6,359.0,1
235,3656.94,Delhi,ATM,14,57.82,0
754,2818.77,Delhi,ATM,18,5.16,0
144,1585.97,Mumbai,ATM,6,49.13,1
782,1650.88,Bangalore,POS,10,17.4,0
859,3566.5,Chennai,POS,15,13.86,0
484,652.85,Chennai,POS,21,110.6,0
616,4497.38,Hyderabad,POS,18,37.64,0
162,5024.49,Bangalore,ATM,12,22.23,0
848,5868.9,Hyderabad,POS,22,12.84,0
840,2015.24,Mumbai,ATM,23,41.76,0
315,6739.07,Bangalore,POS,11,85.6,0
364,33249.0,Chennai,ATM,1,15.0,1
765,3788.54,Mumbai,Online,12,35.83,0
365,4098.13,Chennai,ATM,22,59.28,0
496,39747.0,Chennai,POS,7,318.0,1
953,19223.0,Bangalore,POS,1,37.0,1
108,5906.2,Bangalore,Online,19,1.83,0
309,5964.18,Hyderabad,POS,19,27.15,0
4,3962.79,Hyderabad,POS,14,79.1,0
920,4251.19,Chennai,ATM,6,55.8,0
835,841.74,Delhi,POS,16,84.92,0
364,4097.06,Hyderabad,ATM,9,16.3,0
870,5313.22,Delhi,Online,22,139.39,0
114,1516.77,Hyderabad,Online,12,30.19,0
704,10065.92,Delhi,ATM,8,31.33,0
327,2582.61,Bangalore,Online,13,4.23,0
108,5635.31,Chennai,Online,15,140.56,0
931,50941.0,Delhi,Online,2,22.0,1
839,14.43,Bangalore,Online,19,5.16,0
569,957.82,Bangalore,POS,22,46.64,0
780,5677.18,Delhi,POS,16,91.05,0
989,4310.15,Bangalore,POS,16,135.97,0
666,54618.0,Delhi,Online,3,169.0,1
273,285.74,Delhi,POS,7,31.73,0
105,6418.03,Chennai,ATM,12,16.14,0
697,2137.82,Bangalore,ATM,14,5.8,0
783,2776.98,Mumbai,Online,6,22.31,0
860,1053.98,Chennai,ATM,17,0.38,0
175,1203.6,Chennai,POS,11,41.76,0
4,3841.41,Hyderabad,ATM,22,14.52,0
767,3568.53,Hyderabad,POS,13,5.47,0
297,5289.67,Mumbai,POS,22,58.53,0
418,113.27,Delhi,ATM,8,6.5,0
949,4148.17,Hyderabad,Online,21,20.93,0
392,8440.1,Mumbai,POS,9,30.29,0
998,2194.97,Mumbai,ATM,6,99.45,0
15,2302.58,Mumbai,POS,6,44.15,0
894,946.01,Delhi,Online,17,93.47,0
718,885.65,Mumbai,POS,23,54.97,0
146,1675.31,Delhi,POS,21,38.8,0
923,47420.0,Delhi,Online,21,316.0,1
203,4298.59,Mumbai,ATM,19,53.58,0
918,1326.72,Mumbai,POS,9,88.85,0
169,3961.78,Mumbai,Online,16,3.07,0
906,3255.89,Hyderabad,Online,14,24.26,0
386,5351.09,Hyderabad,ATM,9,65.66,0
57,2372.72,Bangalore,ATM,17,21.54,0
407,1006.39,Mumbai,Online,6,57.6,0
623,880.19,Hyderabad,POS,21,5.63,0
340,5197.88,Bangalore,ATM,8,56.12,0
187,2564.5,Mumbai,Online,14,69.53,0
277,840.46,Chennai,POS,14,63.87,0
316,381.29,Mumbai,POS,6,71.98,0
754,1969.96,Hyderabad,ATM,15,89.91,0
298,4200.47,Chennai,ATM,9,50.48,0
92,640.26,Hyderabad,ATM,10,8.56,0
865,1531.36,Chennai,POS,18,86.26,0
914,5104.18,Mumbai,POS,18,75.08,0
429,482.2,Chennai,Online,20,102.76,0
486,6121.21,Hyderabad,Online,17,88.36,0
616,59.1,Hyderabad,ATM,22,70.42,0
16,1270.65,Delhi,ATM,19,12.32,0
221,5129.69,Bangalore,ATM,22,13.77,0
705,1404.97,Hyderabad,ATM,18,54.72,0
149,1131.46,Hyderabad,POS,6,1.03,0
70,3078.86,Mumbai,ATM,17,34.54,0
899,2886.76,Bangalore,Online,15,16.84,0
27,2150.66,Chennai,Online,7,22.6,0
346,2010.14,Chennai,Online,23,94.82,0
736,3900.92,Delhi,POS,6,60.29,0
793,1759.11,Chennai,Online,12,1.8,0
820,3481.98,Delhi,POS,15,81.73,0
733,1353.93,Mumbai,Online,14,29.89,0
269,646.3,Hyderabad,Online,20,33.98,0
801,3008.42,Chennai,ATM,16,14.07,0
404,6188.59,Mumbai,POS,19,133.69,0
881,1798.55,Delhi,ATM,6,17.37,0
160,2446.58,Bangalore,POS,17,9.29,0
361,1264.47,Delhi,ATM,13,35.86,0
89,2731.22,Hyderabad,ATM,15,37.27,0
403,2487.82,Hyderabad,ATM,7,2.3,0
2,2434.97,Hyderabad,ATM,15,37.67,0
901,2482.41,Hyderabad,ATM,12,34.05,0
118,2492.09,Hyderabad,Online,12,76.97,0
92,2792.95,Hyderabad,Online,22,26.09,0
590,4461.62,Delhi,POS,18,60.18,0
886,7166.76,Bangalore,Online,8,42.78,0
589,4648.98,Hyderabad,Online,22,47.35,0
910,716.5,Mumbai,Online,22,60.44,0
792,3503.44,Chennai,ATM,8,104.5,0
709,2590.14,Hyderabad,ATM,7,4.57,0
903,465.71,Bangalore,ATM,15,77.17,0
804,1055.32,Delhi,POS,18,3.79,0
438,2796.17,Delhi,ATM,21,61.16,0
934,1292.96,Chennai,Online,12,38.81,0
712,4036.53,Hyderabad,ATM,23,82.99,0
74,4129.22,Chennai,Online,11,2.33,0
996,1454.97,Delhi,POS,15,108.23,0
604,6490.71,Delhi,POS,21,18.84,0
468,2604.38,Mumbai,POS,10,28.76,0
274,3043.44,Mumbai,POS,13,71.13,0
978,1080.93,Delhi,POS,14,10.6,0
648,81.58,Delhi,POS,15,39.9,0
29,360.47,Chennai,ATM,13,34.65,0
706,49426.0,Delhi,POS,11,58.0,1
903,1806.61,Hyderabad,ATM,6,51.29,0
678,6816.39,Delhi,Online,10,106.36,0
848,649.23,Hyderabad,ATM,23,59.33,0
218,3019.78,Mumbai,Online,6,14.11,0
687,5534.04,Delhi,POS,14,29.36,0
580,3643.54,Delhi,ATM,9,15.7,0
178,38.78,Hyderabad,Online,19,22.0,0
219,42555.0,Bangalore,Online,20,270.0,1
18,29091.0,Delhi,Online,1,8.0,1
317,4645.6,Delhi,ATM,23,14.34,0
866,2301.85,Chennai,ATM,10,33.64,0
908,5442.61,Hyderabad,POS,15,62.23,0
629,778.32,Chennai,Online,22,3.79,0
534,6252.66,Mumbai,ATM,19,46.68,0
937,3822.87,Hyderabad,Online,18,17.93,0
58,7344.23,Bangalore,ATM,19,13.17,0
40,5791.14,Mumbai,POS,11,28.07,0
774,1755.59,Bangalore,Online,13,1.71,0
916,39480.0,Delhi,Online,3,13.0,1
61,2798.05,Hyderabad,ATM,18,15.54,0
624,4284.92,Bangalore,POS,23,0.5,0
127,21132.0,Hyderabad,ATM,1,37.0,1
942,4254.31,Delhi,ATM,20,37.64,0
108,657.61,Delhi,ATM,12,8.08,0
224,6669.39,Delhi,POS,9,98.64,0
90,283.52,Chennai,Online,8,38.89,0
849,353.18,Mumbai,Online,20,4.34,0
59,192.67,Delhi,POS,20,76.22,0
356,2295.17,Mumbai,Online,20,24.41,0
620,23.01,Bangalore,POS,23,64.39,0
381,37761.0,Delhi,ATM,18,198.0,0
242,701.76,Hyderabad,POS,22,21.86,1
577,3589.51,Mumbai,Online,22,67.13,0
520,4730.04,Hyderabad,POS,8,10.11,0
453,4977.86,Delhi,Online,23,74.41,0
109,3930.46,Chennai,Online,19,30.6,0
621,1762.5,Bangalore,Online,6,61.7,0
216,5318.73,Hyderabad,ATM,20,3.26,0
276,212.33,Mumbai,ATM,17,3.4,0
712,5251.86,Bangalore,Online,22,48.94,0
839,3325.52,Mumbai,Online,22,41.89,0
625,2550.52,Chennai,Online,17,25.11,0
272,2673.08,Hyderabad,Online,9,10.0,0
548,4270.12,Hyderabad,Online,19,28.06,0
702,652.15,Hyderabad,POS,23,36.44,0
671,39548.0,Delhi,Online,22,60.0,1
307,33721.0,Delhi,Online,17,310.0,1
93,2751.74,Delhi,Online,12,40.57,0
349,1697.38,Bangalore,POS,7,50.59,0
895,1825.77,Delhi,ATM,12,46.19,0
439,640.59,Bangalore,ATM,8,9.36,0
600,3816.16,Hyderabad,Online,7,6.59,0
507,8627.35,Bangalore,Online,14,38.32,0
150,2084.77,Bangalore,POS,15,51.0,0
482,567.96,Bangalore,POS,19,56.15,0
406,4695.71,Chennai,POS,18,72.68,0
575,687.57,Chennai,ATM,9,51.14,0
645,179.54,Hyderabad,POS,12,4.08,0
230,7011.63,Chennai,Online,20,119.75,0
41,3043.99,Hyderabad,ATM,16,10.47,0
569,960.28,Delhi,POS,20,51.23,0
83,8575.74,Bangalore,POS,21,99.29,0
77,39130.0,Mumbai,POS,4,364.0,1
953,5423.93,Chennai,POS,15,66.17,0
856,26631.0,Chennai,Online,1,15.0,1
863,4506.93,Chennai,POS,8,7.64,0
992,219.64,Chennai,Online,6,8.96,0
21,3277.02,Bangalore,Online,16,62.68,0
816,1551.15,Mumbai,ATM,8,31.3,0
326,5051.52,Delhi,Online,18,17.49,0
167,36481.0,Hyderabad,POS,11,393.0,1
200,2994.66,Mumbai,Online,22,25.0,0
8,6803.1,Hyderabad,ATM,20,75.04,0
960,3437.52,Mumbai,ATM,11,53.86,0
85,482.0,Chennai,Online,16,20.31,0
147,2776.07,Delhi,ATM,11,21.46,0
401,2465.25,Bangalore,POS,7,22.09,0
42,1517.84,Mumbai,ATM,21,11.58,0
816,2596.08,Hyderabad,POS,10,6.72,0
354,4198.77,Mumbai,ATM,11,14.67,0
183,2613.98,Mumbai,ATM,8,9.13,0
291,1167.33,Bangalore,POS,16,17.7,0
659,5632.34,Chennai,Online,19,32.19,0
77,462.48,Chennai,ATM,7,50.74,0
645,1004.65,Chennai,Online,10,45.73,0
775,903.61,Hyderabad,ATM,21,27.67,0
243,454.51,Delhi,POS,15,14.65,0
922,2708.8,Mumbai,POS,19,35.6,0
519,3120.51,Mumbai,Online,16,31.32,0
577,2835.99,Delhi,POS,20,28.11,0
576,4907.7,Mumbai,ATM,14,59.64,0
846,374.71,Chennai,ATM,21,36.61,0
619,4634.97,Chennai,Online,14,13.5,0
5,1121.89,Hyderabad,POS,11,36.71,0
114,2540.99,Delhi,ATM,21,44.43,0
423,979.33,Chennai,POS,15,79.82,0
273,5264.82,Chennai,ATM,7,89.41,0
835,3039.33,Bangalore,POS,9,50.58,0
314,1129.21,Delhi,ATM,16,23.42,0
720,2708.53,Mumbai,Online,16,10.09,0
525,5020.51,Mumbai,POS,16,121.43,0
359,766.12,Mumbai,ATM,8,38.08,0
532,2161.34,Chennai,ATM,15,47.6,0
852,2796.06,Mumbai,Online,12,3.26,0
409,1103.13,Bangalore,Online,17,126.25,0
302,6614.84,Delhi,ATM,17,34.78,0
607,2245.39,Mumbai,ATM,12,36.91,0
762,4490.5,Delhi,POS,6,30.94,0
256,264.14,Chennai,POS,20,99.23,0
610,50974.0,Delhi,Online,17,448.0,1
388,2748.62,Hyderabad,Online,22,110.7,0
26,2571.44,Bangalore,Online,7,2.28,0
314,34256.0,Mumbai,Online,0,279.0,1
783,46726.0,Chennai,Online,1,300.0,1
399,44586.0,Bangalore,POS,17,387.0,1
418,6162.42,Hyderabad,ATM,21,25.06,0
283,2410.27,Chennai,ATM,13,50.02,0
823,3990.65,Mumbai,Online,8,14.67,0
261,666.63,Bangalore,Online,16,14.53,0
57,3327.1,Mumbai,ATM,15,66.77,0
261,1377.46,Bangalore,POS,14,59.01,0
664,1747.01,Chennai,Online,19,18.64,0
631,115.8,Chennai,ATM,12,10.18,0
39,6975.46,Bangalore,POS,8,72.52,0
97,4306.89,Hyderabad,ATM,9,13.9,0
21,427.01,Delhi,ATM,19,45.58,0
777,22499.0,Hyderabad,POS,5,36.0,1
530,4271.7,Chennai,ATM,14,0.43,0
631,1056.99,Bangalore,POS,7,15.49,0
938,1499.14,Bangalore,POS,13,90.03,0
64,537.53,Delhi,Online,19,54.77,0
524,2529.85,Mumbai,ATM,17,44.5,0
2,729.63,Hyderabad,Online,9,26.28,0
626,1926.34,Chennai,ATM,6,44.65,0
988,846.44,Delhi,POS,9,7.6,0
834,3956.82,Hyderabad,POS,7,72.24,0
647,1225.36,Chennai,Online,13,104.4,0
797,1458.29,Hyderabad,Online,12,51.44,0
707,7804.52,Mumbai,Online,20,16.97,0
600,2130.58,Delhi,POS,16,14.55,0
72,175.07,Mumbai,ATM,9,3.72,0
881,7964.93,Bangalore,Online,18,51.14,0
849,2911.4,Delhi,Online,19,33.89,0
59,1087.03,Chennai,ATM,18,47.24,0
387,2964.49,Chennai,Online,16,1.25,0
637,60.6,Mumbai,ATM,9,25.8,0
249,38038.0,Delhi,POS,20,387.0,1
659,7133.06,Chennai,Online,17,35.07,0
515,7744.99,Chennai,ATM,23,69.97,0
817,6118.06,Hyderabad,ATM,17,25.42,0
325,5523.39,Bangalore,POS,21,40.44,0
625,14.13,Chennai,ATM,15,48.29,0
126,36818.0,Chennai,Online,4,38.0,1
213,2897.54,Delhi,Online,15,2.58,0
985,5517.83,Hyderabad,POS,19,11.77,0
600,1532.16,Hyderabad,ATM,19,34.68,0
631,1436.49,Chennai,Online,20,21.42,0
516,9938.73,Chennai,ATM,6,61.91,0
782,5177.62,Hyderabad,POS,19,120.11,0
43,4416.58,Hyderabad,ATM,7,28.55,0
241,673.69,Chennai,Online,8,58.25,0
75,4188.06,Bangalore,POS,21,6.11,0
552,4523.37,Bangalore,POS,15,14.94,0
21,4572.21,Delhi,ATM,18,23.97,0
859,4824.33,Delhi,Online,10,108.24,0
964,1579.38,Chennai,Online,10,150.38,0
788,2648.01,Delhi,ATM,7,57.46,0
462,176.81,Mumbai,POS,14,90.97,0
258,5135.13,Bangalore,POS,8,83.57,0
114,2173.51,Delhi,POS,21,52.77,0
379,36525.0,Bangalore,Online,3,36.0,1
444,3391.19,Bangalore,ATM,14,74.85,0
151,1001.44,Delhi,POS,18,19.55,0
837,9141.67,Delhi,POS,16,25.93,0
467,2428.61,Delhi,ATM,22,6.85,0
26,2036.27,Hyderabad,Online,10,14.29,0
599,2318.65,Mumbai,ATM,7,38.43,0
953,1570.24,Chennai,Online,20,14.08,0
622,2204.8,Mumbai,POS,8,12.88,0
630,1162.63,Mumbai,ATM,23,24.46,0
909,3626.6,Mumbai,Online,23,16.06,0
740,321.05,Hyderabad,Online,14,39.74,0
78,1438.39,Chennai,POS,7,49.45,0
394,5118.73,Delhi,POS,9,27.68,0
154,30401.0,Hyderabad,Online,4,356.0,1
348,1652.13,Mumbai,ATM,18,68.55,0
340,244.58,Chennai,POS,15,110.93,0
145,2535.03,Mumbai,ATM,20,2.57,0
79,1960.99,Hyderabad,POS,17,26.02,0
516,2501.51,Delhi,Online,15,18.71,0
889,42319.0,Hyderabad,POS,4,385.0,1
479,3068.32,Bangalore,ATM,19,14.87,0
372,52.81,Hyderabad,POS,6,33.29,0
974,4514.45,Chennai,POS,20,1.78,0
83,25280.0,Mumbai,Online,1,9.0,1
208,3431.13,Bangalore,POS,9,35.34,0
318,5819.86,Mumbai,POS,16,50.41,0
842,4767.05,Hyderabad,ATM,11,10.82,0
736,875.63,Hyderabad,POS,22,47.46,0
785,3829.77,Delhi,Online,14,36.11,0
97,3563.42,Hyderabad,ATM,11,106.39,0
895,4949.93,Mumbai,ATM,12,79.57,0
334,167.01,Chennai,ATM,13,48.14,0
964,1442.64,Mumbai,Online,23,1.67,0
329,7233.82,Chennai,Online,11,20.39,0
47,5344.07,Delhi,ATM,21,60.78,0
90,5234.22,Mumbai,ATM,16,53.35,0
980,3585.6,Delhi,ATM,9,2.17,0
521,5275.49,Chennai,Online,20,72.75,0
981,3113.36,Bangalore,Online,15,21.32,0
846,3980.35,Bangalore,POS,12,34.27,0
240,3500.46,Bangalore,ATM,17,26.32,0
636,28010.0,Delhi,ATM,1,15.0,1
143,3657.65,Mumbai,Online,20,19.77,0
102,2518.2,Bangalore,POS,6,41.99,0
833,5371.35,Chennai,POS,17,9.06,0
841,2111.11,Chennai,ATM,11,57.02,0
278,984.04,Hyderabad,POS,13,21.43,0
713,3280.39,Hyderabad,POS,19,17.28,0
372,3967.12,Delhi,Online,16,33.86,0
805,1706.47,Bangalore,Online,16,3.39,0
924,3580.64,Mumbai,POS,6,49.42,0
563,2198.7,Chennai,POS,8,66.01,0
701,3985.58,Delhi,Online,19,79.42,0
928,2224.69,Mumbai,Online,23,69.11,0
887,1269.68,Delhi,Online,17,18.21,0
401,5427.87,Mumbai,Online,10,9.68,0
573,2121.8,Delhi,Online,7,33.44,0
96,3119.98,Delhi,ATM,19,39.33,0
161,33772.0,Delhi,ATM,5,469.0,1
512,276.35,Hyderabad,ATM,11,36.1,0
787,9888.87,Mumbai,POS,11,5.35,0
91,61.08,Hyderabad,Online,22,45.33,0
793,41232.0,Delhi,Online,21,302.0,1
556,1857.62,Delhi,Online,22,44.29,0
785,20639.0,Mumbai,Online,5,2.0,1
675,3459.16,Chennai,ATM,17,32.66,0
872,49256.0,Bangalore,Online,14,298.0,1
142,6739.37,Bangalore,POS,23,34.73,0
719,1179.36,Bangalore,POS,16,15.47,0
754,4719.86,Bangalore,Online,10,19.3,0
28,8376.33,Bangalore,Online,17,66.79,0
140,3472.82,Chennai,POS,10,36.85,0
738,1569.34,Hyderabad,POS,12,33.94,0
534,478.58,Delhi,Online,20,74.67,0
654,932.47,Delhi,POS,17,21.86,0
816,323.1,Bangalore,ATM,19,47.19,0
935,424.81,Delhi,ATM,12,80.0,0
135,42290.0,Delhi,Online,14,426.0,1
952,5274.12,Mumbai,POS,21,12.22,0
129,1215.52,Delhi,ATM,23,27.74,0
658,7160.29,Delhi,ATM,12,22.85,0
281,1639.9,Mumbai,Online,21,12.35,0
926,1707.99,Mumbai,POS,8,27.14,0
496,1913.33,Mumbai,Online,14,57.79,0
172,2312.64,Delhi,POS,14,134.13,0
977,136.73,Bangalore,Online,23,32.94,0
345,6611.28,Hyderabad,POS,15,62.9,0
296,3164.3,Bangalore,ATM,18,45.68,0
610,7244.99,Bangalore,POS,14,6.39,0
989,717.97,Chennai,Online,22,67.15,0
697,1943.11,Bangalore,Online,7,48.28,0
226,2130.91,Hyderabad,POS,9,29.07,0
219,7038.02,Hyderabad,Online,14,34.09,0
822,37075.0,Delhi,ATM,3,37.0,1
393,426.79,Delhi,ATM,19,47.78,0
681,3735.74,Bangalore,POS,10,28.87,0
752,3445.28,Mumbai,POS,7,51.67,0
115,4737.66,Mumbai,ATM,13,53.82,0
535,5034.59,Bangalore,POS,15,71.86,0
306,577.68,Hyderabad,ATM,15,97.85,0
329,3703.78,Hyderabad,POS,16,49.51,0
957,5146.42,Bangalore,ATM,14,15.63,0
85,2382.17,Bangalore,ATM,14,74.07,0
350,2344.08,Mumbai,Online,11,26.41,0
338,3767.28,Hyderabad,POS,17,95.68,0
576,5968.68,Bangalore,POS,8,77.02,0
720,5604.5,Chennai,POS,22,67.99,0
318,1757.47,Hyderabad,ATM,19,4.67,0
121,1698.92,Bangalore,ATM,23,97.4,0
31,554.95,Hyderabad,POS,19,26.99,0
988,2772.14,Hyderabad,POS,6,57.02,0
159,3244.03,Bangalore,POS,22,10.28,0
262,648.73,Hyderabad,Online,15,5.53,0
863,5206.25,Hyderabad,ATM,22,21.25,0
329,4285.57,Hyderabad,Online,17,32.27,0
324,1061.0,Delhi,POS,13,40.09,0
144,2804.15,Delhi,POS,10,14.19,0
212,4755.47,Bangalore,Online,15,2.45,0
425,1117.98,Bangalore,ATM,21,1.47,0
188,46026.0,Delhi,POS,12,321.0,1
521,766.18,Delhi,ATM,19,82.35,0
380,5428.89,Delhi,ATM,17,50.65,0
922,4421.84,Delhi,POS,12,82.25,0
168,4965.87,Chennai,POS,22,24.82,0
968,3089.7,Chennai,POS,14,86.48,0
288,1606.11,Delhi,ATM,17,33.44,0
595,53507.0,Delhi,ATM,18,99.0,1
375,112.72,Mumbai,Online,20,32.0,0
558,6197.59,Chennai,ATM,14,120.55,0
409,4821.04,Delhi,ATM,10,44.59,0
96,7300.56,Mumbai,POS,15,68.07,0
158,1096.53,Delhi,Online,19,12.74,0
847,7782.11,Hyderabad,ATM,7,55.63,0
69,618.73,Delhi,Online,11,37.25,0
744,5016.58,Chennai,ATM,15,16.67,0
760,2660.22,Bangalore,POS,9,58.49,0
845,3717.77,Bangalore,Online,7,34.43,0
661,1734.86,Chennai,Online,9,61.58,0
263,3674.24,Delhi,POS,22,47.0,0
705,873.96,Hyderabad,POS,18,18.95,1
659,2200.14,Chennai,POS,11,2.59,0
32,2521.51,Hyderabad,POS,22,72.82,0
168,5234.85,Bangalore,Online,22,49.09,0
140,4966.21,Mumbai,POS,18,69.56,0
133,1556.47,Mumbai,ATM,21,35.42,0
952,3492.01,Chennai,Online,20,32.5,0
887,864.13,Mumbai,Online,9,47.54,0
528,522.53,Delhi,POS,17,58.77,0
943,5924.92,Chennai,POS,12,67.18,0
914,46755.0,Hyderabad,POS,17,436.0,1
631,7949.41,Delhi,ATM,18,5.46,0
291,2541.6,Bangalore,POS,20,26.03,0
396,1828.81,Hyderabad,POS,8,37.11,0
668,3143.61,Chennai,ATM,14,20.25,0
403,2142.31,Mumbai,Online,19,38.13,0
683,4208.67,Chennai,POS,23,0.04,0
989,4102.84,Bangalore,ATM,23,1.04,0
154,5329.22,Hyderabad,POS,15,1.95,0
327,3874.76,Bangalore,Online,19,21.27,0
451,4516.58,Delhi,POS,22,62.64,0
338,658.84,Chennai,ATM,14,40.39,0
423,31530.0,Mumbai,Online,8,280.0,1
788,374.85,Mumbai,POS,13,42.1,0
34,2227.86,Mumbai,ATM,7,87.09,0
341,44.43,Chennai,Online,21,101.54,0
931,33192.0,Chennai,POS,4,307.0,1
607,927.24,Chennai,POS,21,46.24,0
16,664.9,Mumbai,ATM,19,45.52,0
759,665.53,Bangalore,ATM,12,47.63,0
916,3348.76,Mumbai,POS,16,67.5,0
150,3620.62,Delhi,POS,6,112.68,0
702,1354.97,Mumbai,Online,9,12.37,0
934,1277.1,Bangalore,POS,18,6.36,0
378,958.27,Bangalore,ATM,11,60.28,0
90,8033.35,Bangalore,POS,23,11.36,0
12,3936.37,Chennai,Online,16,10.31,0
987,36696.0,Delhi,ATM,7,27.0,1
734,2149.05,Bangalore,POS,6,6.89,0
85,1371.34,Mumbai,POS,7,65.72,0
526,3168.68,Delhi,Online,9,19.39,0
471,4824.84,Delhi,POS,6,46.77,0
829,435.54,Hyderabad,ATM,12,66.63,0
441,4305.08,Hyderabad,ATM,12,44.54,0
152,8757.98,Chennai,Online,17,112.2,0
803,4079.74,Delhi,Online,9,38.26,0
963,5254.97,Mumbai,ATM,14,19.2,0
974,300.51,Mumbai,Online,20,43.67,0
835,579.43,Bangalore,Online,9,39.64,0
607,55920.0,Delhi,ATM,11,321.0,1
928,2480.5,Chennai,POS,20,32.81,0
972,2087.6,Delhi,ATM,21,75.25,0
269,2257.11,Bangalore,Online,17,14.33,0
923,2996.96,Chennai,POS,11,32.96,0
462,1017.48,Mumbai,Online,14,27.51,0
943,1157.21,Delhi,Online,10,29.95,0
823,23.45,Chennai,POS,13,33.49,0
906,2490.7,Chennai,ATM,14,3.28,0
802,4082.31,Chennai,ATM,6,28.94,0
506,1140.07,Bangalore,Online,9,41.76,0
645,469.13,Bangalore,POS,22,63.34,0
923,2431.71,Mumbai,POS,20,33.11,0
159,524.03,Delhi,Online,7,3.62,0
210,5141.99,Mumbai,Online,17,56.44,0
526,39251.0,Delhi,Online,5,357.0,1
503,1845.87,Mumbai,Online,12,73.28,0
203,4047.05,Chennai,ATM,16,103.86,0
191,4087.5,Hyderabad,POS,13,15.14,0
347,684.08,Chennai,Online,17,11.9,0
558,3838.05,Delhi,Online,21,41.6,0
581,4015.18,Mumbai,Online,22,26.42,0
51,799.54,Hyderabad,Online,23,19.76,0
455,4319.56,Hyderabad,POS,23,10.16,0
43,42281.0,Hyderabad,Online,20,390.0,1
227,6454.45,Chennai,Online,18,11.66,0
405,2007.87,Mumbai,ATM,14,43.53,0
411,5667.69,Mumbai,ATM,6,57.46,0
811,1364.04,Chennai,ATM,13,5.66,0
858,11486.83,Bangalore,POS,18,3.07,0
655,1644.65,Chennai,Online,12,40.92,0
782,4940.79,Hyderabad,POS,22,18.49,0
64,5503.04,Bangalore,Online,6,49.7,0
589,308.27,Hyderabad,ATM,11,68.12,0
635,2042.83,Mumbai,Online,11,53.12,0
216,35117.0,Hyderabad,ATM,18,468.0,1
35,1977.61,Chennai,Online,15,30.55,0
285,2016.38,Chennai,Online,8,33.37,0
440,1022.82,Delhi,Online,10,29.25,0
59,698.8,Mumbai,ATM,12,71.2,0
696,41495.0,Delhi,ATM,23,126.0,1
216,26397.0,Delhi,POS,3,34.0,1
651,9665.52,Bangalore,ATM,11,9.63,0
84,3449.8,Hyderabad,ATM,18,29.92,0
631,2426.09,Bangalore,ATM,23,42.66,0
751,3446.46,Mumbai,POS,23,13.55,0
248,5959.64,Chennai,ATM,9,20.08,0
978,855.6,Hyderabad,Online,15,132.16,0
133,27163.0,Chennai,ATM,10,461.0,1
545,1661.36,Mumbai,Online,10,22.75,0
121,2536.32,Chennai,Online,14,3.51,0
476,26071.0,Bangalore,Online,10,273.0,1
459,3355.99,Chennai,ATM,13,32.25,0
887,3799.63,Bangalore,POS,18,77.92,0
636,1904.21,Hyderabad,Online,22,101.29,0
787,34191.0,Hyderabad,Online,4,497.0,1
174,44836.0,Chennai,Online,8,334.0,1
821,44615.0,Bangalore,ATM,19,369.0,1
143,1778.54,Mumbai,POS,12,88.0,0
208,1704.25,Bangalore,Online,8,97.0,0
648,3385.59,Chennai,POS,15,37.79,0
341,2384.58,Bangalore,POS,10,3.71,0
480,701.94,Mumbai,POS,8,14.04,0
690,7578.4,Bangalore,POS,13,49.95,0
286,1703.44,Bangalore,Online,20,26.93,0
406,950.63,Bangalore,POS,22,34.33,0
484,810.57,Hyderabad,ATM,10,28.72,0
511,1686.0,Chennai,ATM,18,92.53,0
694,5928.3,Bangalore,Online,16,113.52,0
62,1479.74,Bangalore,Online,9,34.9,0
285,6528.04,Chennai,POS,19,104.52,0
232,1503.61,Mumbai,Online,23,0.93,0
156,1770.27,Bangalore,ATM,13,73.73,0
681,1136.62,Mumbai,POS,9,95.75,0
576,1503.93,Chennai,ATM,14,42.0,0
749,3500.06,Bangalore,Online,9,23.36,0
